sale_id,sale_id.1,branch,city,customer_type,gender,product_name,product_category,unit_price,quantity,tax,total_price,reward_points,reward_points.1,sale_date,payment_method,rating
1,1,Los Angeles,Los Angeles,Member,Female,Food & Beverages,Food & Beverages,84.63,10.0,42.32,888.62,0.0,0.0,1/1/2024,Credit card,9.0
2,2,New York,New York,Normal,Female,Electronics,Electronics,63.22,2.0,6.32,132.76,0.0,0.0,1/1/2024,Cash,8.5
3,3,Los Angeles,Los Angeles,Normal,Female,Electronics,Electronics,74.71,6.0,22.41,470.67,0.0,0.0,1/1/2024,Cash,6.7
4,4,New York,New York,Member,Female,Sports & Travel,Sports & Travel,36.98,10.0,18.49,388.29,0.0,0.0,1/1/2024,Credit card,7.0
5,5,Chicago,Chicago,Member,Female,Sports & Travel,Sports & Travel,27.04,4.0,5.41,113.57,0.0,0.0,1/1/2024,Ewallet,6.9
6,6,Chicago,Chicago,Normal,Female,Fashion & Accs,Fashion & Accs,65.74,9.0,29.58,621.24,0.0,0.0,1/1/2024,Cash,7.7
7,7,Chicago,Chicago,Member,Male,Home & Lifestyle,Home & Lifestyle,47.59,8.0,19.04,399.76,0.0,0.0,1/1/2024,Cash,5.7
8,8,Chicago,Chicago,Normal,Male,Sports & Travel,Sports & Travel,72.61,6.0,21.78,457.44,0.0,0.0,1/1/2024,Credit card,6.9
9,9,New York,New York,Normal,Male,Health & Beauty,Health & Beauty,62.87,2.0,6.29,132.03,0.0,0.0,1/1/2024,Cash,5.0
10,10,Los Angeles,Los Angeles,Normal,Male,Food & Beverages,Food & Beverages,21.12,8.0,8.45,177.41,0.0,0.0,1/1/2024,Cash,6.3
11,11,New York,New York,Member,Female,Sports & Travel,Sports & Travel,29.22,6.0,8.77,184.09,0.0,0.0,1/1/2024,Ewallet,5.0
12,12,Chicago,Chicago,Member,Female,Electronics,Electronics,74.22,10.0,37.11,779.31,0.0,0.0,1/1/2024,Credit card,4.3
13,13,Chicago,Chicago,Normal,Male,Sports & Travel,Sports & Travel,42.47,1.0,2.12,44.59,0.0,0.0,1/2/2024,Cash,5.7
14,14,Los Angeles,Los Angeles,Member,Male,Fashion & Accs,Fashion & Accs,40.61,9.0,18.27,383.76,0.0,0.0,1/2/2024,Cash,7.0
15,15,Los Angeles,Los Angeles,Normal,Male,Sports & Travel,Sports & Travel,44.63,6.0,13.39,281.17,0.0,0.0,1/2/2024,Credit card,5.1
16,16,Chicago,Chicago,Member,Male,Food & Beverages,Food & Beverages,41.66,6.0,12.5,262.46,0.0,0.0,1/2/2024,Ewallet,5.6
17,17,New York,New York,Member,Female,Sports & Travel,Sports & Travel,31.67,8.0,12.67,266.03,0.0,0.0,1/2/2024,Credit card,5.6
18,18,Los Angeles,Los Angeles,Normal,Female,Health & Beauty,Health & Beauty,34.21,10.0,17.1,359.2,0.0,0.0,1/2/2024,Cash,5.1
19,19,Los Angeles,Los Angeles,Normal,Male,Electronics,Electronics,22.01,6.0,6.6,138.66,0.0,0.0,1/2/2024,Cash,7.6
20,20,New York,New York,Normal,Male,Fashion & Accs,Fashion & Accs,99.82,2.0,9.98,209.62,0.0,0.0,1/2/2024,Credit card,6.7
21,21,Los Angeles,Los Angeles,Normal,Female,Home & Lifestyle,Home & Lifestyle,63.15,6.0,18.94,397.84,0.0,0.0,1/3/2024,Ewallet,9.8
22,22,New York,New York,Member,Male,Health & Beauty,Health & Beauty,75.88,1.0,3.79,79.67,0.0,0.0,1/3/2024,Credit card,7.1
23,23,Los Angeles,Los Angeles,Normal,Male,Sports & Travel,Sports & Travel,93.38,1.0,4.67,98.05,0.0,0.0,1/3/2024,Cash,9.6
24,24,Chicago,Chicago,Normal,Male,Health & Beauty,Health & Beauty,70.01,5.0,17.5,367.55,0.0,0.0,1/3/2024,Ewallet,5.5
25,25,Chicago,Chicago,Normal,Female,Health & Beauty,Health & Beauty,23.03,9.0,10.36,217.63,0.0,0.0,1/3/2024,Ewallet,7.9
26,26,New York,New York,Member,Female,Health & Beauty,Health & Beauty,21.12,2.0,2.11,44.35,0.0,0.0,1/3/2024,Cash,9.7
27,27,Chicago,Chicago,Normal,Female,Home & Lifestyle,Home & Lifestyle,67.09,5.0,16.77,352.22,0.0,0.0,1/3/2024,Credit card,9.1
28,28,Los Angeles,Los Angeles,Member,Male,Health & Beauty,Health & Beauty,62.0,8.0,24.8,520.8,0.0,0.0,1/3/2024,Credit card,6.2
29,29,Los Angeles,Los Angeles,Normal,Male,Sports & Travel,Sports & Travel,46.42,3.0,6.96,146.22,0.0,0.0,1/4/2024,Credit card,4.4
30,30,Chicago,Chicago,Member,Male,Health & Beauty,Health & Beauty,20.97,5.0,5.24,110.09,0.0,0.0,1/4/2024,Cash,7.8
31,31,New York,New York,Member,Female,Electronics,Electronics,66.65,9.0,29.99,629.84,0.0,0.0,1/4/2024,Credit card,9.7
32,32,Chicago,Chicago,Member,Female,Home & Lifestyle,Home & Lifestyle,35.54,10.0,17.77,373.17,0.0,0.0,1/4/2024,Ewallet,7.0
33,33,Los Angeles,Los Angeles,Member,Female,Fashion & Accs,Fashion & Accs,68.71,4.0,13.74,288.58,0.0,0.0,1/4/2024,Cash,4.1
34,34,Los Angeles,Los Angeles,Member,Male,Electronics,Electronics,72.17,1.0,3.61,75.78,0.0,0.0,1/4/2024,Cash,6.1
35,35,New York,New York,Member,Female,Fashion & Accs,Fashion & Accs,31.9,1.0,1.6,33.5,0.0,0.0,1/5/2024,Ewallet,9.1
36,36,New York,New York,Normal,Male,Fashion & Accs,Fashion & Accs,27.38,6.0,8.21,172.49,0.0,0.0,1/5/2024,Credit card,7.9
37,37,Los Angeles,Los Angeles,Member,Female,Home & Lifestyle,Home & Lifestyle,35.38,9.0,15.92,334.34,0.0,0.0,1/5/2024,Credit card,9.6
38,38,New York,New York,Normal,Female,Fashion & Accs,Fashion & Accs,76.06,3.0,11.41,239.59,0.0,0.0,1/5/2024,Credit card,9.8
39,39,Chicago,Chicago,Member,Female,Health & Beauty,Health & Beauty,74.69,7.0,26.14,548.97,0.0,0.0,1/5/2024,Ewallet,9.1
40,40,Los Angeles,Los Angeles,Normal,Female,Food & Beverages,Food & Beverages,71.2,1.0,3.56,74.76,0.0,0.0,1/5/2024,Credit card,9.2
41,41,Chicago,Chicago,Member,Male,Home & Lifestyle,Home & Lifestyle,70.74,4.0,14.15,297.11,0.0,0.0,1/5/2024,Credit card,4.4
42,42,Chicago,Chicago,Normal,Female,Electronics,Electronics,93.88,7.0,32.86,690.02,0.0,0.0,1/5/2024,Credit card,7.3
43,43,New York,New York,Normal,Female,Health & Beauty,Health & Beauty,78.89,7.0,27.61,579.84,0.0,0.0,1/5/2024,Ewallet,7.5
44,44,Los Angeles,Los Angeles,Member,Female,Fashion & Accs,Fashion & Accs,73.96,1.0,3.7,77.66,0.0,0.0,1/5/2024,Credit card,5.0
45,45,Chicago,Chicago,Member,Male,Home & Lifestyle,Home & Lifestyle,62.65,4.0,12.53,263.13,0.0,0.0,1/5/2024,Cash,4.2
46,46,Chicago,Chicago,Normal,Female,Home & Lifestyle,Home & Lifestyle,42.91,5.0,10.73,225.28,0.0,0.0,1/5/2024,Ewallet,6.1
47,47,Los Angeles,Los Angeles,Normal,Male,Home & Lifestyle,Home & Lifestyle,62.19,4.0,12.44,261.2,0.0,0.0,1/6/2024,Ewallet,4.3
48,48,New York,New York,Normal,Male,Food & Beverages,Food & Beverages,89.48,10.0,44.74,939.54,0.0,0.0,1/6/2024,Credit card,9.6
49,49,Chicago,Chicago,Normal,Female,Sports & Travel,Sports & Travel,15.34,1.0,0.77,16.11,0.0,0.0,1/6/2024,Cash,6.5
50,50,Los Angeles,Los Angeles,Member,Male,Health & Beauty,Health & Beauty,80.47,9.0,36.21,760.44,0.0,0.0,1/6/2024,Cash,9.2
51,51,Chicago,Chicago,Member,Male,Home & Lifestyle,Home & Lifestyle,58.9,8.0,23.56,494.76,0.0,0.0,1/6/2024,Cash,8.9
52,52,New York,New York,Normal,Female,Fashion & Accs,Fashion & Accs,81.68,4.0,16.34,343.06,0.0,0.0,1/6/2024,Cash,9.1
53,53,Chicago,Chicago,Normal,Female,Food & Beverages,Food & Beverages,40.94,5.0,10.24,214.94,0.0,0.0,1/6/2024,Ewallet,9.9
54,54,Chicago,Chicago,Normal,Male,Sports & Travel,Sports & Travel,64.59,4.0,12.92,271.28,0.0,0.0,1/6/2024,Ewallet,9.3
55,55,Chicago,Chicago,Normal,Female,Fashion & Accs,Fashion & Accs,42.57,7.0,14.9,312.89,0.0,0.0,1/6/2024,Cash,6.8
56,56,Los Angeles,Los Angeles,Normal,Male,Fashion & Accs,Fashion & Accs,47.97,7.0,16.79,352.58,0.0,0.0,1/7/2024,Cash,6.2
57,57,New York,New York,Member,Female,Home & Lifestyle,Home & Lifestyle,21.82,10.0,10.91,229.11,0.0,0.0,1/7/2024,Cash,7.1
58,58,New York,New York,Normal,Male,Food & Beverages,Food & Beverages,27.22,3.0,4.08,85.74,0.0,0.0,1/7/2024,Cash,7.3
59,59,New York,New York,Member,Female,Sports & Travel,Sports & Travel,68.12,1.0,3.41,71.53,0.0,0.0,1/7/2024,Ewallet,6.8
60,60,Chicago,Chicago,Member,Male,Electronics,Electronics,77.72,4.0,15.54,326.42,0.0,0.0,1/7/2024,Credit card,8.8
61,61,Chicago,Chicago,Member,Female,Home & Lifestyle,Home & Lifestyle,21.54,9.0,9.69,203.55,0.0,0.0,1/7/2024,Credit card,8.8
62,62,Los Angeles,Los Angeles,Member,Female,Fashion & Accs,Fashion & Accs,97.61,6.0,29.28,614.94,0.0,0.0,1/7/2024,Ewallet,9.9
63,63,Chicago,Chicago,Normal,Male,Sports & Travel,Sports & Travel,60.95,9.0,27.43,575.98,0.0,0.0,1/7/2024,Credit card,6.0
64,64,Los Angeles,Los Angeles,Member,Female,Food & Beverages,Food & Beverages,89.14,4.0,17.83,374.39,0.0,0.0,1/7/2024,Credit card,7.8
65,65,New York,New York,Member,Female,Fashion & Accs,Fashion & Accs,51.89,7.0,18.16,381.39,0.0,0.0,1/8/2024,Cash,4.5
66,66,Los Angeles,Los Angeles,Member,Female,Food & Beverages,Food & Beverages,33.21,10.0,16.6,348.7,0.0,0.0,1/8/2024,Ewallet,6.0
67,67,New York,New York,Normal,Female,Fashion & Accs,Fashion & Accs,31.73,9.0,14.28,299.85,0.0,0.0,1/8/2024,Credit card,5.9
68,68,Los Angeles,Los Angeles,Member,Female,Home & Lifestyle,Home & Lifestyle,49.1,2.0,4.91,103.11,0.0,0.0,1/8/2024,Credit card,6.4
69,69,New York,New York,Normal,Female,Home & Lifestyle,Home & Lifestyle,45.38,4.0,9.08,190.6,0.0,0.0,1/8/2024,Credit card,8.7
70,70,New York,New York,Member,Male,Home & Lifestyle,Home & Lifestyle,55.57,3.0,8.34,175.05,0.0,0.0,1/8/2024,Credit card,5.9
71,71,New York,New York,Member,Female,Food & Beverages,Food & Beverages,68.54,8.0,27.42,575.74,0.0,0.0,1/8/2024,Ewallet,8.5
72,72,Los Angeles,Los Angeles,Member,Male,Fashion & Accs,Fashion & Accs,65.23,10.0,32.62,684.92,0.0,0.0,1/8/2024,Credit card,5.2
73,73,New York,New York,Normal,Male,Fashion & Accs,Fashion & Accs,12.78,1.0,0.64,13.42,0.0,0.0,1/8/2024,Ewallet,9.5
74,74,Los Angeles,Los Angeles,Member,Female,Food & Beverages,Food & Beverages,74.6,10.0,37.3,783.3,0.0,0.0,1/8/2024,Cash,9.5
75,75,Los Angeles,Los Angeles,Member,Female,Sports & Travel,Sports & Travel,64.83,2.0,6.48,136.14,0.0,0.0,1/8/2024,Credit card,8.0
76,76,Chicago,Chicago,Normal,Male,Sports & Travel,Sports & Travel,37.14,5.0,9.28,194.98,0.0,0.0,1/8/2024,Ewallet,5.0
77,77,Chicago,Chicago,Normal,Female,Electronics,Electronics,50.23,4.0,10.05,210.97,0.0,0.0,1/8/2024,Cash,9.0
78,78,Chicago,Chicago,Member,Male,Sports & Travel,Sports & Travel,12.76,2.0,1.28,26.8,0.0,0.0,1/8/2024,Ewallet,7.8
79,79,Chicago,Chicago,Member,Female,Electronics,Electronics,79.59,3.0,11.94,250.71,0.0,0.0,1/8/2024,Cash,6.6
80,80,Los Angeles,Los Angeles,Member,Female,Sports & Travel,Sports & Travel,48.5,3.0,7.28,152.78,0.0,0.0,1/8/2024,Cash,6.7
81,81,New York,New York,Member,Male,Food & Beverages,Food & Beverages,24.31,3.0,3.65,76.58,0.0,0.0,1/8/2024,Credit card,4.3
82,82,New York,New York,Member,Female,Food & Beverages,Food & Beverages,72.88,9.0,32.8,688.72,0.0,0.0,1/8/2024,Cash,4.0
83,83,Los Angeles,Los Angeles,Member,Female,Sports & Travel,Sports & Travel,11.85,8.0,4.74,99.54,0.0,0.0,1/9/2024,Cash,4.1
84,84,New York,New York,Normal,Male,Electronics,Electronics,96.37,7.0,33.73,708.32,0.0,0.0,1/9/2024,Cash,6.0
85,85,New York,New York,Normal,Female,Fashion & Accs,Fashion & Accs,49.32,6.0,14.8,310.72,0.0,0.0,1/9/2024,Ewallet,7.1
86,86,Los Angeles,Los Angeles,Member,Female,Home & Lifestyle,Home & Lifestyle,21.9,3.0,3.28,68.98,0.0,0.0,1/9/2024,Ewallet,4.7
87,87,Chicago,Chicago,Member,Male,Fashion & Accs,Fashion & Accs,38.54,5.0,9.64,202.34,0.0,0.0,1/9/2024,Ewallet,5.6
88,88,New York,New York,Member,Male,Fashion & Accs,Fashion & Accs,49.04,9.0,22.07,463.43,0.0,0.0,1/9/2024,Credit card,8.6
89,89,New York,New York,Normal,Female,Home & Lifestyle,Home & Lifestyle,15.8,10.0,7.9,165.9,0.0,0.0,1/9/2024,Cash,7.8
90,90,New York,New York,Normal,Female,Sports & Travel,Sports & Travel,95.44,10.0,47.72,1002.12,0.0,0.0,1/9/2024,Cash,5.2
91,91,Los Angeles,Los Angeles,Normal,Female,Fashion & Accs,Fashion & Accs,79.86,7.0,27.95,586.97,0.0,0.0,1/10/2024,Credit card,5.5
92,92,New York,New York,Member,Male,Electronics,Electronics,74.79,5.0,18.7,392.65,0.0,0.0,1/10/2024,Cash,4.9
93,93,Chicago,Chicago,Member,Female,Health & Beauty,Health & Beauty,36.26,2.0,3.63,76.15,0.0,0.0,1/10/2024,Credit card,7.2
94,94,Los Angeles,Los Angeles,Normal,Female,Electronics,Electronics,13.78,4.0,2.76,57.88,0.0,0.0,1/10/2024,Ewallet,9.0
95,95,New York,New York,Member,Male,Food & Beverages,Food & Beverages,50.49,9.0,22.72,477.13,0.0,0.0,1/10/2024,Cash,5.4
96,96,Chicago,Chicago,Member,Male,Home & Lifestyle,Home & Lifestyle,78.38,6.0,23.51,493.79,0.0,0.0,1/10/2024,Ewallet,5.8
97,97,Chicago,Chicago,Member,Female,Sports & Travel,Sports & Travel,21.98,7.0,7.69,161.55,0.0,0.0,1/10/2024,Ewallet,5.1
98,98,New York,New York,Normal,Female,Sports & Travel,Sports & Travel,83.14,7.0,29.1,611.08,0.0,0.0,1/10/2024,Credit card,6.6
99,99,Los Angeles,Los Angeles,Normal,Male,Sports & Travel,Sports & Travel,83.78,8.0,33.51,703.75,0.0,0.0,1/10/2024,Cash,5.1
100,100,Chicago,Chicago,Normal,Male,Food & Beverages,Food & Beverages,24.94,9.0,11.22,235.68,0.0,0.0,1/11/2024,Credit card,5.6
101,101,Chicago,Chicago,Normal,Male,Fashion & Accs,Fashion & Accs,89.69,1.0,4.48,94.17,0.0,0.0,1/11/2024,Ewallet,4.9
102,102,New York,New York,Member,Female,Food & Beverages,Food & Beverages,36.77,7.0,12.87,270.26,0.0,0.0,1/11/2024,Cash,7.4
103,103,Chicago,Chicago,Member,Male,Sports & Travel,Sports & Travel,82.33,4.0,16.47,345.79,0.0,0.0,1/11/2024,Credit card,7.5
104,104,New York,New York,Member,Female,Sports & Travel,Sports & Travel,87.16,2.0,8.72,183.04,0.0,0.0,1/11/2024,Credit card,9.7
105,105,Chicago,Chicago,Member,Male,Food & Beverages,Food & Beverages,48.5,6.0,14.55,305.55,0.0,0.0,1/11/2024,Ewallet,9.4
106,106,Chicago,Chicago,Normal,Female,Home & Lifestyle,Home & Lifestyle,96.52,6.0,28.96,608.08,0.0,0.0,1/11/2024,Cash,4.5
107,107,Chicago,Chicago,Normal,Male,Food & Beverages,Food & Beverages,13.79,5.0,3.45,72.4,0.0,0.0,1/11/2024,Credit card,7.8
108,108,New York,New York,Member,Male,Sports & Travel,Sports & Travel,57.12,7.0,19.99,419.83,0.0,0.0,1/12/2024,Credit card,6.5
109,109,Los Angeles,Los Angeles,Normal,Female,Health & Beauty,Health & Beauty,57.22,2.0,5.72,120.16,0.0,0.0,1/12/2024,Ewallet,8.3
110,110,Los Angeles,Los Angeles,Member,Male,Electronics,Electronics,91.56,8.0,36.62,769.1,0.0,0.0,1/12/2024,Ewallet,6.0
111,111,Los Angeles,Los Angeles,Member,Female,Health & Beauty,Health & Beauty,27.07,1.0,1.35,28.42,0.0,0.0,1/12/2024,Credit card,5.3
112,112,Los Angeles,Los Angeles,Normal,Female,Fashion & Accs,Fashion & Accs,83.25,10.0,41.62,874.12,0.0,0.0,1/12/2024,Credit card,4.4
113,113,Chicago,Chicago,Member,Male,Electronics,Electronics,88.67,10.0,44.34,931.04,0.0,0.0,1/12/2024,Ewallet,7.3
114,114,Chicago,Chicago,Normal,Female,Fashion & Accs,Fashion & Accs,29.42,10.0,14.71,308.91,0.0,0.0,1/12/2024,Ewallet,8.9
115,115,Chicago,Chicago,Member,Female,Fashion & Accs,Fashion & Accs,20.01,9.0,9.0,189.09,0.0,0.0,1/12/2024,Credit card,5.7
116,116,Los Angeles,Los Angeles,Normal,Male,Sports & Travel,Sports & Travel,23.01,6.0,6.9,144.96,0.0,0.0,1/12/2024,Ewallet,7.9
117,117,New York,New York,Normal,Male,Home & Lifestyle,Home & Lifestyle,97.5,10.0,48.75,1023.75,0.0,0.0,1/12/2024,Ewallet,8.0
118,118,Los Angeles,Los Angeles,Normal,Female,Home & Lifestyle,Home & Lifestyle,51.07,7.0,17.87,375.36,0.0,0.0,1/12/2024,Cash,7.0
119,119,Los Angeles,Los Angeles,Member,Male,Sports & Travel,Sports & Travel,72.6,6.0,21.78,457.38,0.0,0.0,1/13/2024,Cash,6.9
120,120,Chicago,Chicago,Member,Male,Home & Lifestyle,Home & Lifestyle,81.01,3.0,12.15,255.18,0.0,0.0,1/13/2024,Credit card,9.3
121,121,New York,New York,Member,Female,Fashion & Accs,Fashion & Accs,74.29,1.0,3.71,78.0,0.0,0.0,1/13/2024,Cash,5.0
122,122,Chicago,Chicago,Normal,Female,Electronics,Electronics,23.46,6.0,7.04,147.8,0.0,0.0,1/13/2024,Ewallet,6.4
123,123,Chicago,Chicago,Member,Female,Health & Beauty,Health & Beauty,39.62,9.0,17.83,374.41,0.0,0.0,1/13/2024,Credit card,6.8
124,124,New York,New York,Member,Female,Food & Beverages,Food & Beverages,21.04,4.0,4.21,88.37,0.0,0.0,1/13/2024,Cash,7.6
125,125,Los Angeles,Los Angeles,Member,Male,Fashion & Accs,Fashion & Accs,59.86,2.0,5.99,125.71,0.0,0.0,1/13/2024,Ewallet,6.7
126,126,Los Angeles,Los Angeles,Normal,Male,Food & Beverages,Food & Beverages,72.39,2.0,7.24,152.02,0.0,0.0,1/13/2024,Credit card,8.1
127,127,Chicago,Chicago,Normal,Male,Sports & Travel,Sports & Travel,45.58,7.0,15.95,335.01,0.0,0.0,1/13/2024,Cash,5.0
128,128,New York,New York,Normal,Female,Electronics,Electronics,41.65,10.0,20.83,437.33,0.0,0.0,1/13/2024,Credit card,5.4
129,129,New York,New York,Member,Male,Health & Beauty,Health & Beauty,60.47,3.0,9.07,190.48,0.0,0.0,1/14/2024,Credit card,5.6
130,130,Los Angeles,Los Angeles,Normal,Female,Sports & Travel,Sports & Travel,34.81,1.0,1.74,36.55,0.0,0.0,1/14/2024,Credit card,7.0
131,131,Los Angeles,Los Angeles,Member,Female,Fashion & Accs,Fashion & Accs,18.08,4.0,3.62,75.94,0.0,0.0,1/14/2024,Credit card,9.5
132,132,Chicago,Chicago,Member,Female,Fashion & Accs,Fashion & Accs,96.7,5.0,24.18,507.68,0.0,0.0,1/14/2024,Ewallet,7.0
133,133,Los Angeles,Los Angeles,Normal,Female,Food & Beverages,Food & Beverages,99.69,5.0,24.92,523.37,0.0,0.0,1/14/2024,Cash,9.9
134,134,Los Angeles,Los Angeles,Normal,Female,Health & Beauty,Health & Beauty,17.75,1.0,0.89,18.64,0.0,0.0,1/14/2024,Cash,8.6
135,135,New York,New York,Normal,Male,Food & Beverages,Food & Beverages,84.83,1.0,4.24,89.07,0.0,0.0,1/14/2024,Ewallet,8.8
136,136,New York,New York,Normal,Male,Health & Beauty,Health & Beauty,53.19,7.0,18.62,390.95,0.0,0.0,1/14/2024,Ewallet,5.0
137,137,Los Angeles,Los Angeles,Normal,Male,Food & Beverages,Food & Beverages,73.06,7.0,25.57,536.99,0.0,0.0,1/14/2024,Credit card,4.2
138,138,New York,New York,Normal,Male,Food & Beverages,Food & Beverages,31.77,4.0,6.35,133.43,0.0,0.0,1/14/2024,Ewallet,6.2
139,139,New York,New York,Member,Female,Electronics,Electronics,44.84,9.0,20.18,423.74,0.0,0.0,1/14/2024,Credit card,7.5
140,140,Chicago,Chicago,Member,Male,Fashion & Accs,Fashion & Accs,56.04,10.0,28.02,588.42,0.0,0.0,1/14/2024,Ewallet,4.4
141,141,New York,New York,Normal,Male,Electronics,Electronics,61.41,7.0,21.49,451.36,0.0,0.0,1/14/2024,Cash,9.8
142,142,Chicago,Chicago,Member,Female,Home & Lifestyle,Home & Lifestyle,89.21,9.0,40.14,843.03,0.0,0.0,1/15/2024,Credit card,6.5
143,143,Los Angeles,Los Angeles,Normal,Male,Electronics,Electronics,75.66,5.0,18.92,397.22,0.0,0.0,1/15/2024,Ewallet,7.8
144,144,Los Angeles,Los Angeles,Normal,Female,Home & Lifestyle,Home & Lifestyle,97.37,10.0,48.68,1022.38,0.0,0.0,1/15/2024,Credit card,4.9
145,145,Chicago,Chicago,Normal,Female,Sports & Travel,Sports & Travel,19.1,7.0,6.69,140.39,0.0,0.0,1/15/2024,Cash,9.7
146,146,Chicago,Chicago,Member,Male,Food & Beverages,Food & Beverages,83.77,2.0,8.38,175.92,0.0,0.0,1/15/2024,Credit card,7.0
147,147,New York,New York,Normal,Male,Electronics,Electronics,55.87,10.0,27.94,586.64,0.0,0.0,1/15/2024,Cash,5.8
148,148,Los Angeles,Los Angeles,Member,Male,Health & Beauty,Health & Beauty,66.47,10.0,33.24,697.94,0.0,0.0,1/15/2024,Credit card,5.0
149,149,Los Angeles,Los Angeles,Member,Female,Sports & Travel,Sports & Travel,93.72,6.0,28.12,590.44,0.0,0.0,1/15/2024,Cash,4.5
150,150,Chicago,Chicago,Normal,Female,Home & Lifestyle,Home & Lifestyle,11.43,6.0,3.43,72.01,0.0,0.0,1/15/2024,Cash,7.7
151,151,Los Angeles,Los Angeles,Normal,Female,Fashion & Accs,Fashion & Accs,73.52,2.0,7.35,154.39,0.0,0.0,1/15/2024,Ewallet,4.6
152,152,New York,New York,Member,Male,Health & Beauty,Health & Beauty,81.23,7.0,28.43,597.04,0.0,0.0,1/15/2024,Cash,9.0
153,153,New York,New York,Member,Male,Food & Beverages,Food & Beverages,17.44,5.0,4.36,91.56,0.0,0.0,1/15/2024,Cash,8.1
154,154,Chicago,Chicago,Normal,Female,Electronics,Electronics,60.88,9.0,27.4,575.32,0.0,0.0,1/15/2024,Ewallet,4.7
155,155,New York,New York,Normal,Male,Home & Lifestyle,Home & Lifestyle,95.58,10.0,47.79,1003.59,0.0,0.0,1/16/2024,Cash,4.8
156,156,Los Angeles,Los Angeles,Member,Female,Sports & Travel,Sports & Travel,90.74,7.0,31.76,666.94,0.0,0.0,1/16/2024,Credit card,6.2
157,157,New York,New York,Normal,Female,Food & Beverages,Food & Beverages,93.26,9.0,41.97,881.31,0.0,0.0,1/16/2024,Cash,8.8
158,158,New York,New York,Member,Male,Sports & Travel,Sports & Travel,17.14,7.0,6.0,125.98,0.0,0.0,1/16/2024,Credit card,7.9
159,159,Los Angeles,Los Angeles,Normal,Male,Fashion & Accs,Fashion & Accs,39.21,4.0,7.84,164.68,0.0,0.0,1/16/2024,Credit card,9.0
160,160,Chicago,Chicago,Member,Male,Home & Lifestyle,Home & Lifestyle,63.56,10.0,31.78,667.38,0.0,0.0,1/16/2024,Cash,4.3
161,161,New York,New York,Member,Female,Sports & Travel,Sports & Travel,15.49,2.0,1.55,32.53,0.0,0.0,1/16/2024,Cash,6.3
162,162,Los Angeles,Los Angeles,Member,Male,Fashion & Accs,Fashion & Accs,51.36,1.0,2.57,53.93,0.0,0.0,1/16/2024,Ewallet,5.2
163,163,Chicago,Chicago,Normal,Female,Sports & Travel,Sports & Travel,93.18,2.0,9.32,195.68,0.0,0.0,1/16/2024,Credit card,8.5
164,164,New York,New York,Normal,Female,Food & Beverages,Food & Beverages,52.6,9.0,23.67,497.07,0.0,0.0,1/16/2024,Cash,7.6
165,165,Los Angeles,Los Angeles,Normal,Female,Sports & Travel,Sports & Travel,40.62,2.0,4.06,85.3,0.0,0.0,1/17/2024,Credit card,4.1
166,166,Chicago,Chicago,Normal,Female,Food & Beverages,Food & Beverages,81.21,10.0,40.6,852.7,0.0,0.0,1/17/2024,Credit card,6.3
167,167,Los Angeles,Los Angeles,Member,Male,Food & Beverages,Food & Beverages,57.89,2.0,5.79,121.57,0.0,0.0,1/17/2024,Ewallet,8.9
168,168,Chicago,Chicago,Normal,Male,Home & Lifestyle,Home & Lifestyle,21.52,6.0,6.46,135.58,0.0,0.0,1/17/2024,Credit card,9.4
169,169,Los Angeles,Los Angeles,Member,Female,Home & Lifestyle,Home & Lifestyle,94.59,7.0,33.11,695.24,0.0,0.0,1/17/2024,Credit card,4.9
170,170,New York,New York,Member,Female,Health & Beauty,Health & Beauty,62.82,2.0,6.28,131.92,0.0,0.0,1/17/2024,Ewallet,4.9
171,171,New York,New York,Member,Male,Food & Beverages,Food & Beverages,65.65,2.0,6.57,137.87,0.0,0.0,1/17/2024,Cash,6.0
172,172,New York,New York,Member,Male,Sports & Travel,Sports & Travel,71.92,5.0,17.98,377.58,0.0,0.0,1/17/2024,Credit card,4.3
173,173,Chicago,Chicago,Normal,Male,Sports & Travel,Sports & Travel,25.7,3.0,3.86,80.96,0.0,0.0,1/17/2024,Ewallet,6.1
174,174,Los Angeles,Los Angeles,Member,Female,Home & Lifestyle,Home & Lifestyle,86.72,1.0,4.34,91.06,0.0,0.0,1/17/2024,Ewallet,7.9
175,175,Chicago,Chicago,Normal,Male,Sports & Travel,Sports & Travel,58.91,7.0,20.62,432.99,0.0,0.0,1/17/2024,Ewallet,9.7
176,176,Chicago,Chicago,Member,Female,Fashion & Accs,Fashion & Accs,88.15,3.0,13.22,277.67,0.0,0.0,1/18/2024,Ewallet,7.9
177,177,New York,New York,Normal,Female,Health & Beauty,Health & Beauty,39.42,1.0,1.97,41.39,0.0,0.0,1/18/2024,Cash,8.4
178,178,Chicago,Chicago,Normal,Female,Electronics,Electronics,26.31,5.0,6.58,138.13,0.0,0.0,1/18/2024,Credit card,8.8
179,179,New York,New York,Normal,Male,Fashion & Accs,Fashion & Accs,60.74,7.0,21.26,446.44,0.0,0.0,1/18/2024,Ewallet,5.0
180,180,Los Angeles,Los Angeles,Normal,Male,Food & Beverages,Food & Beverages,19.79,8.0,7.92,166.24,0.0,0.0,1/18/2024,Ewallet,8.7
181,181,Chicago,Chicago,Member,Male,Home & Lifestyle,Home & Lifestyle,19.36,9.0,8.71,182.95,0.0,0.0,1/18/2024,Ewallet,8.7
182,182,Chicago,Chicago,Member,Male,Sports & Travel,Sports & Travel,89.06,6.0,26.72,561.08,0.0,0.0,1/18/2024,Cash,9.9
183,183,New York,New York,Member,Female,Sports & Travel,Sports & Travel,90.63,9.0,40.78,856.45,0.0,0.0,1/18/2024,Cash,5.1
184,184,Los Angeles,Los Angeles,Member,Female,Fashion & Accs,Fashion & Accs,17.48,6.0,5.24,110.12,0.0,0.0,1/18/2024,Credit card,6.1
185,185,Los Angeles,Los Angeles,Member,Female,Electronics,Electronics,12.1,8.0,4.84,101.64,0.0,0.0,1/19/2024,Ewallet,8.6
186,186,New York,New York,Member,Male,Sports & Travel,Sports & Travel,80.93,1.0,4.05,84.98,0.0,0.0,1/19/2024,Credit card,9.0
187,187,Chicago,Chicago,Normal,Female,Fashion & Accs,Fashion & Accs,99.1,6.0,29.73,624.33,0.0,0.0,1/19/2024,Cash,4.2
188,188,Los Angeles,Los Angeles,Normal,Male,Sports & Travel,Sports & Travel,63.06,3.0,9.46,198.64,0.0,0.0,1/19/2024,Ewallet,7.0
189,189,Chicago,Chicago,Normal,Male,Sports & Travel,Sports & Travel,64.19,10.0,32.1,674.0,0.0,0.0,1/19/2024,Credit card,6.7
190,190,Chicago,Chicago,Normal,Female,Home & Lifestyle,Home & Lifestyle,45.68,10.0,22.84,479.64,0.0,0.0,1/19/2024,Ewallet,5.7
191,191,New York,New York,Member,Male,Food & Beverages,Food & Beverages,59.59,4.0,11.92,250.28,0.0,0.0,1/19/2024,Cash,9.8
192,192,Chicago,Chicago,Member,Male,Electronics,Electronics,11.94,3.0,1.79,37.61,0.0,0.0,1/19/2024,Credit card,8.1
193,193,New York,New York,Normal,Female,Electronics,Electronics,56.13,4.0,11.23,235.75,0.0,0.0,1/19/2024,Ewallet,8.6
194,194,New York,New York,Normal,Female,Food & Beverages,Food & Beverages,43.18,8.0,17.27,362.71,0.0,0.0,1/19/2024,Credit card,8.3
195,195,Los Angeles,Los Angeles,Member,Male,Electronics,Electronics,52.89,6.0,15.87,333.21,0.0,0.0,1/19/2024,Credit card,9.8
196,196,Chicago,Chicago,Normal,Male,Food & Beverages,Food & Beverages,33.88,8.0,13.55,284.59,0.0,0.0,1/19/2024,Ewallet,9.6
197,197,Chicago,Chicago,Member,Male,Sports & Travel,Sports & Travel,67.26,4.0,13.45,282.49,0.0,0.0,1/19/2024,Credit card,8.0
198,198,New York,New York,Member,Female,Home & Lifestyle,Home & Lifestyle,88.61,1.0,4.43,93.04,0.0,0.0,1/19/2024,Cash,7.7
199,199,Chicago,Chicago,Member,Male,Home & Lifestyle,Home & Lifestyle,58.07,9.0,26.13,548.76,0.0,0.0,1/19/2024,Ewallet,4.3
200,200,Chicago,Chicago,Normal,Male,Food & Beverages,Food & Beverages,51.28,6.0,15.38,323.06,0.0,0.0,1/19/2024,Cash,6.5
201,201,New York,New York,Member,Male,Sports & Travel,Sports & Travel,82.93,4.0,16.59,348.31,0.0,0.0,1/20/2024,Ewallet,9.6
202,202,Chicago,Chicago,Member,Male,Health & Beauty,Health & Beauty,55.5,4.0,11.1,233.1,0.0,0.0,1/20/2024,Credit card,6.6
203,203,Chicago,Chicago,Normal,Female,Sports & Travel,Sports & Travel,93.14,2.0,9.31,195.59,0.0,0.0,1/20/2024,Ewallet,4.1
204,204,Los Angeles,Los Angeles,Normal,Male,Home & Lifestyle,Home & Lifestyle,53.44,2.0,5.34,112.22,0.0,0.0,1/20/2024,Ewallet,4.1
205,205,Los Angeles,Los Angeles,Normal,Male,Home & Lifestyle,Home & Lifestyle,37.48,3.0,5.62,118.06,0.0,0.0,1/20/2024,Credit card,7.7
206,206,New York,New York,Normal,Male,Fashion & Accs,Fashion & Accs,15.62,8.0,6.25,131.21,0.0,0.0,1/20/2024,Ewallet,9.1
207,207,Chicago,Chicago,Member,Female,Home & Lifestyle,Home & Lifestyle,72.35,10.0,36.18,759.68,0.0,0.0,1/20/2024,Cash,5.4
208,208,New York,New York,Normal,Male,Health & Beauty,Health & Beauty,64.08,7.0,22.43,470.99,0.0,0.0,1/20/2024,Ewallet,7.6
209,209,Chicago,Chicago,Member,Female,Fashion & Accs,Fashion & Accs,63.88,8.0,25.55,536.59,0.0,0.0,1/20/2024,Ewallet,9.9
210,210,New York,New York,Member,Female,Home & Lifestyle,Home & Lifestyle,89.25,8.0,35.7,749.7,0.0,0.0,1/20/2024,Cash,4.7
211,211,Chicago,Chicago,Normal,Male,Home & Lifestyle,Home & Lifestyle,73.22,6.0,21.97,461.29,0.0,0.0,1/21/2024,Cash,7.2
212,212,New York,New York,Normal,Female,Health & Beauty,Health & Beauty,99.19,6.0,29.76,624.9,0.0,0.0,1/21/2024,Credit card,5.5
213,213,Chicago,Chicago,Member,Male,Health & Beauty,Health & Beauty,53.17,7.0,18.61,390.8,0.0,0.0,1/21/2024,Cash,8.9
214,214,Los Angeles,Los Angeles,Member,Female,Sports & Travel,Sports & Travel,98.13,1.0,4.91,103.04,0.0,0.0,1/21/2024,Cash,8.9
215,215,Chicago,Chicago,Member,Female,Food & Beverages,Food & Beverages,36.36,2.0,3.64,76.36,0.0,0.0,1/21/2024,Cash,7.1
216,216,Chicago,Chicago,Normal,Female,Home & Lifestyle,Home & Lifestyle,77.95,6.0,23.39,491.09,0.0,0.0,1/21/2024,Ewallet,8.0
217,217,New York,New York,Member,Male,Food & Beverages,Food & Beverages,68.98,1.0,3.45,72.43,0.0,0.0,1/21/2024,Cash,4.8
218,218,Chicago,Chicago,Normal,Male,Food & Beverages,Food & Beverages,54.67,3.0,8.2,172.21,0.0,0.0,1/21/2024,Credit card,8.6
219,219,New York,New York,Normal,Female,Health & Beauty,Health & Beauty,20.38,5.0,5.1,107.0,0.0,0.0,1/22/2024,Cash,6.0
220,220,New York,New York,Member,Female,Health & Beauty,Health & Beauty,81.51,1.0,4.08,85.59,0.0,0.0,1/22/2024,Ewallet,9.2
221,221,New York,New York,Member,Male,Home & Lifestyle,Home & Lifestyle,39.39,5.0,9.85,206.8,0.0,0.0,1/22/2024,Credit card,8.7
222,222,Los Angeles,Los Angeles,Normal,Female,Food & Beverages,Food & Beverages,28.86,5.0,7.22,151.52,0.0,0.0,1/22/2024,Credit card,8.0
223,223,Chicago,Chicago,Normal,Male,Home & Lifestyle,Home & Lifestyle,30.68,3.0,4.6,96.64,0.0,0.0,1/22/2024,Ewallet,9.1
224,224,Los Angeles,Los Angeles,Normal,Female,Health & Beauty,Health & Beauty,55.81,6.0,16.74,351.6,0.0,0.0,1/22/2024,Cash,9.9
225,225,Chicago,Chicago,Normal,Male,Home & Lifestyle,Home & Lifestyle,74.67,9.0,33.6,705.63,0.0,0.0,1/22/2024,Ewallet,9.4
226,226,Chicago,Chicago,Member,Female,Health & Beauty,Health & Beauty,95.95,5.0,23.99,503.74,0.0,0.0,1/23/2024,Ewallet,8.8
227,227,New York,New York,Normal,Female,Electronics,Electronics,84.05,3.0,12.61,264.76,0.0,0.0,1/23/2024,Cash,9.8
228,228,Chicago,Chicago,Member,Female,Food & Beverages,Food & Beverages,47.63,9.0,21.43,450.1,0.0,0.0,1/23/2024,Cash,5.0
229,229,New York,New York,Member,Female,Sports & Travel,Sports & Travel,89.8,10.0,44.9,942.9,0.0,0.0,1/23/2024,Credit card,5.4
230,230,Chicago,Chicago,Normal,Female,Electronics,Electronics,66.06,6.0,19.82,416.18,0.0,0.0,1/23/2024,Cash,7.3
231,231,New York,New York,Member,Female,Home & Lifestyle,Home & Lifestyle,83.77,6.0,25.13,527.75,0.0,0.0,1/23/2024,Ewallet,5.4
232,232,New York,New York,Member,Female,Home & Lifestyle,Home & Lifestyle,47.38,4.0,9.48,199.0,0.0,0.0,1/23/2024,Cash,7.1
233,233,Chicago,Chicago,Normal,Male,Health & Beauty,Health & Beauty,58.15,4.0,11.63,244.23,0.0,0.0,1/23/2024,Cash,8.4
234,234,New York,New York,Normal,Male,Health & Beauty,Health & Beauty,99.96,7.0,34.99,734.71,0.0,0.0,1/23/2024,Cash,6.1
235,235,Chicago,Chicago,Member,Male,Fashion & Accs,Fashion & Accs,17.94,5.0,4.49,94.19,0.0,0.0,1/23/2024,Ewallet,6.8
236,236,New York,New York,Member,Male,Food & Beverages,Food & Beverages,38.47,8.0,15.39,323.15,0.0,0.0,1/23/2024,Cash,7.7
237,237,New York,New York,Normal,Female,Fashion & Accs,Fashion & Accs,45.44,7.0,15.9,333.98,0.0,0.0,1/23/2024,Cash,9.2
238,238,New York,New York,Normal,Female,Health & Beauty,Health & Beauty,10.99,5.0,2.75,57.7,0.0,0.0,1/23/2024,Credit card,9.3
239,239,Chicago,Chicago,Normal,Male,Fashion & Accs,Fashion & Accs,30.61,1.0,1.53,32.14,0.0,0.0,1/23/2024,Ewallet,5.2
240,240,New York,New York,Normal,Male,Electronics,Electronics,83.08,1.0,4.15,87.23,0.0,0.0,1/23/2024,Ewallet,6.4
241,241,New York,New York,Normal,Male,Food & Beverages,Food & Beverages,19.25,8.0,7.7,161.7,0.0,0.0,1/23/2024,Ewallet,6.6
242,242,Chicago,Chicago,Member,Male,Food & Beverages,Food & Beverages,98.53,6.0,29.56,620.74,0.0,0.0,1/23/2024,Credit card,4.0
243,243,New York,New York,Member,Male,Home & Lifestyle,Home & Lifestyle,85.72,3.0,12.86,270.02,0.0,0.0,1/24/2024,Ewallet,5.1
244,244,Chicago,Chicago,Member,Male,Fashion & Accs,Fashion & Accs,86.68,8.0,34.67,728.11,0.0,0.0,1/24/2024,Credit card,7.2
245,245,Chicago,Chicago,Member,Female,Electronics,Electronics,48.62,8.0,19.45,408.41,0.0,0.0,1/24/2024,Cash,5.0
246,246,New York,New York,Member,Female,Home & Lifestyle,Home & Lifestyle,60.87,1.0,3.04,63.91,0.0,0.0,1/24/2024,Cash,5.5
247,247,Los Angeles,Los Angeles,Normal,Male,Home & Lifestyle,Home & Lifestyle,73.28,5.0,18.32,384.72,0.0,0.0,1/24/2024,Ewallet,8.4
248,248,Chicago,Chicago,Normal,Female,Health & Beauty,Health & Beauty,77.5,5.0,19.38,406.88,0.0,0.0,1/24/2024,Ewallet,4.3
249,249,Chicago,Chicago,Normal,Male,Sports & Travel,Sports & Travel,78.77,10.0,39.38,827.08,0.0,0.0,1/24/2024,Cash,6.4
250,250,Los Angeles,Los Angeles,Normal,Female,Sports & Travel,Sports & Travel,76.6,10.0,38.3,804.3,0.0,0.0,1/24/2024,Ewallet,6.0
251,251,Chicago,Chicago,Normal,Male,Electronics,Electronics,10.56,8.0,4.22,88.7,0.0,0.0,1/24/2024,Cash,7.6
252,252,Los Angeles,Los Angeles,Member,Male,Electronics,Electronics,40.3,10.0,20.15,423.15,0.0,0.0,1/24/2024,Credit card,7.0
253,253,Los Angeles,Los Angeles,Member,Female,Sports & Travel,Sports & Travel,23.08,6.0,6.92,145.4,0.0,0.0,1/24/2024,Ewallet,4.9
254,254,Los Angeles,Los Angeles,Member,Male,Fashion & Accs,Fashion & Accs,93.22,3.0,13.98,293.64,0.0,0.0,1/24/2024,Cash,7.2
255,255,Los Angeles,Los Angeles,Normal,Male,Electronics,Electronics,75.88,7.0,26.56,557.72,0.0,0.0,1/24/2024,Ewallet,8.9
256,256,Los Angeles,Los Angeles,Normal,Female,Fashion & Accs,Fashion & Accs,60.96,2.0,6.1,128.02,0.0,0.0,1/25/2024,Credit card,4.9
257,257,Los Angeles,Los Angeles,Normal,Female,Food & Beverages,Food & Beverages,48.51,7.0,16.98,356.55,0.0,0.0,1/25/2024,Credit card,5.2
258,258,Chicago,Chicago,Member,Male,Home & Lifestyle,Home & Lifestyle,60.01,4.0,12.0,252.04,0.0,0.0,1/25/2024,Cash,4.5
259,259,Los Angeles,Los Angeles,Normal,Male,Health & Beauty,Health & Beauty,96.11,1.0,4.81,100.92,0.0,0.0,1/25/2024,Ewallet,7.8
260,260,Los Angeles,Los Angeles,Member,Male,Health & Beauty,Health & Beauty,51.13,4.0,10.23,214.75,0.0,0.0,1/25/2024,Credit card,4.0
261,261,Chicago,Chicago,Member,Female,Sports & Travel,Sports & Travel,40.05,4.0,8.01,168.21,0.0,0.0,1/25/2024,Cash,9.7
262,262,Los Angeles,Los Angeles,Normal,Male,Sports & Travel,Sports & Travel,21.87,2.0,2.19,45.93,0.0,0.0,1/25/2024,Ewallet,6.9
263,263,New York,New York,Member,Male,Fashion & Accs,Fashion & Accs,15.43,1.0,0.77,16.2,0.0,0.0,1/25/2024,Credit card,6.1
264,264,Chicago,Chicago,Member,Male,Home & Lifestyle,Home & Lifestyle,53.3,3.0,7.99,167.89,0.0,0.0,1/25/2024,Ewallet,7.5
265,265,Los Angeles,Los Angeles,Normal,Female,Fashion & Accs,Fashion & Accs,39.62,7.0,13.87,291.21,0.0,0.0,1/25/2024,Cash,7.5
266,266,New York,New York,Member,Female,Fashion & Accs,Fashion & Accs,84.87,3.0,12.73,267.34,0.0,0.0,1/25/2024,Ewallet,7.4
267,267,New York,New York,Member,Male,Health & Beauty,Health & Beauty,90.5,10.0,45.25,950.25,0.0,0.0,1/25/2024,Cash,8.1
268,268,Chicago,Chicago,Normal,Male,Electronics,Electronics,26.23,9.0,11.8,247.87,0.0,0.0,1/25/2024,Ewallet,5.9
269,269,New York,New York,Member,Female,Sports & Travel,Sports & Travel,70.19,9.0,31.59,663.3,0.0,0.0,1/25/2024,Cash,6.7
270,270,New York,New York,Normal,Male,Health & Beauty,Health & Beauty,34.31,8.0,13.72,288.2,0.0,0.0,1/25/2024,Ewallet,5.7
271,271,Chicago,Chicago,Normal,Male,Fashion & Accs,Fashion & Accs,74.1,1.0,3.7,77.8,0.0,0.0,1/25/2024,Cash,9.2
272,272,Los Angeles,Los Angeles,Normal,Female,Food & Beverages,Food & Beverages,88.36,5.0,22.09,463.89,0.0,0.0,1/25/2024,Cash,9.6
273,273,Los Angeles,Los Angeles,Member,Male,Food & Beverages,Food & Beverages,80.05,5.0,20.01,420.26,0.0,0.0,1/26/2024,Credit card,9.4
274,274,Los Angeles,Los Angeles,Member,Male,Health & Beauty,Health & Beauty,69.37,9.0,31.22,655.55,0.0,0.0,1/26/2024,Ewallet,4.0
275,275,New York,New York,Normal,Female,Fashion & Accs,Fashion & Accs,64.99,1.0,3.25,68.24,0.0,0.0,1/26/2024,Credit card,4.5
276,276,Chicago,Chicago,Normal,Female,Fashion & Accs,Fashion & Accs,12.09,1.0,0.6,12.69,0.0,0.0,1/26/2024,Credit card,8.2
277,277,Los Angeles,Los Angeles,Normal,Male,Electronics,Electronics,87.08,7.0,30.48,640.04,0.0,0.0,1/26/2024,Cash,5.5
278,278,Los Angeles,Los Angeles,Normal,Male,Home & Lifestyle,Home & Lifestyle,25.55,4.0,5.11,107.31,0.0,0.0,1/26/2024,Ewallet,5.7
279,279,Los Angeles,Los Angeles,Member,Female,Food & Beverages,Food & Beverages,78.88,2.0,7.89,165.65,0.0,0.0,1/26/2024,Cash,9.1
280,280,Los Angeles,Los Angeles,Normal,Male,Food & Beverages,Food & Beverages,33.33,2.0,3.33,69.99,0.0,0.0,1/26/2024,Credit card,6.4
281,281,Chicago,Chicago,Normal,Male,Electronics,Electronics,51.69,7.0,18.09,379.92,0.0,0.0,1/26/2024,Cash,5.5
282,282,Los Angeles,Los Angeles,Normal,Female,Sports & Travel,Sports & Travel,51.54,5.0,12.88,270.58,0.0,0.0,1/26/2024,Cash,4.2
283,283,Los Angeles,Los Angeles,Normal,Female,Food & Beverages,Food & Beverages,96.68,3.0,14.5,304.54,0.0,0.0,1/26/2024,Ewallet,6.4
284,284,New York,New York,Member,Male,Health & Beauty,Health & Beauty,33.81,3.0,5.07,106.5,0.0,0.0,1/26/2024,Ewallet,7.3
285,285,Chicago,Chicago,Normal,Male,Fashion & Accs,Fashion & Accs,21.32,1.0,1.07,22.39,0.0,0.0,1/26/2024,Cash,5.9
286,286,New York,New York,Normal,Female,Sports & Travel,Sports & Travel,44.86,10.0,22.43,471.03,0.0,0.0,1/26/2024,Ewallet,8.2
287,287,Los Angeles,Los Angeles,Normal,Female,Fashion & Accs,Fashion & Accs,37.95,10.0,18.98,398.48,0.0,0.0,1/26/2024,Cash,9.7
288,288,Los Angeles,Los Angeles,Normal,Female,Fashion & Accs,Fashion & Accs,81.37,2.0,8.14,170.88,0.0,0.0,1/26/2024,Cash,6.5
289,289,New York,New York,Normal,Female,Fashion & Accs,Fashion & Accs,36.85,5.0,9.21,193.46,0.0,0.0,1/26/2024,Cash,9.2
290,290,Chicago,Chicago,Member,Male,Electronics,Electronics,73.26,1.0,3.66,76.92,0.0,0.0,1/27/2024,Ewallet,9.7
291,291,New York,New York,Member,Female,Fashion & Accs,Fashion & Accs,54.07,9.0,24.33,510.96,0.0,0.0,1/27/2024,Ewallet,9.5
292,292,New York,New York,Normal,Female,Sports & Travel,Sports & Travel,14.36,10.0,7.18,150.78,0.0,0.0,1/27/2024,Cash,5.4
293,293,New York,New York,Normal,Female,Food & Beverages,Food & Beverages,90.24,6.0,27.07,568.51,0.0,0.0,1/27/2024,Cash,6.2
294,294,New York,New York,Member,Female,Electronics,Electronics,46.57,10.0,23.28,488.98,0.0,0.0,1/27/2024,Cash,7.6
295,295,Los Angeles,Los Angeles,Normal,Female,Home & Lifestyle,Home & Lifestyle,49.01,10.0,24.5,514.6,0.0,0.0,1/27/2024,Credit card,4.2
296,296,Chicago,Chicago,Member,Male,Health & Beauty,Health & Beauty,58.22,8.0,23.29,489.05,0.0,0.0,1/27/2024,Ewallet,8.4
297,297,Chicago,Chicago,Normal,Female,Sports & Travel,Sports & Travel,32.25,5.0,8.06,169.31,0.0,0.0,1/27/2024,Cash,9.0
298,298,Los Angeles,Los Angeles,Member,Male,Health & Beauty,Health & Beauty,96.16,4.0,19.23,403.87,0.0,0.0,1/27/2024,Credit card,8.4
299,299,New York,New York,Normal,Male,Home & Lifestyle,Home & Lifestyle,69.4,2.0,6.94,145.74,0.0,0.0,1/27/2024,Ewallet,9.0
300,300,Chicago,Chicago,Normal,Female,Home & Lifestyle,Home & Lifestyle,12.03,2.0,1.2,25.26,0.0,0.0,1/27/2024,Cash,5.1
301,301,Chicago,Chicago,Normal,Male,Food & Beverages,Food & Beverages,81.71,6.0,24.51,514.77,0.0,0.0,1/27/2024,Credit card,8.0
302,302,New York,New York,Member,Female,Home & Lifestyle,Home & Lifestyle,24.24,7.0,8.48,178.16,0.0,0.0,1/27/2024,Ewallet,9.4
303,303,Chicago,Chicago,Normal,Female,Fashion & Accs,Fashion & Accs,54.28,7.0,19.0,398.96,0.0,0.0,1/27/2024,Ewallet,9.3
304,304,New York,New York,Normal,Female,Home & Lifestyle,Home & Lifestyle,69.81,4.0,13.96,293.2,0.0,0.0,1/28/2024,Credit card,5.9
305,305,Los Angeles,Los Angeles,Normal,Male,Health & Beauty,Health & Beauty,99.16,8.0,39.66,832.94,0.0,0.0,1/28/2024,Credit card,4.2
306,306,Los Angeles,Los Angeles,Member,Female,Health & Beauty,Health & Beauty,19.15,1.0,0.96,20.11,0.0,0.0,1/28/2024,Credit card,9.5
307,307,New York,New York,Normal,Female,Sports & Travel,Sports & Travel,80.97,8.0,32.39,680.15,0.0,0.0,1/28/2024,Cash,9.3
308,308,Chicago,Chicago,Normal,Male,Food & Beverages,Food & Beverages,11.53,7.0,4.04,84.75,0.0,0.0,1/28/2024,Cash,8.1
309,309,New York,New York,Normal,Female,Fashion & Accs,Fashion & Accs,23.82,5.0,5.96,125.06,0.0,0.0,1/28/2024,Ewallet,5.4
310,310,Los Angeles,Los Angeles,Member,Female,Electronics,Electronics,21.43,10.0,10.72,225.02,0.0,0.0,1/28/2024,Cash,6.2
311,311,New York,New York,Normal,Male,Health & Beauty,Health & Beauty,17.41,5.0,4.35,91.4,0.0,0.0,1/28/2024,Credit card,4.9
312,312,Los Angeles,Los Angeles,Member,Male,Sports & Travel,Sports & Travel,78.07,9.0,35.13,737.76,0.0,0.0,1/28/2024,Cash,4.5
313,313,Los Angeles,Los Angeles,Member,Male,Health & Beauty,Health & Beauty,75.37,8.0,30.15,633.11,0.0,0.0,1/28/2024,Credit card,8.4
314,314,New York,New York,Member,Male,Electronics,Electronics,18.77,6.0,5.63,118.25,0.0,0.0,1/28/2024,Credit card,5.5
315,315,Los Angeles,Los Angeles,Member,Female,Health & Beauty,Health & Beauty,72.11,9.0,32.45,681.44,0.0,0.0,1/28/2024,Credit card,7.7
316,316,Chicago,Chicago,Member,Male,Electronics,Electronics,24.18,8.0,9.67,203.11,0.0,0.0,1/28/2024,Ewallet,9.8
317,317,New York,New York,Member,Male,Health & Beauty,Health & Beauty,86.8,3.0,13.02,273.42,0.0,0.0,1/28/2024,Ewallet,9.9
318,318,Los Angeles,Los Angeles,Member,Male,Fashion & Accs,Fashion & Accs,32.62,4.0,6.52,137.0,0.0,0.0,1/29/2024,Cash,9.0
319,319,New York,New York,Normal,Male,Electronics,Electronics,58.76,10.0,29.38,616.98,0.0,0.0,1/29/2024,Ewallet,9.0
320,320,Chicago,Chicago,Member,Female,Sports & Travel,Sports & Travel,22.01,4.0,4.4,92.44,0.0,0.0,1/29/2024,Credit card,6.6
321,321,Chicago,Chicago,Normal,Male,Electronics,Electronics,38.6,1.0,1.93,40.53,0.0,0.0,1/29/2024,Ewallet,6.7
322,322,New York,New York,Normal,Male,Health & Beauty,Health & Beauty,40.35,1.0,2.02,42.37,0.0,0.0,1/29/2024,Ewallet,6.2
323,323,Chicago,Chicago,Member,Female,Sports & Travel,Sports & Travel,27.93,5.0,6.98,146.63,0.0,0.0,1/29/2024,Cash,5.9
324,324,New York,New York,Normal,Male,Fashion & Accs,Fashion & Accs,42.08,6.0,12.62,265.1,0.0,0.0,1/29/2024,Cash,8.9
325,325,Los Angeles,Los Angeles,Normal,Female,Food & Beverages,Food & Beverages,84.05,6.0,25.22,529.52,0.0,0.0,1/29/2024,Credit card,7.7
326,326,New York,New York,Member,Female,Sports & Travel,Sports & Travel,19.15,6.0,5.74,120.64,0.0,0.0,1/29/2024,Credit card,6.8
327,327,Los Angeles,Los Angeles,Member,Male,Sports & Travel,Sports & Travel,26.67,10.0,13.34,280.04,0.0,0.0,1/29/2024,Cash,8.6
328,328,Chicago,Chicago,Member,Female,Home & Lifestyle,Home & Lifestyle,87.37,5.0,21.84,458.69,0.0,0.0,1/29/2024,Cash,6.6
329,329,Chicago,Chicago,Normal,Male,Fashion & Accs,Fashion & Accs,83.24,9.0,37.46,786.62,0.0,0.0,1/29/2024,Credit card,7.4
330,330,New York,New York,Normal,Male,Home & Lifestyle,Home & Lifestyle,22.96,1.0,1.15,24.11,0.0,0.0,1/30/2024,Cash,4.3
331,331,Los Angeles,Los Angeles,Normal,Female,Electronics,Electronics,23.65,4.0,4.73,99.33,0.0,0.0,1/30/2024,Credit card,4.0
332,332,Chicago,Chicago,Member,Male,Electronics,Electronics,93.78,3.0,14.07,295.41,0.0,0.0,1/30/2024,Credit card,5.9
333,333,New York,New York,Member,Female,Food & Beverages,Food & Beverages,98.52,10.0,49.26,1034.46,0.0,0.0,1/30/2024,Ewallet,4.5
334,334,New York,New York,Normal,Female,Sports & Travel,Sports & Travel,22.38,1.0,1.12,23.5,0.0,0.0,1/30/2024,Credit card,8.6
335,335,New York,New York,Normal,Female,Food & Beverages,Food & Beverages,97.03,5.0,24.26,509.41,0.0,0.0,1/30/2024,Ewallet,9.3
336,336,New York,New York,Member,Female,Home & Lifestyle,Home & Lifestyle,10.53,5.0,2.63,55.28,0.0,0.0,1/30/2024,Credit card,5.8
337,337,New York,New York,Normal,Male,Sports & Travel,Sports & Travel,76.4,2.0,7.64,160.44,0.0,0.0,1/30/2024,Ewallet,6.5
338,338,Los Angeles,Los Angeles,Normal,Female,Electronics,Electronics,42.42,8.0,16.97,356.33,0.0,0.0,1/30/2024,Ewallet,5.7
339,339,New York,New York,Normal,Female,Sports & Travel,Sports & Travel,23.75,9.0,10.69,224.44,0.0,0.0,1/31/2024,Cash,9.5
340,340,Chicago,Chicago,Member,Male,Electronics,Electronics,20.77,4.0,4.15,87.23,0.0,0.0,1/31/2024,Cash,4.7
341,341,New York,New York,Member,Male,Fashion & Accs,Fashion & Accs,98.7,8.0,39.48,829.08,0.0,0.0,1/31/2024,Ewallet,8.5
342,342,Los Angeles,Los Angeles,Normal,Female,Electronics,Electronics,43.0,4.0,8.6,180.6,0.0,0.0,1/31/2024,Ewallet,7.6
343,343,Los Angeles,Los Angeles,Normal,Male,Electronics,Electronics,72.13,10.0,36.06,757.36,0.0,0.0,1/31/2024,Credit card,4.2
344,344,Chicago,Chicago,Member,Male,Fashion & Accs,Fashion & Accs,51.34,8.0,20.54,431.26,0.0,0.0,1/31/2024,Ewallet,7.6
345,345,Los Angeles,Los Angeles,Member,Male,Sports & Travel,Sports & Travel,75.82,1.0,3.79,79.61,0.0,0.0,1/31/2024,Cash,5.8
346,346,New York,New York,Normal,Female,Fashion & Accs,Fashion & Accs,62.18,10.0,31.09,652.89,0.0,0.0,1/31/2024,Ewallet,6.0
347,347,New York,New York,Member,Male,Electronics,Electronics,37.06,4.0,7.41,155.65,0.0,0.0,1/31/2024,Ewallet,9.7
348,348,Los Angeles,Los Angeles,Member,Male,Sports & Travel,Sports & Travel,79.93,6.0,23.98,503.56,0.0,0.0,1/31/2024,Cash,5.5
349,349,Los Angeles,Los Angeles,Member,Male,Electronics,Electronics,87.87,9.0,39.54,830.37,0.0,0.0,1/31/2024,Ewallet,5.6
350,350,Los Angeles,Los Angeles,Normal,Male,Fashion & Accs,Fashion & Accs,69.08,2.0,6.91,145.07,0.0,0.0,1/31/2024,Credit card,6.9
351,351,Los Angeles,Los Angeles,Normal,Male,Electronics,Electronics,45.35,6.0,13.61,285.71,0.0,0.0,1/31/2024,Ewallet,6.1
352,352,Chicago,Chicago,Member,Male,Electronics,Electronics,66.35,1.0,3.32,69.67,0.0,0.0,1/31/2024,Credit card,9.7
353,353,New York,New York,Member,Female,Food & Beverages,Food & Beverages,87.48,6.0,26.24,551.12,0.0,0.0,2/1/2024,Ewallet,5.1
354,354,Chicago,Chicago,Member,Female,Food & Beverages,Food & Beverages,14.23,5.0,3.56,74.71,0.0,0.0,2/1/2024,Credit card,4.4
355,355,Chicago,Chicago,Member,Male,Sports & Travel,Sports & Travel,69.52,7.0,24.33,510.97,0.0,0.0,2/1/2024,Credit card,8.5
356,356,New York,New York,Normal,Female,Electronics,Electronics,23.07,9.0,10.38,218.01,0.0,0.0,2/1/2024,Cash,4.9
357,357,New York,New York,Member,Female,Home & Lifestyle,Home & Lifestyle,80.79,9.0,36.36,763.47,0.0,0.0,2/1/2024,Credit card,9.5
358,358,Chicago,Chicago,Member,Female,Health & Beauty,Health & Beauty,77.68,4.0,15.54,326.26,0.0,0.0,2/1/2024,Cash,8.4
359,359,Los Angeles,Los Angeles,Member,Female,Electronics,Electronics,26.26,7.0,9.19,193.01,0.0,0.0,2/2/2024,Cash,9.9
360,360,Chicago,Chicago,Member,Male,Fashion & Accs,Fashion & Accs,43.13,10.0,21.56,452.86,0.0,0.0,2/2/2024,Credit card,5.5
361,361,Los Angeles,Los Angeles,Normal,Female,Fashion & Accs,Fashion & Accs,25.56,7.0,8.95,187.87,0.0,0.0,2/2/2024,Cash,7.1
362,362,New York,New York,Member,Female,Food & Beverages,Food & Beverages,38.42,1.0,1.92,40.34,0.0,0.0,2/2/2024,Cash,8.6
363,363,New York,New York,Normal,Male,Food & Beverages,Food & Beverages,65.97,8.0,26.39,554.15,0.0,0.0,2/2/2024,Cash,8.4
364,364,Chicago,Chicago,Member,Female,Sports & Travel,Sports & Travel,51.52,8.0,20.61,432.77,0.0,0.0,2/2/2024,Cash,9.6
365,365,New York,New York,Normal,Female,Electronics,Electronics,35.49,6.0,10.65,223.59,0.0,0.0,2/2/2024,Cash,4.1
366,366,New York,New York,Member,Female,Fashion & Accs,Fashion & Accs,83.35,2.0,8.33,175.03,0.0,0.0,2/2/2024,Credit card,9.5
367,367,New York,New York,Member,Male,Home & Lifestyle,Home & Lifestyle,56.11,2.0,5.61,117.83,0.0,0.0,2/2/2024,Cash,6.3
368,368,Los Angeles,Los Angeles,Member,Male,Food & Beverages,Food & Beverages,46.55,9.0,20.95,439.9,0.0,0.0,2/2/2024,Ewallet,6.4
369,369,Los Angeles,Los Angeles,Normal,Male,Home & Lifestyle,Home & Lifestyle,93.87,8.0,37.55,788.51,0.0,0.0,2/2/2024,Credit card,8.3
370,370,Chicago,Chicago,Normal,Female,Food & Beverages,Food & Beverages,10.96,10.0,5.48,115.08,0.0,0.0,2/2/2024,Ewallet,6.0
371,371,New York,New York,Normal,Female,Fashion & Accs,Fashion & Accs,95.42,4.0,19.08,400.76,0.0,0.0,2/2/2024,Ewallet,6.4
372,372,Chicago,Chicago,Member,Female,Health & Beauty,Health & Beauty,18.33,1.0,0.92,19.25,0.0,0.0,2/2/2024,Cash,4.3
373,373,Chicago,Chicago,Normal,Female,Food & Beverages,Food & Beverages,27.28,5.0,6.82,143.22,0.0,0.0,2/3/2024,Credit card,8.6
374,374,Los Angeles,Los Angeles,Member,Male,Food & Beverages,Food & Beverages,47.16,5.0,11.79,247.59,0.0,0.0,2/3/2024,Credit card,6.0
375,375,Chicago,Chicago,Member,Female,Home & Lifestyle,Home & Lifestyle,94.88,7.0,33.21,697.37,0.0,0.0,2/3/2024,Cash,4.2
376,376,New York,New York,Member,Male,Food & Beverages,Food & Beverages,91.4,7.0,31.99,671.79,0.0,0.0,2/3/2024,Cash,9.5
377,377,Los Angeles,Los Angeles,Member,Female,Sports & Travel,Sports & Travel,55.07,9.0,24.78,520.41,0.0,0.0,2/3/2024,Ewallet,10.0
378,378,Los Angeles,Los Angeles,Normal,Female,Sports & Travel,Sports & Travel,42.97,3.0,6.45,135.36,0.0,0.0,2/3/2024,Cash,9.3
379,379,Chicago,Chicago,Member,Male,Home & Lifestyle,Home & Lifestyle,72.78,10.0,36.39,764.19,0.0,0.0,2/3/2024,Cash,7.3
380,380,Los Angeles,Los Angeles,Member,Male,Fashion & Accs,Fashion & Accs,53.78,1.0,2.69,56.47,0.0,0.0,2/3/2024,Ewallet,4.7
381,381,Chicago,Chicago,Normal,Male,Fashion & Accs,Fashion & Accs,77.02,5.0,19.26,404.36,0.0,0.0,2/3/2024,Cash,5.5
382,382,Chicago,Chicago,Member,Male,Food & Beverages,Food & Beverages,67.45,10.0,33.72,708.22,0.0,0.0,2/3/2024,Ewallet,4.2
383,383,New York,New York,Normal,Male,Food & Beverages,Food & Beverages,40.52,5.0,10.13,212.73,0.0,0.0,2/3/2024,Cash,4.5
384,384,New York,New York,Normal,Female,Sports & Travel,Sports & Travel,73.95,4.0,14.79,310.59,0.0,0.0,2/3/2024,Cash,6.1
385,385,New York,New York,Normal,Female,Sports & Travel,Sports & Travel,49.33,10.0,24.66,517.96,0.0,0.0,2/3/2024,Credit card,9.4
386,386,Los Angeles,Los Angeles,Member,Male,Sports & Travel,Sports & Travel,73.97,1.0,3.7,77.67,0.0,0.0,2/3/2024,Credit card,5.4
387,387,New York,New York,Normal,Female,Health & Beauty,Health & Beauty,13.85,9.0,6.23,130.88,0.0,0.0,2/4/2024,Ewallet,6.0
388,388,Chicago,Chicago,Member,Female,Electronics,Electronics,25.22,7.0,8.83,185.37,0.0,0.0,2/4/2024,Cash,8.2
389,389,Los Angeles,Los Angeles,Normal,Female,Food & Beverages,Food & Beverages,67.77,1.0,3.39,71.16,0.0,0.0,2/4/2024,Credit card,6.5
390,390,Los Angeles,Los Angeles,Member,Male,Food & Beverages,Food & Beverages,23.34,4.0,4.67,98.03,0.0,0.0,2/4/2024,Ewallet,7.4
391,391,New York,New York,Member,Male,Home & Lifestyle,Home & Lifestyle,13.98,1.0,0.7,14.68,0.0,0.0,2/4/2024,Ewallet,9.8
392,392,Chicago,Chicago,Member,Male,Electronics,Electronics,71.95,1.0,3.6,75.55,0.0,0.0,2/4/2024,Cash,7.3
393,393,Chicago,Chicago,Normal,Female,Sports & Travel,Sports & Travel,43.06,5.0,10.76,226.06,0.0,0.0,2/4/2024,Ewallet,7.7
394,394,Chicago,Chicago,Normal,Male,Electronics,Electronics,74.58,7.0,26.1,548.16,0.0,0.0,2/4/2024,Credit card,9.0
395,395,Los Angeles,Los Angeles,Member,Female,Fashion & Accs,Fashion & Accs,72.04,2.0,7.2,151.28,0.0,0.0,2/4/2024,Cash,9.5
396,396,Chicago,Chicago,Normal,Female,Fashion & Accs,Fashion & Accs,48.63,4.0,9.73,204.25,0.0,0.0,2/4/2024,Ewallet,7.6
397,397,Los Angeles,Los Angeles,Member,Female,Home & Lifestyle,Home & Lifestyle,77.68,9.0,34.96,734.08,0.0,0.0,2/4/2024,Ewallet,9.8
398,398,Chicago,Chicago,Member,Female,Fashion & Accs,Fashion & Accs,30.62,1.0,1.53,32.15,0.0,0.0,2/5/2024,Credit card,4.1
399,399,Los Angeles,Los Angeles,Member,Female,Food & Beverages,Food & Beverages,42.82,9.0,19.27,404.65,0.0,0.0,2/5/2024,Credit card,8.9
400,400,New York,New York,Member,Female,Food & Beverages,Food & Beverages,47.27,6.0,14.18,297.8,0.0,0.0,2/5/2024,Cash,8.8
401,401,Los Angeles,Los Angeles,Member,Female,Sports & Travel,Sports & Travel,16.49,2.0,1.65,34.63,0.0,0.0,2/5/2024,Ewallet,4.6
402,402,Chicago,Chicago,Member,Male,Electronics,Electronics,20.89,2.0,2.09,43.87,0.0,0.0,2/5/2024,Cash,9.8
403,403,New York,New York,Member,Male,Fashion & Accs,Fashion & Accs,69.33,2.0,6.93,145.59,0.0,0.0,2/5/2024,Ewallet,9.7
404,404,Los Angeles,Los Angeles,Normal,Female,Health & Beauty,Health & Beauty,58.24,9.0,26.21,550.37,0.0,0.0,2/5/2024,Cash,9.7
405,405,Chicago,Chicago,Member,Male,Food & Beverages,Food & Beverages,87.9,1.0,4.4,92.3,0.0,0.0,2/5/2024,Ewallet,6.7
406,406,Chicago,Chicago,Member,Female,Sports & Travel,Sports & Travel,75.2,3.0,11.28,236.88,0.0,0.0,2/5/2024,Ewallet,4.8
407,407,New York,New York,Member,Female,Health & Beauty,Health & Beauty,68.6,10.0,34.3,720.3,0.0,0.0,2/5/2024,Cash,9.1
408,408,New York,New York,Member,Female,Health & Beauty,Health & Beauty,98.21,3.0,14.73,309.36,0.0,0.0,2/5/2024,Credit card,7.8
409,409,Chicago,Chicago,Member,Male,Home & Lifestyle,Home & Lifestyle,25.91,6.0,7.77,163.23,0.0,0.0,2/5/2024,Ewallet,8.7
410,410,New York,New York,Normal,Male,Health & Beauty,Health & Beauty,89.75,1.0,4.49,94.24,0.0,0.0,2/6/2024,Credit card,6.6
411,411,New York,New York,Member,Male,Fashion & Accs,Fashion & Accs,96.98,4.0,19.4,407.32,0.0,0.0,2/6/2024,Ewallet,9.4
412,412,Los Angeles,Los Angeles,Normal,Male,Electronics,Electronics,22.95,10.0,11.48,240.98,0.0,0.0,2/6/2024,Ewallet,8.2
413,413,Los Angeles,Los Angeles,Member,Female,Food & Beverages,Food & Beverages,20.01,9.0,9.0,189.09,0.0,0.0,2/6/2024,Ewallet,4.1
414,414,New York,New York,Member,Male,Home & Lifestyle,Home & Lifestyle,35.81,5.0,8.95,188.0,0.0,0.0,2/6/2024,Ewallet,7.9
415,415,New York,New York,Member,Female,Food & Beverages,Food & Beverages,99.42,4.0,19.88,417.56,0.0,0.0,2/6/2024,Ewallet,7.5
416,416,Los Angeles,Los Angeles,Member,Male,Health & Beauty,Health & Beauty,25.9,10.0,12.95,271.95,0.0,0.0,2/6/2024,Ewallet,8.7
417,417,Chicago,Chicago,Member,Female,Home & Lifestyle,Home & Lifestyle,37.44,6.0,11.23,235.87,0.0,0.0,2/6/2024,Credit card,5.9
418,418,Los Angeles,Los Angeles,Member,Female,Fashion & Accs,Fashion & Accs,14.48,4.0,2.9,60.82,0.0,0.0,2/6/2024,Ewallet,4.5
419,419,New York,New York,Member,Female,Health & Beauty,Health & Beauty,28.5,8.0,11.4,239.4,0.0,0.0,2/6/2024,Cash,6.6
420,420,New York,New York,Normal,Female,Food & Beverages,Food & Beverages,52.42,1.0,2.62,55.04,0.0,0.0,2/6/2024,Credit card,6.3
421,421,Los Angeles,Los Angeles,Member,Male,Electronics,Electronics,50.45,6.0,15.14,317.84,0.0,0.0,2/6/2024,Credit card,8.9
422,422,Chicago,Chicago,Normal,Female,Health & Beauty,Health & Beauty,35.68,5.0,8.92,187.32,0.0,0.0,2/6/2024,Credit card,6.6
423,423,Chicago,Chicago,Normal,Female,Electronics,Electronics,28.96,1.0,1.45,30.41,0.0,0.0,2/7/2024,Credit card,6.2
424,424,New York,New York,Normal,Female,Fashion & Accs,Fashion & Accs,60.41,8.0,24.16,507.44,0.0,0.0,2/7/2024,Ewallet,9.6
425,425,Chicago,Chicago,Normal,Male,Health & Beauty,Health & Beauty,89.6,8.0,35.84,752.64,0.0,0.0,2/7/2024,Ewallet,6.6
426,426,New York,New York,Normal,Female,Electronics,Electronics,40.86,8.0,16.34,343.22,0.0,0.0,2/7/2024,Credit card,6.5
427,427,Chicago,Chicago,Member,Female,Sports & Travel,Sports & Travel,45.58,1.0,2.28,47.86,0.0,0.0,2/7/2024,Cash,9.8
428,428,New York,New York,Member,Male,Sports & Travel,Sports & Travel,10.17,1.0,0.51,10.68,0.0,0.0,2/7/2024,Cash,5.9
429,429,New York,New York,Member,Female,Fashion & Accs,Fashion & Accs,43.46,6.0,13.04,273.8,0.0,0.0,2/7/2024,Ewallet,8.5
430,430,New York,New York,Member,Male,Electronics,Electronics,65.94,4.0,13.19,276.95,0.0,0.0,2/7/2024,Credit card,6.9
431,431,Los Angeles,Los Angeles,Normal,Male,Electronics,Electronics,79.39,10.0,39.7,833.6,0.0,0.0,2/7/2024,Cash,6.2
432,432,New York,New York,Normal,Female,Food & Beverages,Food & Beverages,16.48,6.0,4.94,103.82,0.0,0.0,2/7/2024,Ewallet,9.9
433,433,New York,New York,Normal,Male,Health & Beauty,Health & Beauty,58.95,10.0,29.48,618.98,0.0,0.0,2/7/2024,Ewallet,8.1
434,434,Los Angeles,Los Angeles,Normal,Female,Fashion & Accs,Fashion & Accs,63.71,5.0,15.93,334.48,0.0,0.0,2/7/2024,Ewallet,8.5
435,435,Los Angeles,Los Angeles,Normal,Female,Electronics,Electronics,57.91,8.0,23.16,486.44,0.0,0.0,2/7/2024,Cash,8.1
436,436,Chicago,Chicago,Normal,Female,Home & Lifestyle,Home & Lifestyle,93.12,8.0,37.25,782.21,0.0,0.0,2/7/2024,Cash,6.8
437,437,New York,New York,Normal,Male,Fashion & Accs,Fashion & Accs,86.13,2.0,8.61,180.87,0.0,0.0,2/7/2024,Cash,8.2
438,438,Chicago,Chicago,Normal,Male,Food & Beverages,Food & Beverages,43.19,10.0,21.6,453.5,0.0,0.0,2/7/2024,Ewallet,8.2
439,439,Los Angeles,Los Angeles,Normal,Male,Home & Lifestyle,Home & Lifestyle,22.02,9.0,9.91,208.09,0.0,0.0,2/7/2024,Cash,6.8
440,440,New York,New York,Normal,Male,Home & Lifestyle,Home & Lifestyle,16.67,7.0,5.83,122.52,0.0,0.0,2/7/2024,Ewallet,7.4
441,441,Los Angeles,Los Angeles,Normal,Male,Electronics,Electronics,46.02,6.0,13.81,289.93,0.0,0.0,2/7/2024,Cash,7.1
442,442,Los Angeles,Los Angeles,Member,Female,Food & Beverages,Food & Beverages,54.36,10.0,27.18,570.78,0.0,0.0,2/7/2024,Credit card,6.1
443,443,Los Angeles,Los Angeles,Normal,Male,Fashion & Accs,Fashion & Accs,33.52,1.0,1.68,35.2,0.0,0.0,2/8/2024,Cash,6.7
444,444,Chicago,Chicago,Normal,Male,Sports & Travel,Sports & Travel,86.31,7.0,30.21,634.38,0.0,0.0,2/8/2024,Ewallet,5.3
445,445,Los Angeles,Los Angeles,Normal,Female,Sports & Travel,Sports & Travel,90.28,9.0,40.63,853.15,0.0,0.0,2/8/2024,Ewallet,7.2
446,446,New York,New York,Member,Female,Sports & Travel,Sports & Travel,64.97,5.0,16.24,341.09,0.0,0.0,2/8/2024,Credit card,6.5
447,447,Chicago,Chicago,Member,Male,Fashion & Accs,Fashion & Accs,19.7,1.0,0.98,20.68,0.0,0.0,2/8/2024,Ewallet,9.5
448,448,New York,New York,Member,Female,Fashion & Accs,Fashion & Accs,97.21,10.0,48.6,1020.7,0.0,0.0,2/8/2024,Credit card,8.7
449,449,New York,New York,Member,Female,Health & Beauty,Health & Beauty,37.15,7.0,13.0,273.05,0.0,0.0,2/8/2024,Credit card,7.7
450,450,Los Angeles,Los Angeles,Member,Female,Sports & Travel,Sports & Travel,69.12,6.0,20.74,435.46,0.0,0.0,2/8/2024,Cash,5.6
451,451,Chicago,Chicago,Normal,Male,Fashion & Accs,Fashion & Accs,98.98,10.0,49.49,1039.29,0.0,0.0,2/8/2024,Credit card,8.7
452,452,Los Angeles,Los Angeles,Member,Male,Home & Lifestyle,Home & Lifestyle,46.47,4.0,9.29,195.17,0.0,0.0,2/8/2024,Cash,7.0
453,453,Los Angeles,Los Angeles,Normal,Male,Home & Lifestyle,Home & Lifestyle,31.75,4.0,6.35,133.35,0.0,0.0,2/8/2024,Cash,8.6
454,454,Los Angeles,Los Angeles,Normal,Female,Home & Lifestyle,Home & Lifestyle,16.37,6.0,4.91,103.13,0.0,0.0,2/8/2024,Cash,7.0
455,455,Los Angeles,Los Angeles,Normal,Male,Home & Lifestyle,Home & Lifestyle,45.97,4.0,9.19,193.07,0.0,0.0,2/9/2024,Ewallet,5.1
456,456,Chicago,Chicago,Member,Male,Food & Beverages,Food & Beverages,35.04,9.0,15.77,331.13,0.0,0.0,2/9/2024,Ewallet,4.6
457,457,New York,New York,Normal,Male,Health & Beauty,Health & Beauty,84.61,10.0,42.31,888.41,0.0,0.0,2/9/2024,Credit card,8.8
458,458,New York,New York,Normal,Male,Food & Beverages,Food & Beverages,21.58,1.0,1.08,22.66,0.0,0.0,2/9/2024,Ewallet,7.2
459,459,Los Angeles,Los Angeles,Normal,Male,Fashion & Accs,Fashion & Accs,57.27,3.0,8.59,180.4,0.0,0.0,2/9/2024,Ewallet,6.5
460,460,Los Angeles,Los Angeles,Member,Female,Electronics,Electronics,81.4,3.0,12.21,256.41,0.0,0.0,2/9/2024,Cash,4.8
461,461,Chicago,Chicago,Member,Male,Food & Beverages,Food & Beverages,31.84,1.0,1.59,33.43,0.0,0.0,2/9/2024,Cash,7.7
462,462,New York,New York,Member,Female,Food & Beverages,Food & Beverages,21.08,3.0,3.16,66.4,0.0,0.0,2/9/2024,Cash,7.3
463,463,New York,New York,Member,Female,Home & Lifestyle,Home & Lifestyle,15.95,6.0,4.78,100.48,0.0,0.0,2/9/2024,Credit card,5.1
464,464,Chicago,Chicago,Member,Female,Sports & Travel,Sports & Travel,22.24,10.0,11.12,233.52,0.0,0.0,2/9/2024,Cash,4.2
465,465,New York,New York,Normal,Female,Electronics,Electronics,12.45,6.0,3.73,78.43,0.0,0.0,2/9/2024,Cash,4.1
466,466,New York,New York,Normal,Male,Fashion & Accs,Fashion & Accs,64.26,7.0,22.49,472.31,0.0,0.0,2/9/2024,Cash,5.7
467,467,Los Angeles,Los Angeles,Member,Male,Home & Lifestyle,Home & Lifestyle,65.91,6.0,19.77,415.23,0.0,0.0,2/9/2024,Cash,5.7
468,468,Chicago,Chicago,Member,Female,Fashion & Accs,Fashion & Accs,53.65,7.0,18.78,394.33,0.0,0.0,2/10/2024,Ewallet,5.2
469,469,Los Angeles,Los Angeles,Normal,Female,Sports & Travel,Sports & Travel,34.84,4.0,6.97,146.33,0.0,0.0,2/10/2024,Cash,7.4
470,470,Chicago,Chicago,Member,Female,Food & Beverages,Food & Beverages,44.59,5.0,11.15,234.1,0.0,0.0,2/10/2024,Cash,8.5
471,471,Chicago,Chicago,Normal,Male,Home & Lifestyle,Home & Lifestyle,74.07,1.0,3.7,77.77,0.0,0.0,2/10/2024,Ewallet,9.9
472,472,Los Angeles,Los Angeles,Member,Male,Electronics,Electronics,48.09,3.0,7.21,151.48,0.0,0.0,2/10/2024,Credit card,7.8
473,473,New York,New York,Member,Female,Electronics,Electronics,78.13,10.0,39.06,820.36,0.0,0.0,2/10/2024,Cash,4.4
474,474,Chicago,Chicago,Member,Female,Fashion & Accs,Fashion & Accs,30.14,10.0,15.07,316.47,0.0,0.0,2/10/2024,Ewallet,9.2
475,475,Los Angeles,Los Angeles,Member,Male,Home & Lifestyle,Home & Lifestyle,36.91,7.0,12.92,271.29,0.0,0.0,2/10/2024,Ewallet,6.7
476,476,New York,New York,Normal,Female,Health & Beauty,Health & Beauty,33.47,2.0,3.35,70.29,0.0,0.0,2/10/2024,Ewallet,6.7
477,477,Los Angeles,Los Angeles,Member,Male,Electronics,Electronics,18.93,6.0,5.68,119.26,0.0,0.0,2/10/2024,Credit card,8.1
478,478,New York,New York,Member,Female,Fashion & Accs,Fashion & Accs,73.38,7.0,25.68,539.34,0.0,0.0,2/10/2024,Cash,9.5
479,479,New York,New York,Member,Male,Home & Lifestyle,Home & Lifestyle,86.69,5.0,21.67,455.12,0.0,0.0,2/11/2024,Ewallet,9.4
480,480,New York,New York,Normal,Male,Food & Beverages,Food & Beverages,89.2,10.0,44.6,936.6,0.0,0.0,2/11/2024,Credit card,4.4
481,481,Los Angeles,Los Angeles,Normal,Female,Health & Beauty,Health & Beauty,84.09,9.0,37.84,794.65,0.0,0.0,2/11/2024,Cash,8.0
482,482,Los Angeles,Los Angeles,Member,Female,Food & Beverages,Food & Beverages,77.2,10.0,38.6,810.6,0.0,0.0,2/11/2024,Credit card,5.6
483,483,Los Angeles,Los Angeles,Normal,Female,Home & Lifestyle,Home & Lifestyle,77.04,3.0,11.56,242.68,0.0,0.0,2/11/2024,Credit card,7.2
484,484,Chicago,Chicago,Normal,Male,Home & Lifestyle,Home & Lifestyle,80.08,3.0,12.01,252.25,0.0,0.0,2/11/2024,Cash,5.4
485,485,New York,New York,Normal,Male,Fashion & Accs,Fashion & Accs,62.12,10.0,31.06,652.26,0.0,0.0,2/11/2024,Cash,5.9
486,486,Chicago,Chicago,Normal,Female,Sports & Travel,Sports & Travel,94.76,4.0,18.95,397.99,0.0,0.0,2/11/2024,Ewallet,7.8
487,487,Los Angeles,Los Angeles,Member,Female,Electronics,Electronics,39.48,1.0,1.97,41.45,0.0,0.0,2/12/2024,Cash,6.5
488,488,New York,New York,Member,Female,Food & Beverages,Food & Beverages,87.1,10.0,43.55,914.55,0.0,0.0,2/12/2024,Credit card,9.9
489,489,New York,New York,Member,Male,Fashion & Accs,Fashion & Accs,52.35,1.0,2.62,54.97,0.0,0.0,2/12/2024,Cash,4.0
490,490,Los Angeles,Los Angeles,Normal,Male,Fashion & Accs,Fashion & Accs,94.87,8.0,37.95,796.91,0.0,0.0,2/12/2024,Ewallet,8.7
491,491,Los Angeles,Los Angeles,Member,Male,Home & Lifestyle,Home & Lifestyle,60.38,10.0,30.19,633.99,0.0,0.0,2/12/2024,Cash,6.0
492,492,Chicago,Chicago,Normal,Female,Electronics,Electronics,46.95,5.0,11.74,246.49,0.0,0.0,2/12/2024,Ewallet,7.1
493,493,Chicago,Chicago,Normal,Male,Health & Beauty,Health & Beauty,25.43,6.0,7.63,160.21,0.0,0.0,2/12/2024,Ewallet,7.0
494,494,Chicago,Chicago,Member,Female,Sports & Travel,Sports & Travel,71.63,2.0,7.16,150.42,0.0,0.0,2/12/2024,Ewallet,8.8
495,495,Chicago,Chicago,Member,Male,Electronics,Electronics,76.82,1.0,3.84,80.66,0.0,0.0,2/13/2024,Ewallet,7.2
496,496,Los Angeles,Los Angeles,Member,Female,Sports & Travel,Sports & Travel,20.18,4.0,4.04,84.76,0.0,0.0,2/13/2024,Credit card,5.0
497,497,New York,New York,Member,Female,Fashion & Accs,Fashion & Accs,92.98,2.0,9.3,195.26,0.0,0.0,2/13/2024,Credit card,8.0
498,498,Los Angeles,Los Angeles,Member,Female,Fashion & Accs,Fashion & Accs,29.56,5.0,7.39,155.19,0.0,0.0,2/13/2024,Cash,6.9
499,499,New York,New York,Normal,Female,Fashion & Accs,Fashion & Accs,22.51,7.0,7.88,165.45,0.0,0.0,2/13/2024,Credit card,4.8
500,500,New York,New York,Member,Female,Food & Beverages,Food & Beverages,14.87,2.0,1.49,31.23,0.0,0.0,2/13/2024,Credit card,8.9
501,501,Chicago,Chicago,Member,Male,Electronics,Electronics,32.25,4.0,6.45,135.45,0.0,0.0,2/13/2024,Ewallet,6.5
502,502,Los Angeles,Los Angeles,Normal,Male,Sports & Travel,Sports & Travel,13.69,6.0,4.11,86.25,0.0,0.0,2/13/2024,Cash,6.3
503,503,Chicago,Chicago,Member,Male,Health & Beauty,Health & Beauty,91.3,1.0,4.57,95.87,0.0,0.0,2/14/2024,Ewallet,9.2
504,504,Chicago,Chicago,Normal,Male,Sports & Travel,Sports & Travel,44.65,3.0,6.7,140.65,0.0,0.0,2/14/2024,Cash,6.2
505,505,Los Angeles,Los Angeles,Member,Male,Health & Beauty,Health & Beauty,75.74,4.0,15.15,318.11,0.0,0.0,2/14/2024,Cash,7.6
506,506,Los Angeles,Los Angeles,Member,Female,Sports & Travel,Sports & Travel,60.08,7.0,21.03,441.59,0.0,0.0,2/14/2024,Credit card,4.5
507,507,New York,New York,Member,Male,Food & Beverages,Food & Beverages,27.66,10.0,13.83,290.43,0.0,0.0,2/14/2024,Credit card,8.9
508,508,New York,New York,Member,Male,Food & Beverages,Food & Beverages,99.37,2.0,9.94,208.68,0.0,0.0,2/14/2024,Cash,5.2
509,509,New York,New York,Normal,Female,Health & Beauty,Health & Beauty,58.32,2.0,5.83,122.47,0.0,0.0,2/14/2024,Ewallet,6.0
510,510,Chicago,Chicago,Normal,Female,Electronics,Electronics,99.56,8.0,39.82,836.3,0.0,0.0,2/14/2024,Credit card,5.2
511,511,New York,New York,Normal,Female,Electronics,Electronics,32.8,10.0,16.4,344.4,0.0,0.0,2/15/2024,Cash,6.2
512,512,Chicago,Chicago,Normal,Male,Food & Beverages,Food & Beverages,52.2,3.0,7.83,164.43,0.0,0.0,2/15/2024,Credit card,9.5
513,513,Chicago,Chicago,Normal,Female,Home & Lifestyle,Home & Lifestyle,69.96,8.0,27.98,587.66,0.0,0.0,2/15/2024,Credit card,6.4
514,514,Los Angeles,Los Angeles,Normal,Female,Fashion & Accs,Fashion & Accs,72.84,7.0,25.49,535.37,0.0,0.0,2/15/2024,Cash,8.4
515,515,New York,New York,Member,Female,Electronics,Electronics,98.84,1.0,4.94,103.78,0.0,0.0,2/15/2024,Cash,8.4
516,516,Los Angeles,Los Angeles,Member,Female,Health & Beauty,Health & Beauty,76.9,7.0,26.92,565.22,0.0,0.0,2/15/2024,Cash,7.7
517,517,Los Angeles,Los Angeles,Member,Female,Food & Beverages,Food & Beverages,77.4,9.0,34.83,731.43,0.0,0.0,2/15/2024,Credit card,4.5
518,518,Chicago,Chicago,Normal,Female,Food & Beverages,Food & Beverages,67.1,3.0,10.06,211.36,0.0,0.0,2/15/2024,Cash,7.5
519,519,New York,New York,Normal,Male,Health & Beauty,Health & Beauty,33.64,8.0,13.46,282.58,0.0,0.0,2/15/2024,Credit card,9.3
520,520,New York,New York,Member,Male,Health & Beauty,Health & Beauty,68.55,4.0,13.71,287.91,0.0,0.0,2/15/2024,Credit card,9.2
521,521,New York,New York,Member,Female,Sports & Travel,Sports & Travel,24.74,3.0,3.71,77.93,0.0,0.0,2/15/2024,Credit card,10.0
522,522,Chicago,Chicago,Normal,Male,Health & Beauty,Health & Beauty,15.26,6.0,4.58,96.14,0.0,0.0,2/15/2024,Ewallet,9.8
523,523,Los Angeles,Los Angeles,Member,Male,Sports & Travel,Sports & Travel,88.31,1.0,4.42,92.73,0.0,0.0,2/15/2024,Credit card,5.2
524,524,Los Angeles,Los Angeles,Normal,Female,Electronics,Electronics,88.25,9.0,39.71,833.96,0.0,0.0,2/15/2024,Credit card,7.6
525,525,Los Angeles,Los Angeles,Normal,Male,Health & Beauty,Health & Beauty,57.59,6.0,17.28,362.82,0.0,0.0,2/15/2024,Cash,5.1
526,526,New York,New York,Member,Female,Fashion & Accs,Fashion & Accs,80.48,3.0,12.07,253.51,0.0,0.0,2/15/2024,Cash,8.1
527,527,Los Angeles,Los Angeles,Member,Male,Home & Lifestyle,Home & Lifestyle,17.77,5.0,4.44,93.29,0.0,0.0,2/15/2024,Credit card,5.4
528,528,New York,New York,Member,Female,Fashion & Accs,Fashion & Accs,99.3,10.0,49.65,1042.65,0.0,0.0,2/15/2024,Credit card,6.6
529,529,Chicago,Chicago,Normal,Male,Fashion & Accs,Fashion & Accs,51.94,3.0,7.79,163.61,0.0,0.0,2/15/2024,Cash,7.9
530,530,New York,New York,Member,Female,Health & Beauty,Health & Beauty,47.71,6.0,14.31,300.57,0.0,0.0,2/16/2024,Ewallet,4.4
531,531,Chicago,Chicago,Member,Male,Food & Beverages,Food & Beverages,24.82,7.0,8.69,182.43,0.0,0.0,2/16/2024,Credit card,7.1
532,532,New York,New York,Member,Male,Electronics,Electronics,12.05,5.0,3.01,63.26,0.0,0.0,2/16/2024,Ewallet,5.5
533,533,Los Angeles,Los Angeles,Normal,Male,Sports & Travel,Sports & Travel,51.91,10.0,25.96,545.06,0.0,0.0,2/16/2024,Cash,8.2
534,534,Los Angeles,Los Angeles,Normal,Female,Fashion & Accs,Fashion & Accs,36.51,9.0,16.43,345.02,0.0,0.0,2/16/2024,Cash,4.2
535,535,Los Angeles,Los Angeles,Member,Male,Fashion & Accs,Fashion & Accs,60.18,4.0,12.04,252.76,0.0,0.0,2/16/2024,Credit card,9.4
536,536,New York,New York,Member,Female,Fashion & Accs,Fashion & Accs,97.79,7.0,34.23,718.76,0.0,0.0,2/16/2024,Ewallet,4.9
537,537,Los Angeles,Los Angeles,Member,Male,Fashion & Accs,Fashion & Accs,91.35,1.0,4.57,95.92,0.0,0.0,2/16/2024,Cash,6.8
538,538,New York,New York,Normal,Female,Sports & Travel,Sports & Travel,46.66,9.0,21.0,440.94,0.0,0.0,2/17/2024,Ewallet,5.3
539,539,Los Angeles,Los Angeles,Member,Female,Electronics,Electronics,35.74,8.0,14.3,300.22,0.0,0.0,2/17/2024,Ewallet,4.9
540,540,New York,New York,Member,Female,Sports & Travel,Sports & Travel,67.99,7.0,23.8,499.73,0.0,0.0,2/17/2024,Ewallet,5.7
541,541,Chicago,Chicago,Member,Female,Home & Lifestyle,Home & Lifestyle,88.79,8.0,35.52,745.84,0.0,0.0,2/17/2024,Cash,4.1
542,542,New York,New York,Normal,Male,Electronics,Electronics,11.81,5.0,2.95,62.0,0.0,0.0,2/17/2024,Cash,9.4
543,543,Chicago,Chicago,Member,Male,Food & Beverages,Food & Beverages,80.96,8.0,32.38,680.06,0.0,0.0,2/17/2024,Credit card,7.4
544,544,Los Angeles,Los Angeles,Member,Male,Electronics,Electronics,87.45,6.0,26.24,550.94,0.0,0.0,2/17/2024,Credit card,8.8
545,545,Chicago,Chicago,Normal,Male,Electronics,Electronics,34.56,5.0,8.64,181.44,0.0,0.0,2/17/2024,Ewallet,9.9
546,546,Chicago,Chicago,Normal,Male,Food & Beverages,Food & Beverages,32.9,3.0,4.93,103.63,0.0,0.0,2/17/2024,Credit card,9.1
547,547,New York,New York,Member,Female,Food & Beverages,Food & Beverages,71.39,5.0,17.85,374.8,0.0,0.0,2/17/2024,Credit card,5.5
548,548,Chicago,Chicago,Normal,Male,Sports & Travel,Sports & Travel,98.09,9.0,44.14,926.95,0.0,0.0,2/17/2024,Cash,9.3
549,549,Chicago,Chicago,Member,Female,Health & Beauty,Health & Beauty,92.09,3.0,13.81,290.08,0.0,0.0,2/17/2024,Cash,4.2
550,550,Chicago,Chicago,Normal,Male,Fashion & Accs,Fashion & Accs,45.38,3.0,6.81,142.95,0.0,0.0,2/17/2024,Credit card,7.2
551,551,Chicago,Chicago,Member,Female,Home & Lifestyle,Home & Lifestyle,34.42,6.0,10.33,216.85,0.0,0.0,2/18/2024,Cash,9.8
552,552,New York,New York,Normal,Male,Fashion & Accs,Fashion & Accs,90.22,3.0,13.53,284.19,0.0,0.0,2/18/2024,Cash,6.2
553,553,Los Angeles,Los Angeles,Normal,Female,Health & Beauty,Health & Beauty,14.76,2.0,1.48,31.0,0.0,0.0,2/18/2024,Ewallet,4.3
554,554,New York,New York,Member,Female,Electronics,Electronics,60.95,1.0,3.05,64.0,0.0,0.0,2/18/2024,Ewallet,5.9
555,555,Chicago,Chicago,Member,Female,Fashion & Accs,Fashion & Accs,88.34,7.0,30.92,649.3,0.0,0.0,2/18/2024,Cash,6.6
556,556,New York,New York,Member,Male,Health & Beauty,Health & Beauty,44.07,4.0,8.81,185.09,0.0,0.0,2/18/2024,Ewallet,8.4
557,557,Chicago,Chicago,Member,Female,Electronics,Electronics,62.48,1.0,3.12,65.6,0.0,0.0,2/18/2024,Cash,4.7
558,558,Chicago,Chicago,Normal,Female,Fashion & Accs,Fashion & Accs,98.48,2.0,9.85,206.81,0.0,0.0,2/19/2024,Ewallet,9.2
559,559,Chicago,Chicago,Member,Female,Food & Beverages,Food & Beverages,98.66,9.0,44.4,932.34,0.0,0.0,2/19/2024,Cash,8.4
560,560,Chicago,Chicago,Normal,Male,Health & Beauty,Health & Beauty,50.79,5.0,12.7,266.65,0.0,0.0,2/19/2024,Credit card,5.3
561,561,New York,New York,Normal,Male,Electronics,Electronics,71.89,8.0,28.76,603.88,0.0,0.0,2/19/2024,Ewallet,5.5
562,562,New York,New York,Normal,Male,Health & Beauty,Health & Beauty,21.8,8.0,8.72,183.12,0.0,0.0,2/19/2024,Cash,8.3
563,563,Los Angeles,Los Angeles,Member,Female,Sports & Travel,Sports & Travel,64.08,7.0,22.43,470.99,0.0,0.0,2/19/2024,Credit card,7.3
564,564,New York,New York,Normal,Female,Electronics,Electronics,77.63,9.0,34.93,733.6,0.0,0.0,2/19/2024,Ewallet,7.2
565,565,New York,New York,Normal,Female,Food & Beverages,Food & Beverages,41.24,4.0,8.25,173.21,0.0,0.0,2/19/2024,Cash,7.1
566,566,Chicago,Chicago,Member,Male,Electronics,Electronics,69.58,9.0,31.31,657.53,0.0,0.0,2/19/2024,Credit card,7.8
567,567,Los Angeles,Los Angeles,Member,Female,Food & Beverages,Food & Beverages,54.84,3.0,8.23,172.75,0.0,0.0,2/20/2024,Credit card,5.9
568,568,Los Angeles,Los Angeles,Normal,Male,Food & Beverages,Food & Beverages,39.9,10.0,19.95,418.95,0.0,0.0,2/20/2024,Credit card,5.9
569,569,Chicago,Chicago,Member,Male,Home & Lifestyle,Home & Lifestyle,37.69,2.0,3.77,79.15,0.0,0.0,2/20/2024,Ewallet,9.5
570,570,Los Angeles,Los Angeles,Member,Male,Sports & Travel,Sports & Travel,31.99,10.0,16.0,335.9,0.0,0.0,2/20/2024,Credit card,9.9
571,571,Los Angeles,Los Angeles,Normal,Male,Food & Beverages,Food & Beverages,60.3,4.0,12.06,253.26,0.0,0.0,2/20/2024,Cash,5.8
572,572,New York,New York,Member,Female,Home & Lifestyle,Home & Lifestyle,86.27,1.0,4.31,90.58,0.0,0.0,2/20/2024,Ewallet,7.0
573,573,Chicago,Chicago,Member,Male,Food & Beverages,Food & Beverages,92.29,5.0,23.07,484.52,0.0,0.0,2/20/2024,Credit card,9.0
574,574,Los Angeles,Los Angeles,Member,Male,Food & Beverages,Food & Beverages,57.74,3.0,8.66,181.88,0.0,0.0,2/20/2024,Ewallet,7.7
575,575,Los Angeles,Los Angeles,Normal,Male,Health & Beauty,Health & Beauty,66.68,5.0,16.67,350.07,0.0,0.0,2/20/2024,Cash,7.6
576,576,Chicago,Chicago,Normal,Female,Health & Beauty,Health & Beauty,32.32,10.0,16.16,339.36,0.0,0.0,2/20/2024,Credit card,10.0
577,577,Los Angeles,Los Angeles,Member,Male,Fashion & Accs,Fashion & Accs,73.82,4.0,14.76,310.04,0.0,0.0,2/21/2024,Cash,6.7
578,578,Chicago,Chicago,Member,Female,Electronics,Electronics,94.64,3.0,14.2,298.12,0.0,0.0,2/21/2024,Cash,5.5
579,579,Los Angeles,Los Angeles,Member,Male,Health & Beauty,Health & Beauty,39.91,3.0,5.99,125.72,0.0,0.0,2/21/2024,Ewallet,9.3
580,580,New York,New York,Normal,Female,Health & Beauty,Health & Beauty,83.66,5.0,20.92,439.22,0.0,0.0,2/21/2024,Cash,7.2
581,581,New York,New York,Normal,Female,Sports & Travel,Sports & Travel,98.8,2.0,9.88,207.48,0.0,0.0,2/21/2024,Cash,7.7
582,582,New York,New York,Member,Female,Fashion & Accs,Fashion & Accs,12.54,1.0,0.63,13.17,0.0,0.0,2/21/2024,Cash,8.2
583,583,Chicago,Chicago,Normal,Male,Home & Lifestyle,Home & Lifestyle,65.82,1.0,3.29,69.11,0.0,0.0,2/22/2024,Cash,4.1
584,584,Los Angeles,Los Angeles,Normal,Female,Fashion & Accs,Fashion & Accs,39.75,5.0,9.94,208.69,0.0,0.0,2/22/2024,Ewallet,9.6
585,585,New York,New York,Member,Female,Food & Beverages,Food & Beverages,30.41,1.0,1.52,31.93,0.0,0.0,2/22/2024,Credit card,8.4
586,586,Los Angeles,Los Angeles,Normal,Male,Fashion & Accs,Fashion & Accs,17.49,10.0,8.74,183.64,0.0,0.0,2/22/2024,Ewallet,6.6
587,587,New York,New York,Normal,Male,Sports & Travel,Sports & Travel,95.49,7.0,33.42,701.85,0.0,0.0,2/22/2024,Ewallet,8.7
588,588,New York,New York,Member,Female,Home & Lifestyle,Home & Lifestyle,12.73,2.0,1.27,26.73,0.0,0.0,2/22/2024,Credit card,5.2
589,589,Los Angeles,Los Angeles,Normal,Male,Home & Lifestyle,Home & Lifestyle,68.97,3.0,10.35,217.26,0.0,0.0,2/22/2024,Ewallet,8.7
590,590,Los Angeles,Los Angeles,Normal,Female,Fashion & Accs,Fashion & Accs,47.44,1.0,2.37,49.81,0.0,0.0,2/22/2024,Credit card,6.8
591,591,Chicago,Chicago,Member,Female,Electronics,Electronics,17.42,10.0,8.71,182.91,0.0,0.0,2/22/2024,Ewallet,7.0
592,592,Los Angeles,Los Angeles,Normal,Female,Fashion & Accs,Fashion & Accs,54.31,9.0,24.44,513.23,0.0,0.0,2/22/2024,Cash,8.9
593,593,Chicago,Chicago,Member,Female,Sports & Travel,Sports & Travel,24.49,10.0,12.24,257.14,0.0,0.0,2/22/2024,Cash,8.1
594,594,New York,New York,Normal,Male,Food & Beverages,Food & Beverages,35.89,1.0,1.79,37.68,0.0,0.0,2/23/2024,Credit card,7.9
595,595,Los Angeles,Los Angeles,Normal,Female,Health & Beauty,Health & Beauty,17.97,4.0,3.59,75.47,0.0,0.0,2/23/2024,Ewallet,6.4
596,596,Los Angeles,Los Angeles,Normal,Female,Electronics,Electronics,14.96,8.0,5.98,125.66,0.0,0.0,2/23/2024,Cash,8.6
597,597,Los Angeles,Los Angeles,Member,Female,Food & Beverages,Food & Beverages,98.79,3.0,14.82,311.19,0.0,0.0,2/23/2024,Ewallet,6.4
598,598,New York,New York,Member,Male,Sports & Travel,Sports & Travel,58.39,7.0,20.44,429.17,0.0,0.0,2/23/2024,Credit card,8.2
599,599,Los Angeles,Los Angeles,Member,Female,Electronics,Electronics,75.59,9.0,34.02,714.33,0.0,0.0,2/23/2024,Cash,8.0
600,600,Chicago,Chicago,Member,Female,Food & Beverages,Food & Beverages,73.47,4.0,14.69,308.57,0.0,0.0,2/23/2024,Cash,6.0
601,601,New York,New York,Member,Female,Food & Beverages,Food & Beverages,80.36,4.0,16.07,337.51,0.0,0.0,2/23/2024,Credit card,8.3
602,602,New York,New York,Normal,Male,Home & Lifestyle,Home & Lifestyle,55.73,6.0,16.72,351.1,0.0,0.0,2/24/2024,Ewallet,7.0
603,603,Chicago,Chicago,Member,Female,Home & Lifestyle,Home & Lifestyle,47.68,2.0,4.77,100.13,0.0,0.0,2/24/2024,Credit card,4.1
604,604,New York,New York,Member,Female,Health & Beauty,Health & Beauty,10.16,5.0,2.54,53.34,0.0,0.0,2/24/2024,Ewallet,4.1
605,605,Los Angeles,Los Angeles,Normal,Female,Food & Beverages,Food & Beverages,26.43,8.0,10.57,222.01,0.0,0.0,2/24/2024,Ewallet,8.9
606,606,New York,New York,Normal,Female,Home & Lifestyle,Home & Lifestyle,73.56,10.0,36.78,772.38,0.0,0.0,2/24/2024,Ewallet,8.0
607,607,Los Angeles,Los Angeles,Member,Male,Fashion & Accs,Fashion & Accs,83.77,2.0,8.38,175.92,0.0,0.0,2/24/2024,Cash,4.6
608,608,Los Angeles,Los Angeles,Normal,Female,Sports & Travel,Sports & Travel,57.95,6.0,17.39,365.09,0.0,0.0,2/24/2024,Cash,5.2
609,609,Chicago,Chicago,Normal,Female,Electronics,Electronics,40.26,10.0,20.13,422.73,0.0,0.0,2/24/2024,Credit card,5.0
610,610,New York,New York,Normal,Male,Electronics,Electronics,24.74,10.0,12.37,259.77,0.0,0.0,2/24/2024,Cash,7.1
611,611,Chicago,Chicago,Member,Female,Sports & Travel,Sports & Travel,91.41,5.0,22.85,479.9,0.0,0.0,2/25/2024,Ewallet,7.1
612,612,Los Angeles,Los Angeles,Normal,Male,Fashion & Accs,Fashion & Accs,94.13,5.0,23.53,494.18,0.0,0.0,2/25/2024,Credit card,4.8
613,613,Chicago,Chicago,Member,Female,Food & Beverages,Food & Beverages,99.6,3.0,14.94,313.74,0.0,0.0,2/25/2024,Cash,5.8
614,614,Chicago,Chicago,Member,Female,Electronics,Electronics,68.84,6.0,20.65,433.69,0.0,0.0,2/25/2024,Ewallet,5.8
615,615,Los Angeles,Los Angeles,Member,Female,Home & Lifestyle,Home & Lifestyle,82.04,5.0,20.51,430.71,0.0,0.0,2/25/2024,Credit card,7.6
616,616,New York,New York,Normal,Male,Food & Beverages,Food & Beverages,48.61,1.0,2.43,51.04,0.0,0.0,2/25/2024,Cash,4.4
617,617,New York,New York,Member,Male,Electronics,Electronics,86.04,5.0,21.51,451.71,0.0,0.0,2/25/2024,Ewallet,4.8
618,618,Los Angeles,Los Angeles,Normal,Male,Sports & Travel,Sports & Travel,88.45,1.0,4.42,92.87,0.0,0.0,2/25/2024,Credit card,9.5
619,619,Los Angeles,Los Angeles,Normal,Male,Health & Beauty,Health & Beauty,62.57,4.0,12.51,262.79,0.0,0.0,2/25/2024,Cash,9.5
620,620,Los Angeles,Los Angeles,Member,Male,Electronics,Electronics,39.75,1.0,1.99,41.74,0.0,0.0,2/25/2024,Cash,6.1
621,621,Chicago,Chicago,Normal,Female,Fashion & Accs,Fashion & Accs,73.05,4.0,14.61,306.81,0.0,0.0,2/25/2024,Credit card,4.9
622,622,Los Angeles,Los Angeles,Normal,Female,Electronics,Electronics,52.79,10.0,26.4,554.3,0.0,0.0,2/25/2024,Ewallet,10.0
623,623,Chicago,Chicago,Normal,Male,Health & Beauty,Health & Beauty,65.18,3.0,9.78,205.32,0.0,0.0,2/25/2024,Credit card,6.3
624,624,Los Angeles,Los Angeles,Member,Male,Health & Beauty,Health & Beauty,42.57,8.0,17.03,357.59,0.0,0.0,2/25/2024,Ewallet,5.6
625,625,Los Angeles,Los Angeles,Member,Female,Food & Beverages,Food & Beverages,62.85,4.0,12.57,263.97,0.0,0.0,2/25/2024,Ewallet,8.7
626,626,Chicago,Chicago,Normal,Male,Sports & Travel,Sports & Travel,63.69,1.0,3.18,66.87,0.0,0.0,2/25/2024,Cash,6.0
627,627,New York,New York,Normal,Female,Food & Beverages,Food & Beverages,22.93,9.0,10.32,216.69,0.0,0.0,2/26/2024,Cash,5.5
628,628,Los Angeles,Los Angeles,Member,Male,Food & Beverages,Food & Beverages,26.6,6.0,7.98,167.58,0.0,0.0,2/26/2024,Ewallet,4.9
629,629,Los Angeles,Los Angeles,Normal,Female,Health & Beauty,Health & Beauty,99.71,6.0,29.91,628.17,0.0,0.0,2/26/2024,Ewallet,7.9
630,630,Los Angeles,Los Angeles,Normal,Male,Sports & Travel,Sports & Travel,54.45,1.0,2.72,57.17,0.0,0.0,2/26/2024,Ewallet,7.9
631,631,Los Angeles,Los Angeles,Normal,Male,Fashion & Accs,Fashion & Accs,99.89,2.0,9.99,209.77,0.0,0.0,2/26/2024,Ewallet,7.1
632,632,Chicago,Chicago,Normal,Female,Electronics,Electronics,46.61,2.0,4.66,97.88,0.0,0.0,2/26/2024,Credit card,6.6
633,633,Los Angeles,Los Angeles,Member,Female,Sports & Travel,Sports & Travel,95.54,4.0,19.11,401.27,0.0,0.0,2/26/2024,Ewallet,4.5
634,634,Chicago,Chicago,Member,Male,Fashion & Accs,Fashion & Accs,55.45,1.0,2.77,58.22,0.0,0.0,2/26/2024,Credit card,4.9
635,635,Los Angeles,Los Angeles,Member,Female,Electronics,Electronics,90.7,6.0,27.21,571.41,0.0,0.0,2/26/2024,Cash,5.3
636,636,Los Angeles,Los Angeles,Member,Male,Health & Beauty,Health & Beauty,56.69,9.0,25.51,535.72,0.0,0.0,2/27/2024,Credit card,8.4
637,637,Los Angeles,Los Angeles,Normal,Male,Sports & Travel,Sports & Travel,67.27,5.0,16.82,353.17,0.0,0.0,2/27/2024,Cash,6.9
638,638,Los Angeles,Los Angeles,Member,Female,Fashion & Accs,Fashion & Accs,19.77,10.0,9.88,207.58,0.0,0.0,2/27/2024,Credit card,5.0
639,639,Los Angeles,Los Angeles,Normal,Female,Health & Beauty,Health & Beauty,76.99,6.0,23.1,485.04,0.0,0.0,2/27/2024,Cash,6.1
640,640,Chicago,Chicago,Normal,Female,Fashion & Accs,Fashion & Accs,77.93,9.0,35.07,736.44,0.0,0.0,2/27/2024,Ewallet,7.6
641,641,Chicago,Chicago,Member,Male,Electronics,Electronics,92.6,7.0,32.41,680.61,0.0,0.0,2/27/2024,Credit card,9.3
642,642,New York,New York,Normal,Female,Electronics,Electronics,99.69,1.0,4.98,104.67,0.0,0.0,2/27/2024,Credit card,8.0
643,643,New York,New York,Normal,Female,Food & Beverages,Food & Beverages,94.47,8.0,37.79,793.55,0.0,0.0,2/27/2024,Cash,9.1
644,644,New York,New York,Member,Female,Health & Beauty,Health & Beauty,85.87,7.0,30.05,631.14,0.0,0.0,2/27/2024,Credit card,8.0
645,645,Chicago,Chicago,Member,Male,Fashion & Accs,Fashion & Accs,21.48,2.0,2.15,45.11,0.0,0.0,2/27/2024,Ewallet,6.6
646,646,Los Angeles,Los Angeles,Normal,Female,Health & Beauty,Health & Beauty,13.5,10.0,6.75,141.75,0.0,0.0,2/27/2024,Credit card,4.8
647,647,Chicago,Chicago,Member,Male,Food & Beverages,Food & Beverages,18.85,10.0,9.43,197.93,0.0,0.0,2/27/2024,Ewallet,5.6
648,648,Los Angeles,Los Angeles,Normal,Male,Fashion & Accs,Fashion & Accs,52.42,3.0,7.86,165.12,0.0,0.0,2/27/2024,Ewallet,7.5
649,649,Chicago,Chicago,Normal,Female,Food & Beverages,Food & Beverages,74.44,10.0,37.22,781.62,0.0,0.0,2/27/2024,Ewallet,5.1
650,650,Los Angeles,Los Angeles,Normal,Female,Fashion & Accs,Fashion & Accs,41.09,10.0,20.54,431.44,0.0,0.0,2/28/2024,Cash,7.3
651,651,Chicago,Chicago,Normal,Male,Health & Beauty,Health & Beauty,56.0,3.0,8.4,176.4,0.0,0.0,2/28/2024,Ewallet,4.8
652,652,New York,New York,Normal,Female,Electronics,Electronics,85.98,8.0,34.39,722.23,0.0,0.0,2/28/2024,Cash,8.2
653,653,Chicago,Chicago,Member,Male,Food & Beverages,Food & Beverages,80.62,6.0,24.19,507.91,0.0,0.0,2/28/2024,Cash,9.1
654,654,New York,New York,Member,Male,Fashion & Accs,Fashion & Accs,93.2,2.0,9.32,195.72,0.0,0.0,2/28/2024,Credit card,6.0
655,655,Los Angeles,Los Angeles,Normal,Male,Electronics,Electronics,60.3,1.0,3.02,63.32,0.0,0.0,2/28/2024,Cash,6.0
656,656,Los Angeles,Los Angeles,Member,Female,Food & Beverages,Food & Beverages,60.3,4.0,12.06,253.26,0.0,0.0,2/29/2024,Cash,5.8
657,657,Los Angeles,Los Angeles,Normal,Male,Food & Beverages,Food & Beverages,92.29,5.0,23.07,484.52,0.0,0.0,2/29/2024,Credit card,9.0
658,658,Los Angeles,Los Angeles,Normal,Male,Food & Beverages,Food & Beverages,57.74,3.0,8.66,181.88,0.0,0.0,2/29/2024,Ewallet,7.7
659,659,Chicago,Chicago,Member,Male,Health & Beauty,Health & Beauty,66.68,5.0,16.67,350.07,0.0,0.0,2/29/2024,Cash,7.6
660,660,New York,New York,Normal,Male,Food & Beverages,Food & Beverages,98.79,3.0,14.82,311.19,0.0,0.0,2/29/2024,Ewallet,6.4
661,661,Los Angeles,Los Angeles,Normal,Female,Food & Beverages,Food & Beverages,73.47,4.0,14.69,308.57,0.0,0.0,2/29/2024,Cash,6.0
662,662,Los Angeles,Los Angeles,Member,Female,Food & Beverages,Food & Beverages,80.36,4.0,16.07,337.51,0.0,0.0,2/29/2024,Credit card,8.3
663,663,Chicago,Chicago,Member,Female,Health & Beauty,Health & Beauty,10.16,5.0,2.54,53.34,0.0,0.0,2/29/2024,Ewallet,4.1
664,664,Los Angeles,Los Angeles,Normal,Male,Electronics,Electronics,27.5,3.0,4.12,86.62,0.0,0.0,3/1/2024,Ewallet,6.5
665,665,New York,New York,Member,Female,Food & Beverages,Food & Beverages,74.89,4.0,14.98,314.54,0.0,0.0,3/1/2024,Ewallet,4.2
666,666,Chicago,Chicago,Normal,Female,Electronics,Electronics,45.48,10.0,22.74,477.54,0.0,0.0,3/1/2024,Credit card,4.8
667,667,Los Angeles,Los Angeles,Member,Male,Food & Beverages,Food & Beverages,53.72,1.0,2.69,56.41,0.0,0.0,3/1/2024,Ewallet,6.4
668,668,Los Angeles,Los Angeles,Member,Male,Fashion & Accs,Fashion & Accs,81.31,7.0,28.46,597.63,0.0,0.0,3/1/2024,Ewallet,6.3
669,669,Chicago,Chicago,Normal,Male,Home & Lifestyle,Home & Lifestyle,34.73,2.0,3.47,72.93,0.0,0.0,3/1/2024,Ewallet,9.7
670,670,New York,New York,Normal,Male,Fashion & Accs,Fashion & Accs,78.55,9.0,35.35,742.3,0.0,0.0,3/1/2024,Cash,7.2
671,671,Chicago,Chicago,Member,Female,Fashion & Accs,Fashion & Accs,22.32,4.0,4.46,93.74,0.0,0.0,3/1/2024,Credit card,4.4
672,672,Los Angeles,Los Angeles,Normal,Male,Health & Beauty,Health & Beauty,69.51,2.0,6.95,145.97,0.0,0.0,3/1/2024,Ewallet,8.1
673,673,Los Angeles,Los Angeles,Normal,Male,Health & Beauty,Health & Beauty,14.82,3.0,2.22,46.68,0.0,0.0,3/1/2024,Credit card,8.7
674,674,Los Angeles,Los Angeles,Member,Female,Electronics,Electronics,26.26,3.0,3.94,82.72,0.0,0.0,3/2/2024,Ewallet,6.3
675,675,New York,New York,Member,Female,Sports & Travel,Sports & Travel,54.55,10.0,27.28,572.78,0.0,0.0,3/2/2024,Credit card,7.1
676,676,Chicago,Chicago,Member,Female,Sports & Travel,Sports & Travel,39.47,2.0,3.95,82.89,0.0,0.0,3/2/2024,Credit card,5.0
677,677,Los Angeles,Los Angeles,Normal,Female,Home & Lifestyle,Home & Lifestyle,97.38,10.0,48.69,1022.49,0.0,0.0,3/2/2024,Ewallet,4.4
678,678,New York,New York,Member,Female,Fashion & Accs,Fashion & Accs,92.49,5.0,23.12,485.57,0.0,0.0,3/2/2024,Credit card,8.6
679,679,Los Angeles,Los Angeles,Member,Male,Home & Lifestyle,Home & Lifestyle,27.0,9.0,12.15,255.15,0.0,0.0,3/2/2024,Cash,4.8
680,680,Los Angeles,Los Angeles,Normal,Female,Electronics,Electronics,99.73,9.0,44.88,942.45,0.0,0.0,3/2/2024,Credit card,6.5
681,681,Los Angeles,Los Angeles,Member,Female,Home & Lifestyle,Home & Lifestyle,88.39,9.0,39.78,835.29,0.0,0.0,3/2/2024,Cash,6.3
682,682,New York,New York,Normal,Female,Fashion & Accs,Fashion & Accs,27.02,3.0,4.05,85.11,0.0,0.0,3/2/2024,Credit card,7.1
683,683,Los Angeles,Los Angeles,Member,Female,Electronics,Electronics,13.22,5.0,3.31,69.41,0.0,0.0,3/2/2024,Cash,4.3
684,684,Chicago,Chicago,Member,Male,Sports & Travel,Sports & Travel,88.63,3.0,13.29,279.18,0.0,0.0,3/2/2024,Ewallet,6.0
685,685,Los Angeles,Los Angeles,Normal,Female,Electronics,Electronics,38.27,2.0,3.83,80.37,0.0,0.0,3/2/2024,Credit card,5.8
686,686,New York,New York,Member,Male,Health & Beauty,Health & Beauty,85.6,7.0,29.96,629.16,0.0,0.0,3/2/2024,Cash,5.3
687,687,New York,New York,Normal,Female,Sports & Travel,Sports & Travel,73.98,7.0,25.89,543.75,0.0,0.0,3/2/2024,Ewallet,4.1
688,688,Los Angeles,Los Angeles,Normal,Male,Sports & Travel,Sports & Travel,25.31,2.0,2.53,53.15,0.0,0.0,3/2/2024,Ewallet,7.2
689,689,Los Angeles,Los Angeles,Normal,Female,Health & Beauty,Health & Beauty,73.41,3.0,11.01,231.24,0.0,0.0,3/2/2024,Ewallet,4.0
690,690,New York,New York,Normal,Female,Sports & Travel,Sports & Travel,14.39,2.0,1.44,30.22,0.0,0.0,3/2/2024,Credit card,7.2
691,691,Chicago,Chicago,Normal,Male,Food & Beverages,Food & Beverages,66.52,4.0,13.3,279.38,0.0,0.0,3/2/2024,Ewallet,6.9
692,692,New York,New York,Member,Male,Health & Beauty,Health & Beauty,46.53,6.0,13.96,293.14,0.0,0.0,3/3/2024,Credit card,4.3
693,693,Chicago,Chicago,Member,Male,Food & Beverages,Food & Beverages,22.17,8.0,8.87,186.23,0.0,0.0,3/3/2024,Credit card,9.6
694,694,New York,New York,Member,Male,Electronics,Electronics,81.97,10.0,40.99,860.69,0.0,0.0,3/3/2024,Cash,9.2
695,695,New York,New York,Member,Female,Electronics,Electronics,51.92,5.0,12.98,272.58,0.0,0.0,3/3/2024,Cash,7.5
696,696,New York,New York,Normal,Female,Home & Lifestyle,Home & Lifestyle,44.01,8.0,17.6,369.68,0.0,0.0,3/3/2024,Cash,8.8
697,697,New York,New York,Normal,Male,Electronics,Electronics,20.85,8.0,8.34,175.14,0.0,0.0,3/3/2024,Cash,6.3
698,698,Chicago,Chicago,Normal,Male,Fashion & Accs,Fashion & Accs,46.41,1.0,2.32,48.73,0.0,0.0,3/3/2024,Credit card,4.0
699,699,Chicago,Chicago,Normal,Male,Health & Beauty,Health & Beauty,25.0,1.0,1.25,26.25,0.0,0.0,3/3/2024,Ewallet,5.5
700,700,Chicago,Chicago,Normal,Male,Health & Beauty,Health & Beauty,28.95,7.0,10.13,212.78,0.0,0.0,3/3/2024,Credit card,6.0
701,701,Los Angeles,Los Angeles,Member,Female,Home & Lifestyle,Home & Lifestyle,94.49,8.0,37.8,793.72,0.0,0.0,3/3/2024,Ewallet,7.5
702,702,New York,New York,Member,Female,Electronics,Electronics,30.2,8.0,12.08,253.68,0.0,0.0,3/3/2024,Ewallet,5.1
703,703,Los Angeles,Los Angeles,Member,Male,Home & Lifestyle,Home & Lifestyle,30.12,8.0,12.05,253.01,0.0,0.0,3/3/2024,Cash,7.7
704,704,Chicago,Chicago,Normal,Male,Home & Lifestyle,Home & Lifestyle,46.33,7.0,16.22,340.53,0.0,0.0,3/3/2024,Credit card,7.4
705,705,Los Angeles,Los Angeles,Member,Female,Food & Beverages,Food & Beverages,73.05,10.0,36.52,767.02,0.0,0.0,3/3/2024,Credit card,8.7
706,706,Chicago,Chicago,Normal,Female,Home & Lifestyle,Home & Lifestyle,33.3,9.0,14.98,314.68,0.0,0.0,3/4/2024,Ewallet,7.2
707,707,Chicago,Chicago,Normal,Female,Food & Beverages,Food & Beverages,74.66,4.0,14.93,313.57,0.0,0.0,3/4/2024,Cash,8.5
708,708,New York,New York,Member,Female,Food & Beverages,Food & Beverages,98.7,8.0,39.48,829.08,0.0,0.0,3/4/2024,Cash,7.6
709,709,Chicago,Chicago,Normal,Female,Health & Beauty,Health & Beauty,68.71,3.0,10.31,216.44,0.0,0.0,3/4/2024,Cash,8.7
710,710,Chicago,Chicago,Member,Female,Fashion & Accs,Fashion & Accs,48.96,9.0,22.03,462.67,0.0,0.0,3/4/2024,Cash,8.0
711,711,Chicago,Chicago,Normal,Female,Home & Lifestyle,Home & Lifestyle,56.53,4.0,11.31,237.43,0.0,0.0,3/4/2024,Ewallet,5.5
712,712,Chicago,Chicago,Normal,Male,Health & Beauty,Health & Beauty,14.62,5.0,3.66,76.76,0.0,0.0,3/4/2024,Cash,4.4
713,713,Chicago,Chicago,Member,Male,Health & Beauty,Health & Beauty,99.83,6.0,29.95,628.93,0.0,0.0,3/4/2024,Ewallet,8.5
714,714,Chicago,Chicago,Normal,Female,Sports & Travel,Sports & Travel,12.34,7.0,4.32,90.7,0.0,0.0,3/4/2024,Credit card,6.7
715,715,New York,New York,Normal,Female,Electronics,Electronics,30.24,1.0,1.51,31.75,0.0,0.0,3/4/2024,Cash,8.4
716,716,Los Angeles,Los Angeles,Member,Male,Electronics,Electronics,19.24,9.0,8.66,181.82,0.0,0.0,3/4/2024,Cash,8.0
717,717,Chicago,Chicago,Member,Male,Health & Beauty,Health & Beauty,48.63,10.0,24.32,510.62,0.0,0.0,3/4/2024,Cash,8.8
718,718,Los Angeles,Los Angeles,Member,Female,Health & Beauty,Health & Beauty,41.06,6.0,12.32,258.68,0.0,0.0,3/5/2024,Credit card,8.3
719,719,Los Angeles,Los Angeles,Member,Female,Food & Beverages,Food & Beverages,48.52,3.0,7.28,152.84,0.0,0.0,3/5/2024,Ewallet,4.0
720,720,Los Angeles,Los Angeles,Member,Male,Food & Beverages,Food & Beverages,18.08,3.0,2.71,56.95,0.0,0.0,3/5/2024,Ewallet,8.0
721,721,Los Angeles,Los Angeles,Normal,Male,Sports & Travel,Sports & Travel,69.74,10.0,34.87,732.27,0.0,0.0,3/5/2024,Credit card,8.9
722,722,New York,New York,Member,Female,Home & Lifestyle,Home & Lifestyle,12.12,10.0,6.06,127.26,0.0,0.0,3/5/2024,Credit card,8.4
723,723,Los Angeles,Los Angeles,Member,Female,Health & Beauty,Health & Beauty,25.32,8.0,10.13,212.69,0.0,0.0,3/5/2024,Ewallet,8.7
724,724,New York,New York,Member,Female,Fashion & Accs,Fashion & Accs,44.22,5.0,11.06,232.16,0.0,0.0,3/5/2024,Credit card,8.6
725,725,Los Angeles,Los Angeles,Member,Female,Health & Beauty,Health & Beauty,55.97,7.0,19.59,411.38,0.0,0.0,3/5/2024,Ewallet,8.9
726,726,Los Angeles,Los Angeles,Normal,Female,Home & Lifestyle,Home & Lifestyle,95.46,8.0,38.18,801.86,0.0,0.0,3/5/2024,Ewallet,4.7
727,727,Los Angeles,Los Angeles,Normal,Male,Home & Lifestyle,Home & Lifestyle,82.7,6.0,24.81,521.01,0.0,0.0,3/5/2024,Cash,7.4
728,728,Chicago,Chicago,Normal,Male,Electronics,Electronics,78.31,3.0,11.75,246.68,0.0,0.0,3/5/2024,Ewallet,5.4
729,729,New York,New York,Member,Male,Health & Beauty,Health & Beauty,65.31,7.0,22.86,480.03,0.0,0.0,3/5/2024,Credit card,4.2
730,730,Los Angeles,Los Angeles,Member,Male,Fashion & Accs,Fashion & Accs,21.94,5.0,5.48,115.18,0.0,0.0,3/5/2024,Ewallet,5.3
731,731,Chicago,Chicago,Normal,Female,Fashion & Accs,Fashion & Accs,81.91,2.0,8.19,172.01,0.0,0.0,3/5/2024,Cash,7.8
732,732,New York,New York,Normal,Female,Sports & Travel,Sports & Travel,83.06,7.0,29.07,610.49,0.0,0.0,3/5/2024,Ewallet,4.0
733,733,Los Angeles,Los Angeles,Normal,Male,Health & Beauty,Health & Beauty,87.98,3.0,13.2,277.14,0.0,0.0,3/5/2024,Ewallet,5.1
734,734,New York,New York,Member,Female,Food & Beverages,Food & Beverages,78.31,10.0,39.16,822.26,0.0,0.0,3/5/2024,Ewallet,6.6
735,735,Los Angeles,Los Angeles,Member,Male,Sports & Travel,Sports & Travel,37.32,9.0,16.79,352.67,0.0,0.0,3/6/2024,Ewallet,5.1
736,736,Los Angeles,Los Angeles,Normal,Male,Electronics,Electronics,28.38,5.0,7.1,149.0,0.0,0.0,3/6/2024,Cash,9.4
737,737,Chicago,Chicago,Member,Female,Sports & Travel,Sports & Travel,92.13,6.0,27.64,580.42,0.0,0.0,3/6/2024,Cash,8.3
738,738,Los Angeles,Los Angeles,Normal,Male,Food & Beverages,Food & Beverages,62.08,7.0,21.73,456.29,0.0,0.0,3/6/2024,Ewallet,5.4
739,739,Los Angeles,Los Angeles,Normal,Female,Sports & Travel,Sports & Travel,67.43,5.0,16.86,354.01,0.0,0.0,3/6/2024,Ewallet,6.3
740,740,Chicago,Chicago,Member,Male,Sports & Travel,Sports & Travel,15.81,10.0,7.9,166.0,0.0,0.0,3/6/2024,Credit card,8.6
741,741,Chicago,Chicago,Normal,Female,Health & Beauty,Health & Beauty,79.74,1.0,3.99,83.73,0.0,0.0,3/6/2024,Ewallet,7.3
742,742,Chicago,Chicago,Member,Male,Electronics,Electronics,21.5,9.0,9.68,203.18,0.0,0.0,3/6/2024,Credit card,7.8
743,743,Los Angeles,Los Angeles,Member,Male,Home & Lifestyle,Home & Lifestyle,71.86,8.0,28.74,603.62,0.0,0.0,3/6/2024,Credit card,6.2
744,744,Los Angeles,Los Angeles,Member,Male,Fashion & Accs,Fashion & Accs,49.92,2.0,4.99,104.83,0.0,0.0,3/6/2024,Credit card,7.0
745,745,New York,New York,Normal,Male,Home & Lifestyle,Home & Lifestyle,37.0,1.0,1.85,38.85,0.0,0.0,3/6/2024,Credit card,7.9
746,746,New York,New York,Normal,Male,Electronics,Electronics,84.07,4.0,16.81,353.09,0.0,0.0,3/7/2024,Ewallet,4.4
747,747,Los Angeles,Los Angeles,Normal,Male,Home & Lifestyle,Home & Lifestyle,16.16,2.0,1.62,33.94,0.0,0.0,3/7/2024,Ewallet,6.5
748,748,New York,New York,Normal,Female,Fashion & Accs,Fashion & Accs,16.45,4.0,3.29,69.09,0.0,0.0,3/7/2024,Ewallet,5.6
749,749,New York,New York,Normal,Male,Food & Beverages,Food & Beverages,99.79,2.0,9.98,209.56,0.0,0.0,3/7/2024,Ewallet,8.0
750,750,Chicago,Chicago,Member,Female,Health & Beauty,Health & Beauty,15.55,9.0,7.0,146.95,0.0,0.0,3/7/2024,Cash,5.0
751,751,Chicago,Chicago,Member,Female,Home & Lifestyle,Home & Lifestyle,28.31,4.0,5.66,118.9,0.0,0.0,3/7/2024,Cash,8.2
752,752,Chicago,Chicago,Normal,Male,Home & Lifestyle,Home & Lifestyle,97.94,1.0,4.9,102.84,0.0,0.0,3/7/2024,Ewallet,6.9
753,753,New York,New York,Normal,Male,Electronics,Electronics,22.21,6.0,6.66,139.92,0.0,0.0,3/7/2024,Credit card,8.6
754,754,Los Angeles,Los Angeles,Normal,Male,Home & Lifestyle,Home & Lifestyle,50.28,5.0,12.57,263.97,0.0,0.0,3/7/2024,Ewallet,9.7
755,755,Chicago,Chicago,Normal,Male,Electronics,Electronics,97.16,1.0,4.86,102.02,0.0,0.0,3/8/2024,Ewallet,7.2
756,756,New York,New York,Member,Male,Food & Beverages,Food & Beverages,17.04,4.0,3.41,71.57,0.0,0.0,3/8/2024,Ewallet,7.0
757,757,New York,New York,Normal,Female,Electronics,Electronics,15.28,5.0,3.82,80.22,0.0,0.0,3/8/2024,Cash,9.6
758,758,Chicago,Chicago,Normal,Male,Home & Lifestyle,Home & Lifestyle,33.99,6.0,10.2,214.14,0.0,0.0,3/8/2024,Credit card,7.7
759,759,Chicago,Chicago,Normal,Female,Fashion & Accs,Fashion & Accs,61.77,5.0,15.44,324.29,0.0,0.0,3/8/2024,Cash,6.7
760,760,New York,New York,Normal,Male,Food & Beverages,Food & Beverages,43.27,2.0,4.33,90.87,0.0,0.0,3/8/2024,Ewallet,5.7
761,761,Chicago,Chicago,Member,Female,Home & Lifestyle,Home & Lifestyle,90.65,10.0,45.32,951.82,0.0,0.0,3/8/2024,Ewallet,7.3
762,762,Los Angeles,Los Angeles,Member,Female,Food & Beverages,Food & Beverages,17.63,5.0,4.41,92.56,0.0,0.0,3/8/2024,Cash,8.5
763,763,New York,New York,Normal,Female,Fashion & Accs,Fashion & Accs,37.55,10.0,18.78,394.28,0.0,0.0,3/8/2024,Credit card,9.3
764,764,New York,New York,Normal,Female,Health & Beauty,Health & Beauty,81.3,6.0,24.39,512.19,0.0,0.0,3/8/2024,Ewallet,5.3
765,765,New York,New York,Normal,Female,Health & Beauty,Health & Beauty,46.26,6.0,13.88,291.44,0.0,0.0,3/8/2024,Credit card,9.5
766,766,Los Angeles,Los Angeles,Member,Female,Electronics,Electronics,93.96,4.0,18.79,394.63,0.0,0.0,3/9/2024,Cash,9.5
767,767,Chicago,Chicago,Normal,Male,Health & Beauty,Health & Beauty,51.71,4.0,10.34,217.18,0.0,0.0,3/9/2024,Credit card,9.8
768,768,New York,New York,Member,Female,Food & Beverages,Food & Beverages,98.97,9.0,44.54,935.27,0.0,0.0,3/9/2024,Cash,6.7
769,769,Los Angeles,Los Angeles,Member,Male,Sports & Travel,Sports & Travel,99.96,9.0,44.98,944.62,0.0,0.0,3/9/2024,Credit card,4.2
770,770,Chicago,Chicago,Normal,Male,Sports & Travel,Sports & Travel,60.87,2.0,6.09,127.83,0.0,0.0,3/9/2024,Ewallet,8.7
771,771,Chicago,Chicago,Member,Male,Health & Beauty,Health & Beauty,51.94,10.0,25.97,545.37,0.0,0.0,3/9/2024,Ewallet,6.5
772,772,Chicago,Chicago,Member,Female,Sports & Travel,Sports & Travel,52.26,10.0,26.13,548.73,0.0,0.0,3/9/2024,Credit card,6.2
773,773,Los Angeles,Los Angeles,Normal,Male,Fashion & Accs,Fashion & Accs,95.54,7.0,33.44,702.22,0.0,0.0,3/9/2024,Credit card,9.6
774,774,Los Angeles,Los Angeles,Member,Female,Fashion & Accs,Fashion & Accs,56.47,8.0,22.59,474.35,0.0,0.0,3/9/2024,Ewallet,7.3
775,775,Los Angeles,Los Angeles,Member,Male,Electronics,Electronics,25.51,4.0,5.1,107.14,0.0,0.0,3/9/2024,Cash,6.8
776,776,Los Angeles,Los Angeles,Member,Female,Home & Lifestyle,Home & Lifestyle,52.18,7.0,18.26,383.52,0.0,0.0,3/9/2024,Cash,9.3
777,777,New York,New York,Member,Male,Sports & Travel,Sports & Travel,48.91,5.0,12.23,256.78,0.0,0.0,3/9/2024,Cash,6.6
778,778,New York,New York,Normal,Male,Fashion & Accs,Fashion & Accs,16.28,1.0,0.81,17.09,0.0,0.0,3/9/2024,Cash,5.0
779,779,New York,New York,Normal,Female,Electronics,Electronics,75.91,6.0,22.77,478.23,0.0,0.0,3/9/2024,Cash,8.7
780,780,Chicago,Chicago,Member,Male,Food & Beverages,Food & Beverages,99.78,5.0,24.94,523.84,0.0,0.0,3/9/2024,Cash,5.4
781,781,Chicago,Chicago,Normal,Female,Fashion & Accs,Fashion & Accs,97.29,8.0,38.92,817.24,0.0,0.0,3/9/2024,Credit card,6.2
782,782,Chicago,Chicago,Normal,Male,Sports & Travel,Sports & Travel,25.84,3.0,3.88,81.4,0.0,0.0,3/10/2024,Ewallet,6.6
783,783,Chicago,Chicago,Normal,Male,Electronics,Electronics,58.03,2.0,5.8,121.86,0.0,0.0,3/10/2024,Ewallet,8.8
784,784,Los Angeles,Los Angeles,Normal,Female,Electronics,Electronics,25.45,1.0,1.27,26.72,0.0,0.0,3/10/2024,Credit card,5.1
785,785,Los Angeles,Los Angeles,Normal,Male,Food & Beverages,Food & Beverages,18.22,7.0,6.38,133.92,0.0,0.0,3/10/2024,Credit card,6.6
786,786,Los Angeles,Los Angeles,Normal,Female,Food & Beverages,Food & Beverages,57.34,3.0,8.6,180.62,0.0,0.0,3/10/2024,Credit card,7.9
787,787,New York,New York,Member,Male,Health & Beauty,Health & Beauty,81.95,10.0,40.98,860.48,0.0,0.0,3/10/2024,Credit card,6.0
788,788,Chicago,Chicago,Normal,Female,Home & Lifestyle,Home & Lifestyle,93.69,7.0,32.79,688.62,0.0,0.0,3/10/2024,Credit card,4.5
789,789,New York,New York,Member,Female,Home & Lifestyle,Home & Lifestyle,35.79,9.0,16.11,338.22,0.0,0.0,3/10/2024,Credit card,5.1
790,790,Chicago,Chicago,Member,Male,Sports & Travel,Sports & Travel,62.62,5.0,15.66,328.76,0.0,0.0,3/10/2024,Ewallet,7.0
791,791,Chicago,Chicago,Normal,Female,Fashion & Accs,Fashion & Accs,87.67,2.0,8.77,184.11,0.0,0.0,3/10/2024,Credit card,7.7
792,792,New York,New York,Normal,Male,Fashion & Accs,Fashion & Accs,45.74,3.0,6.86,144.08,0.0,0.0,3/10/2024,Credit card,6.5
793,793,Chicago,Chicago,Member,Male,Food & Beverages,Food & Beverages,10.13,7.0,3.55,74.46,0.0,0.0,3/10/2024,Ewallet,8.3
794,794,Los Angeles,Los Angeles,Normal,Female,Home & Lifestyle,Home & Lifestyle,40.3,2.0,4.03,84.63,0.0,0.0,3/11/2024,Ewallet,4.4
795,795,Chicago,Chicago,Member,Female,Health & Beauty,Health & Beauty,68.93,7.0,24.13,506.64,0.0,0.0,3/11/2024,Credit card,4.6
796,796,New York,New York,Normal,Male,Food & Beverages,Food & Beverages,46.77,6.0,14.03,294.65,0.0,0.0,3/11/2024,Cash,6.0
797,797,New York,New York,Member,Male,Sports & Travel,Sports & Travel,34.56,7.0,12.1,254.02,0.0,0.0,3/11/2024,Credit card,7.3
798,798,Chicago,Chicago,Normal,Male,Health & Beauty,Health & Beauty,59.77,2.0,5.98,125.52,0.0,0.0,3/11/2024,Credit card,5.8
799,799,Chicago,Chicago,Normal,Female,Home & Lifestyle,Home & Lifestyle,63.42,8.0,25.37,532.73,0.0,0.0,3/11/2024,Ewallet,7.4
800,800,Chicago,Chicago,Normal,Female,Fashion & Accs,Fashion & Accs,94.67,4.0,18.93,397.61,0.0,0.0,3/11/2024,Cash,6.8
801,801,Chicago,Chicago,Normal,Female,Home & Lifestyle,Home & Lifestyle,28.32,5.0,7.08,148.68,0.0,0.0,3/11/2024,Ewallet,6.2
802,802,New York,New York,Member,Female,Health & Beauty,Health & Beauty,29.67,7.0,10.38,218.07,0.0,0.0,3/11/2024,Credit card,8.1
803,803,Los Angeles,Los Angeles,Member,Female,Electronics,Electronics,34.49,5.0,8.62,181.07,0.0,0.0,3/11/2024,Credit card,9.0
804,804,Los Angeles,Los Angeles,Member,Female,Sports & Travel,Sports & Travel,29.61,7.0,10.36,217.63,0.0,0.0,3/11/2024,Cash,6.5
805,805,Los Angeles,Los Angeles,Member,Female,Home & Lifestyle,Home & Lifestyle,40.73,7.0,14.26,299.37,0.0,0.0,3/12/2024,Ewallet,5.4
806,806,Chicago,Chicago,Member,Female,Sports & Travel,Sports & Travel,98.4,7.0,34.44,723.24,0.0,0.0,3/12/2024,Credit card,8.7
807,807,Chicago,Chicago,Member,Female,Health & Beauty,Health & Beauty,47.67,4.0,9.53,200.21,0.0,0.0,3/12/2024,Cash,9.1
808,808,New York,New York,Normal,Male,Electronics,Electronics,30.61,6.0,9.18,192.84,0.0,0.0,3/12/2024,Cash,9.3
809,809,New York,New York,Member,Male,Food & Beverages,Food & Beverages,94.26,4.0,18.85,395.89,0.0,0.0,3/12/2024,Cash,8.6
810,810,Los Angeles,Los Angeles,Normal,Male,Sports & Travel,Sports & Travel,97.74,4.0,19.55,410.51,0.0,0.0,3/12/2024,Ewallet,6.4
811,811,Los Angeles,Los Angeles,Member,Male,Health & Beauty,Health & Beauty,64.36,9.0,28.96,608.2,0.0,0.0,3/12/2024,Credit card,8.6
812,812,New York,New York,Member,Male,Food & Beverages,Food & Beverages,55.04,7.0,19.26,404.54,0.0,0.0,3/12/2024,Ewallet,5.2
813,813,New York,New York,Normal,Male,Home & Lifestyle,Home & Lifestyle,46.22,4.0,9.24,194.12,0.0,0.0,3/12/2024,Credit card,6.2
814,814,New York,New York,Normal,Male,Health & Beauty,Health & Beauty,41.5,4.0,8.3,174.3,0.0,0.0,3/12/2024,Credit card,8.2
815,815,Los Angeles,Los Angeles,Member,Female,Electronics,Electronics,10.59,3.0,1.59,33.36,0.0,0.0,3/12/2024,Credit card,8.7
816,816,Los Angeles,Los Angeles,Member,Male,Health & Beauty,Health & Beauty,39.01,1.0,1.95,40.96,0.0,0.0,3/12/2024,Credit card,4.7
817,817,New York,New York,Normal,Male,Fashion & Accs,Fashion & Accs,56.5,1.0,2.82,59.32,0.0,0.0,3/13/2024,Ewallet,9.6
818,818,Chicago,Chicago,Normal,Female,Food & Beverages,Food & Beverages,54.27,5.0,13.57,284.92,0.0,0.0,3/13/2024,Ewallet,4.6
819,819,Los Angeles,Los Angeles,Member,Female,Fashion & Accs,Fashion & Accs,38.3,4.0,7.66,160.86,0.0,0.0,3/13/2024,Cash,5.7
820,820,Chicago,Chicago,Member,Male,Health & Beauty,Health & Beauty,15.87,10.0,7.94,166.64,0.0,0.0,3/13/2024,Cash,5.8
821,821,Chicago,Chicago,Normal,Male,Food & Beverages,Food & Beverages,45.79,7.0,16.03,336.56,0.0,0.0,3/13/2024,Credit card,7.0
822,822,New York,New York,Member,Male,Sports & Travel,Sports & Travel,72.88,2.0,7.29,153.05,0.0,0.0,3/13/2024,Cash,6.1
823,823,Los Angeles,Los Angeles,Normal,Male,Health & Beauty,Health & Beauty,18.11,10.0,9.06,190.16,0.0,0.0,3/13/2024,Ewallet,5.9
824,824,Los Angeles,Los Angeles,Normal,Female,Fashion & Accs,Fashion & Accs,34.7,2.0,3.47,72.87,0.0,0.0,3/13/2024,Ewallet,8.2
825,825,New York,New York,Member,Male,Home & Lifestyle,Home & Lifestyle,63.91,8.0,25.56,536.84,0.0,0.0,3/13/2024,Credit card,4.6
826,826,New York,New York,Normal,Female,Fashion & Accs,Fashion & Accs,12.19,8.0,4.88,102.4,0.0,0.0,3/13/2024,Ewallet,6.8
827,827,New York,New York,Normal,Female,Electronics,Electronics,51.32,9.0,23.09,484.97,0.0,0.0,3/14/2024,Cash,5.6
828,828,New York,New York,Member,Male,Sports & Travel,Sports & Travel,42.85,1.0,2.14,44.99,0.0,0.0,3/14/2024,Credit card,9.3
829,829,Chicago,Chicago,Member,Male,Food & Beverages,Food & Beverages,23.48,2.0,2.35,49.31,0.0,0.0,3/14/2024,Credit card,7.9
830,830,New York,New York,Normal,Female,Home & Lifestyle,Home & Lifestyle,70.11,6.0,21.03,441.69,0.0,0.0,3/14/2024,Ewallet,5.2
831,831,Los Angeles,Los Angeles,Member,Female,Fashion & Accs,Fashion & Accs,54.73,7.0,19.16,402.27,0.0,0.0,3/14/2024,Credit card,8.5
832,832,New York,New York,Normal,Male,Home & Lifestyle,Home & Lifestyle,35.47,4.0,7.09,148.97,0.0,0.0,3/14/2024,Credit card,6.9
833,833,Chicago,Chicago,Normal,Male,Electronics,Electronics,99.55,7.0,34.84,731.69,0.0,0.0,3/14/2024,Cash,7.6
834,834,New York,New York,Normal,Male,Electronics,Electronics,27.85,7.0,9.75,204.7,0.0,0.0,3/14/2024,Ewallet,6.0
835,835,Chicago,Chicago,Member,Female,Sports & Travel,Sports & Travel,97.48,9.0,43.87,921.19,0.0,0.0,3/14/2024,Ewallet,7.4
836,836,New York,New York,Member,Female,Sports & Travel,Sports & Travel,35.22,6.0,10.57,221.89,0.0,0.0,3/14/2024,Ewallet,6.5
837,837,Los Angeles,Los Angeles,Member,Female,Fashion & Accs,Fashion & Accs,22.32,4.0,4.46,93.74,0.0,0.0,3/14/2024,Ewallet,4.1
838,838,Los Angeles,Los Angeles,Normal,Male,Electronics,Electronics,21.58,9.0,9.71,203.93,0.0,0.0,3/14/2024,Cash,7.3
839,839,New York,New York,Member,Male,Electronics,Electronics,87.91,5.0,21.98,461.53,0.0,0.0,3/14/2024,Ewallet,4.4
840,840,New York,New York,Normal,Male,Food & Beverages,Food & Beverages,77.56,10.0,38.78,814.38,0.0,0.0,3/14/2024,Ewallet,6.9
841,841,Los Angeles,Los Angeles,Normal,Female,Food & Beverages,Food & Beverages,53.21,8.0,21.28,446.96,0.0,0.0,3/14/2024,Ewallet,5.0
842,842,New York,New York,Normal,Male,Fashion & Accs,Fashion & Accs,59.61,10.0,29.81,625.91,0.0,0.0,3/14/2024,Cash,5.3
843,843,Los Angeles,Los Angeles,Member,Male,Health & Beauty,Health & Beauty,82.58,10.0,41.29,867.09,0.0,0.0,3/14/2024,Cash,5.0
844,844,Chicago,Chicago,Normal,Female,Electronics,Electronics,15.69,3.0,2.35,49.42,0.0,0.0,3/14/2024,Credit card,5.8
845,845,Chicago,Chicago,Normal,Male,Health & Beauty,Health & Beauty,24.89,9.0,11.2,235.21,0.0,0.0,3/15/2024,Cash,7.4
846,846,Los Angeles,Los Angeles,Normal,Male,Home & Lifestyle,Home & Lifestyle,33.2,2.0,3.32,69.72,0.0,0.0,3/15/2024,Credit card,4.4
847,847,Los Angeles,Los Angeles,Member,Male,Sports & Travel,Sports & Travel,90.53,8.0,36.21,760.45,0.0,0.0,3/15/2024,Credit card,6.5
848,848,Los Angeles,Los Angeles,Normal,Male,Health & Beauty,Health & Beauty,10.75,8.0,4.3,90.3,0.0,0.0,3/15/2024,Ewallet,6.2
849,849,Chicago,Chicago,Member,Female,Fashion & Accs,Fashion & Accs,19.66,10.0,9.83,206.43,0.0,0.0,3/15/2024,Credit card,7.2
850,850,Los Angeles,Los Angeles,Member,Male,Sports & Travel,Sports & Travel,96.8,3.0,14.52,304.92,0.0,0.0,3/15/2024,Cash,5.3
851,851,New York,New York,Normal,Male,Home & Lifestyle,Home & Lifestyle,65.26,8.0,26.1,548.18,0.0,0.0,3/15/2024,Ewallet,6.3
852,852,Los Angeles,Los Angeles,Normal,Male,Home & Lifestyle,Home & Lifestyle,13.59,9.0,6.12,128.43,0.0,0.0,3/15/2024,Cash,5.8
853,853,Los Angeles,Los Angeles,Normal,Male,Fashion & Accs,Fashion & Accs,27.18,2.0,2.72,57.08,0.0,0.0,3/15/2024,Ewallet,4.3
854,854,Los Angeles,Los Angeles,Member,Female,Electronics,Electronics,57.49,4.0,11.5,241.46,0.0,0.0,3/15/2024,Cash,6.6
855,855,Chicago,Chicago,Normal,Male,Health & Beauty,Health & Beauty,96.58,2.0,9.66,202.82,0.0,0.0,3/15/2024,Credit card,5.1
856,856,Los Angeles,Los Angeles,Normal,Male,Health & Beauty,Health & Beauty,92.78,1.0,4.64,97.42,0.0,0.0,3/15/2024,Credit card,9.8
857,857,New York,New York,Normal,Male,Fashion & Accs,Fashion & Accs,97.26,4.0,19.45,408.49,0.0,0.0,3/16/2024,Ewallet,6.8
858,858,New York,New York,Normal,Female,Food & Beverages,Food & Beverages,87.8,9.0,39.51,829.71,0.0,0.0,3/16/2024,Cash,9.2
859,859,Chicago,Chicago,Normal,Female,Food & Beverages,Food & Beverages,63.61,5.0,15.9,333.95,0.0,0.0,3/16/2024,Ewallet,4.8
860,860,New York,New York,Member,Male,Health & Beauty,Health & Beauty,15.37,2.0,1.54,32.28,0.0,0.0,3/16/2024,Cash,7.2
861,861,Chicago,Chicago,Normal,Male,Sports & Travel,Sports & Travel,72.5,8.0,29.0,609.0,0.0,0.0,3/16/2024,Ewallet,9.2
862,862,Los Angeles,Los Angeles,Normal,Male,Sports & Travel,Sports & Travel,74.97,1.0,3.75,78.72,0.0,0.0,3/16/2024,Cash,5.6
863,863,Los Angeles,Los Angeles,Normal,Female,Electronics,Electronics,95.64,4.0,19.13,401.69,0.0,0.0,3/16/2024,Cash,7.9
864,864,Chicago,Chicago,Normal,Male,Home & Lifestyle,Home & Lifestyle,23.75,4.0,4.75,99.75,0.0,0.0,3/16/2024,Cash,5.2
865,865,Los Angeles,Los Angeles,Normal,Male,Sports & Travel,Sports & Travel,34.37,10.0,17.18,360.88,0.0,0.0,3/16/2024,Ewallet,6.7
866,866,Los Angeles,Los Angeles,Normal,Female,Home & Lifestyle,Home & Lifestyle,11.28,9.0,5.08,106.6,0.0,0.0,3/17/2024,Credit card,4.3
867,867,New York,New York,Member,Female,Food & Beverages,Food & Beverages,22.62,1.0,1.13,23.75,0.0,0.0,3/17/2024,Cash,6.4
868,868,New York,New York,Member,Male,Fashion & Accs,Fashion & Accs,35.19,10.0,17.6,369.5,0.0,0.0,3/17/2024,Credit card,8.4
869,869,Los Angeles,Los Angeles,Normal,Female,Sports & Travel,Sports & Travel,54.51,6.0,16.35,343.41,0.0,0.0,3/17/2024,Ewallet,7.8
870,870,Chicago,Chicago,Member,Male,Sports & Travel,Sports & Travel,76.92,10.0,38.46,807.66,0.0,0.0,3/17/2024,Ewallet,5.6
871,871,Chicago,Chicago,Normal,Female,Home & Lifestyle,Home & Lifestyle,77.47,4.0,15.49,325.37,0.0,0.0,3/17/2024,Cash,4.2
872,872,Chicago,Chicago,Normal,Female,Electronics,Electronics,51.19,4.0,10.24,215.0,0.0,0.0,3/18/2024,Credit card,4.7
873,873,Los Angeles,Los Angeles,Normal,Male,Home & Lifestyle,Home & Lifestyle,99.7,3.0,14.96,314.06,0.0,0.0,3/18/2024,Ewallet,4.7
874,874,New York,New York,Member,Male,Fashion & Accs,Fashion & Accs,91.98,1.0,4.6,96.58,0.0,0.0,3/18/2024,Cash,9.8
875,875,Chicago,Chicago,Normal,Female,Sports & Travel,Sports & Travel,33.26,5.0,8.32,174.62,0.0,0.0,3/18/2024,Credit card,4.2
876,876,New York,New York,Member,Female,Home & Lifestyle,Home & Lifestyle,28.53,10.0,14.26,299.56,0.0,0.0,3/18/2024,Ewallet,7.8
877,877,New York,New York,Member,Female,Fashion & Accs,Fashion & Accs,51.47,1.0,2.57,54.04,0.0,0.0,3/18/2024,Ewallet,8.5
878,878,Los Angeles,Los Angeles,Normal,Male,Home & Lifestyle,Home & Lifestyle,44.12,3.0,6.62,138.98,0.0,0.0,3/18/2024,Credit card,7.9
879,879,New York,New York,Member,Female,Fashion & Accs,Fashion & Accs,82.63,10.0,41.32,867.62,0.0,0.0,3/19/2024,Ewallet,7.9
880,880,Los Angeles,Los Angeles,Member,Male,Fashion & Accs,Fashion & Accs,25.42,8.0,10.17,213.53,0.0,0.0,3/19/2024,Credit card,6.7
881,881,Chicago,Chicago,Normal,Male,Fashion & Accs,Fashion & Accs,76.4,9.0,34.38,721.98,0.0,0.0,3/19/2024,Ewallet,7.5
882,882,Los Angeles,Los Angeles,Normal,Male,Health & Beauty,Health & Beauty,30.35,7.0,10.62,223.07,0.0,0.0,3/19/2024,Cash,8.0
883,883,Chicago,Chicago,Member,Female,Food & Beverages,Food & Beverages,83.34,2.0,8.33,175.01,0.0,0.0,3/19/2024,Cash,7.6
884,884,New York,New York,Member,Female,Home & Lifestyle,Home & Lifestyle,75.53,4.0,15.11,317.23,0.0,0.0,3/19/2024,Ewallet,8.3
885,885,Los Angeles,Los Angeles,Member,Male,Home & Lifestyle,Home & Lifestyle,38.81,4.0,7.76,163.0,0.0,0.0,3/19/2024,Ewallet,4.9
886,886,Chicago,Chicago,Normal,Female,Electronics,Electronics,75.06,9.0,33.78,709.32,0.0,0.0,3/19/2024,Ewallet,6.2
887,887,New York,New York,Normal,Male,Sports & Travel,Sports & Travel,99.24,9.0,44.66,937.82,0.0,0.0,3/19/2024,Ewallet,9.0
888,888,New York,New York,Member,Female,Electronics,Electronics,88.55,8.0,35.42,743.82,0.0,0.0,3/19/2024,Ewallet,4.7
889,889,New York,New York,Normal,Female,Electronics,Electronics,26.61,2.0,2.66,55.88,0.0,0.0,3/19/2024,Cash,4.2
890,890,New York,New York,Normal,Female,Electronics,Electronics,46.2,1.0,2.31,48.51,0.0,0.0,3/19/2024,Cash,6.3
891,891,New York,New York,Normal,Male,Health & Beauty,Health & Beauty,66.14,4.0,13.23,277.79,0.0,0.0,3/19/2024,Credit card,5.6
892,892,Chicago,Chicago,Member,Male,Home & Lifestyle,Home & Lifestyle,23.29,4.0,4.66,97.82,0.0,0.0,3/19/2024,Credit card,5.9
893,893,Chicago,Chicago,Normal,Female,Fashion & Accs,Fashion & Accs,15.5,1.0,0.78,16.28,0.0,0.0,3/19/2024,Credit card,7.4
894,894,Chicago,Chicago,Normal,Male,Electronics,Electronics,32.71,5.0,8.18,171.73,0.0,0.0,3/19/2024,Credit card,9.9
895,895,Los Angeles,Los Angeles,Member,Female,Food & Beverages,Food & Beverages,20.87,3.0,3.13,65.74,0.0,0.0,3/20/2024,Credit card,8.0
896,896,Chicago,Chicago,Member,Female,Sports & Travel,Sports & Travel,38.72,9.0,17.42,365.9,0.0,0.0,3/20/2024,Ewallet,4.2
897,897,Los Angeles,Los Angeles,Normal,Male,Fashion & Accs,Fashion & Accs,99.25,2.0,9.93,208.43,0.0,0.0,3/20/2024,Cash,9.0
898,898,Chicago,Chicago,Member,Male,Electronics,Electronics,74.51,6.0,22.35,469.41,0.0,0.0,3/20/2024,Ewallet,5.0
899,899,Los Angeles,Los Angeles,Normal,Male,Home & Lifestyle,Home & Lifestyle,92.36,5.0,23.09,484.89,0.0,0.0,3/20/2024,Ewallet,4.9
900,900,Los Angeles,Los Angeles,Member,Male,Food & Beverages,Food & Beverages,79.91,3.0,11.99,251.72,0.0,0.0,3/20/2024,Credit card,5.0
901,901,Chicago,Chicago,Member,Female,Food & Beverages,Food & Beverages,91.61,1.0,4.58,96.19,0.0,0.0,3/20/2024,Cash,9.8
902,902,Chicago,Chicago,Normal,Male,Home & Lifestyle,Home & Lifestyle,93.96,9.0,42.28,887.92,0.0,0.0,3/20/2024,Cash,9.8
903,903,New York,New York,Member,Male,Sports & Travel,Sports & Travel,25.25,5.0,6.31,132.56,0.0,0.0,3/20/2024,Cash,6.1
904,904,New York,New York,Member,Male,Fashion & Accs,Fashion & Accs,70.99,10.0,35.49,745.39,0.0,0.0,3/20/2024,Cash,5.7
905,905,New York,New York,Member,Female,Home & Lifestyle,Home & Lifestyle,83.17,6.0,24.95,523.97,0.0,0.0,3/20/2024,Cash,7.3
906,906,Chicago,Chicago,Member,Male,Sports & Travel,Sports & Travel,44.02,10.0,22.01,462.21,0.0,0.0,3/20/2024,Credit card,9.6
907,907,Chicago,Chicago,Normal,Male,Food & Beverages,Food & Beverages,43.25,2.0,4.32,90.82,0.0,0.0,3/20/2024,Cash,6.2
908,908,Los Angeles,Los Angeles,Member,Male,Fashion & Accs,Fashion & Accs,33.63,1.0,1.68,35.31,0.0,0.0,3/20/2024,Cash,5.6
909,909,Los Angeles,Los Angeles,Normal,Male,Sports & Travel,Sports & Travel,75.92,8.0,30.37,637.73,0.0,0.0,3/20/2024,Cash,5.5
910,910,Chicago,Chicago,Member,Female,Electronics,Electronics,26.48,3.0,3.97,83.41,0.0,0.0,3/21/2024,Ewallet,4.7
911,911,Chicago,Chicago,Normal,Female,Electronics,Electronics,90.02,8.0,36.01,756.17,0.0,0.0,3/21/2024,Credit card,4.5
912,912,Chicago,Chicago,Member,Male,Home & Lifestyle,Home & Lifestyle,33.84,9.0,15.23,319.79,0.0,0.0,3/21/2024,Ewallet,8.8
913,913,Chicago,Chicago,Member,Female,Electronics,Electronics,28.45,5.0,7.11,149.36,0.0,0.0,3/21/2024,Credit card,9.1
914,914,Los Angeles,Los Angeles,Member,Female,Sports & Travel,Sports & Travel,49.49,4.0,9.9,207.86,0.0,0.0,3/21/2024,Ewallet,6.6
915,915,New York,New York,Normal,Female,Food & Beverages,Food & Beverages,57.29,6.0,17.19,360.93,0.0,0.0,3/21/2024,Ewallet,5.9
916,916,Chicago,Chicago,Member,Female,Home & Lifestyle,Home & Lifestyle,52.59,8.0,21.04,441.76,0.0,0.0,3/22/2024,Credit card,8.5
917,917,Chicago,Chicago,Normal,Male,Home & Lifestyle,Home & Lifestyle,50.93,8.0,20.37,427.81,0.0,0.0,3/22/2024,Ewallet,9.2
918,918,Chicago,Chicago,Normal,Female,Food & Beverages,Food & Beverages,56.56,5.0,14.14,296.94,0.0,0.0,3/22/2024,Credit card,4.5
919,919,Chicago,Chicago,Normal,Male,Sports & Travel,Sports & Travel,62.13,6.0,18.64,391.42,0.0,0.0,3/22/2024,Cash,7.4
920,920,Chicago,Chicago,Normal,Male,Sports & Travel,Sports & Travel,85.91,5.0,21.48,451.03,0.0,0.0,3/22/2024,Credit card,8.6
921,921,Los Angeles,Los Angeles,Member,Female,Fashion & Accs,Fashion & Accs,17.87,4.0,3.57,75.05,0.0,0.0,3/22/2024,Ewallet,6.5
922,922,Los Angeles,Los Angeles,Member,Female,Sports & Travel,Sports & Travel,88.43,8.0,35.37,742.81,0.0,0.0,3/22/2024,Credit card,4.3
923,923,Chicago,Chicago,Normal,Male,Electronics,Electronics,95.15,1.0,4.76,99.91,0.0,0.0,3/22/2024,Cash,6.0
924,924,Los Angeles,Los Angeles,Normal,Male,Sports & Travel,Sports & Travel,37.02,6.0,11.11,233.23,0.0,0.0,3/22/2024,Cash,4.5
925,925,Chicago,Chicago,Normal,Male,Home & Lifestyle,Home & Lifestyle,18.28,1.0,0.91,19.19,0.0,0.0,3/22/2024,Credit card,8.3
926,926,Chicago,Chicago,Normal,Male,Food & Beverages,Food & Beverages,52.75,3.0,7.91,166.16,0.0,0.0,3/23/2024,Ewallet,9.3
927,927,Chicago,Chicago,Normal,Female,Home & Lifestyle,Home & Lifestyle,25.29,1.0,1.26,26.55,0.0,0.0,3/23/2024,Ewallet,6.1
928,928,Chicago,Chicago,Normal,Male,Fashion & Accs,Fashion & Accs,37.15,4.0,7.43,156.03,0.0,0.0,3/23/2024,Ewallet,8.3
929,929,New York,New York,Member,Male,Fashion & Accs,Fashion & Accs,67.39,7.0,23.59,495.32,0.0,0.0,3/23/2024,Ewallet,6.9
930,930,Chicago,Chicago,Member,Female,Electronics,Electronics,73.47,10.0,36.74,771.44,0.0,0.0,3/23/2024,Ewallet,9.5
931,931,Chicago,Chicago,Member,Male,Sports & Travel,Sports & Travel,15.5,10.0,7.75,162.75,0.0,0.0,3/23/2024,Ewallet,8.0
932,932,New York,New York,Normal,Female,Health & Beauty,Health & Beauty,54.92,8.0,21.97,461.33,0.0,0.0,3/23/2024,Ewallet,7.6
933,933,Los Angeles,Los Angeles,Member,Female,Fashion & Accs,Fashion & Accs,91.54,4.0,18.31,384.47,0.0,0.0,3/23/2024,Credit card,4.8
934,934,New York,New York,Member,Female,Home & Lifestyle,Home & Lifestyle,81.2,7.0,28.42,596.82,0.0,0.0,3/23/2024,Credit card,8.1
935,935,New York,New York,Normal,Male,Home & Lifestyle,Home & Lifestyle,55.61,7.0,19.46,408.73,0.0,0.0,3/23/2024,Cash,8.5
936,936,Chicago,Chicago,Normal,Male,Food & Beverages,Food & Beverages,73.88,6.0,22.16,465.44,0.0,0.0,3/23/2024,Ewallet,4.4
937,937,Los Angeles,Los Angeles,Member,Female,Fashion & Accs,Fashion & Accs,58.75,6.0,17.62,370.12,0.0,0.0,3/24/2024,Credit card,5.9
938,938,Chicago,Chicago,Member,Male,Home & Lifestyle,Home & Lifestyle,65.94,4.0,13.19,276.95,0.0,0.0,3/24/2024,Cash,6.0
939,939,New York,New York,Member,Male,Sports & Travel,Sports & Travel,14.7,5.0,3.68,77.18,0.0,0.0,3/24/2024,Ewallet,8.5
940,940,Los Angeles,Los Angeles,Normal,Female,Health & Beauty,Health & Beauty,82.88,5.0,20.72,435.12,0.0,0.0,3/24/2024,Credit card,6.6
941,941,Los Angeles,Los Angeles,Normal,Female,Sports & Travel,Sports & Travel,24.77,5.0,6.19,130.04,0.0,0.0,3/24/2024,Cash,8.5
942,942,New York,New York,Normal,Male,Electronics,Electronics,64.95,10.0,32.48,681.98,0.0,0.0,3/24/2024,Cash,5.2
943,943,New York,New York,Member,Female,Home & Lifestyle,Home & Lifestyle,78.38,4.0,15.68,329.2,0.0,0.0,3/24/2024,Cash,7.9
944,944,New York,New York,Normal,Female,Food & Beverages,Food & Beverages,33.98,9.0,15.29,321.11,0.0,0.0,3/24/2024,Cash,4.2
945,945,Chicago,Chicago,Member,Female,Home & Lifestyle,Home & Lifestyle,70.32,2.0,7.03,147.67,0.0,0.0,3/24/2024,Ewallet,9.6
946,946,New York,New York,Member,Male,Home & Lifestyle,Home & Lifestyle,74.86,1.0,3.74,78.6,0.0,0.0,3/24/2024,Cash,6.9
947,947,Los Angeles,Los Angeles,Normal,Male,Home & Lifestyle,Home & Lifestyle,99.92,6.0,29.98,629.5,0.0,0.0,3/24/2024,Ewallet,7.1
948,948,Los Angeles,Los Angeles,Normal,Female,Sports & Travel,Sports & Travel,93.31,2.0,9.33,195.95,0.0,0.0,3/25/2024,Cash,6.3
949,949,Los Angeles,Los Angeles,Normal,Male,Electronics,Electronics,52.89,4.0,10.58,222.14,0.0,0.0,3/25/2024,Ewallet,6.7
950,950,New York,New York,Normal,Male,Electronics,Electronics,85.39,7.0,29.89,627.62,0.0,0.0,3/25/2024,Ewallet,4.1
951,951,New York,New York,Normal,Female,Food & Beverages,Food & Beverages,39.43,6.0,11.83,248.41,0.0,0.0,3/25/2024,Credit card,9.4
952,952,Chicago,Chicago,Normal,Female,Health & Beauty,Health & Beauty,15.8,3.0,2.37,49.77,0.0,0.0,3/25/2024,Cash,9.5
953,953,New York,New York,Normal,Male,Fashion & Accs,Fashion & Accs,76.52,5.0,19.13,401.73,0.0,0.0,3/25/2024,Cash,9.9
954,954,Chicago,Chicago,Normal,Female,Food & Beverages,Food & Beverages,55.39,4.0,11.08,232.64,0.0,0.0,3/25/2024,Ewallet,8.0
955,955,Chicago,Chicago,Member,Male,Electronics,Electronics,19.32,7.0,6.76,142.0,0.0,0.0,3/25/2024,Cash,6.9
956,956,Chicago,Chicago,Member,Male,Electronics,Electronics,36.36,4.0,7.27,152.71,0.0,0.0,3/25/2024,Cash,7.6
957,957,Chicago,Chicago,Normal,Female,Health & Beauty,Health & Beauty,64.27,4.0,12.85,269.93,0.0,0.0,3/26/2024,Cash,7.7
958,958,Chicago,Chicago,Member,Female,Health & Beauty,Health & Beauty,27.73,5.0,6.93,145.58,0.0,0.0,3/26/2024,Credit card,4.2
959,959,Chicago,Chicago,Member,Male,Electronics,Electronics,72.2,7.0,25.27,530.67,0.0,0.0,3/26/2024,Ewallet,4.3
960,960,New York,New York,Member,Male,Health & Beauty,Health & Beauty,43.7,2.0,4.37,91.77,0.0,0.0,3/26/2024,Cash,4.9
961,961,Chicago,Chicago,Member,Male,Fashion & Accs,Fashion & Accs,41.28,3.0,6.19,130.03,0.0,0.0,3/26/2024,Credit card,8.5
962,962,Los Angeles,Los Angeles,Normal,Female,Electronics,Electronics,45.71,3.0,6.86,143.99,0.0,0.0,3/26/2024,Credit card,7.7
963,963,Los Angeles,Los Angeles,Member,Female,Home & Lifestyle,Home & Lifestyle,12.29,9.0,5.53,116.14,0.0,0.0,3/26/2024,Credit card,8.0
964,964,Los Angeles,Los Angeles,Member,Female,Sports & Travel,Sports & Travel,39.12,1.0,1.96,41.08,0.0,0.0,3/26/2024,Credit card,9.6
965,965,Chicago,Chicago,Normal,Male,Fashion & Accs,Fashion & Accs,52.38,1.0,2.62,55.0,0.0,0.0,3/26/2024,Cash,5.8
966,966,New York,New York,Member,Male,Electronics,Electronics,84.25,2.0,8.43,176.93,0.0,0.0,3/26/2024,Credit card,5.3
967,967,New York,New York,Member,Male,Fashion & Accs,Fashion & Accs,48.71,1.0,2.44,51.15,0.0,0.0,3/26/2024,Cash,4.1
968,968,New York,New York,Normal,Female,Food & Beverages,Food & Beverages,16.31,9.0,7.34,154.13,0.0,0.0,3/26/2024,Ewallet,8.4
969,969,Chicago,Chicago,Member,Female,Health & Beauty,Health & Beauty,10.69,5.0,2.67,56.12,0.0,0.0,3/26/2024,Ewallet,7.6
970,970,Chicago,Chicago,Normal,Female,Food & Beverages,Food & Beverages,52.34,3.0,7.85,164.87,0.0,0.0,3/27/2024,Cash,9.2
971,971,Chicago,Chicago,Member,Male,Food & Beverages,Food & Beverages,49.38,7.0,17.28,362.94,0.0,0.0,3/27/2024,Credit card,7.3
972,972,Los Angeles,Los Angeles,Normal,Male,Sports & Travel,Sports & Travel,93.39,6.0,28.02,588.36,0.0,0.0,3/27/2024,Ewallet,10.0
973,973,Chicago,Chicago,Member,Male,Home & Lifestyle,Home & Lifestyle,44.34,2.0,4.43,93.11,0.0,0.0,3/27/2024,Cash,5.8
974,974,Chicago,Chicago,Normal,Male,Health & Beauty,Health & Beauty,32.46,8.0,12.98,272.66,0.0,0.0,3/27/2024,Credit card,4.9
975,975,Los Angeles,Los Angeles,Member,Female,Food & Beverages,Food & Beverages,29.15,3.0,4.37,91.82,0.0,0.0,3/27/2024,Credit card,7.3
976,976,Los Angeles,Los Angeles,Member,Male,Electronics,Electronics,55.67,2.0,5.57,116.91,0.0,0.0,3/27/2024,Ewallet,6.0
977,977,Chicago,Chicago,Member,Female,Food & Beverages,Food & Beverages,79.54,2.0,7.95,167.03,0.0,0.0,3/27/2024,Ewallet,6.2
978,978,Los Angeles,Los Angeles,Normal,Male,Food & Beverages,Food & Beverages,32.32,3.0,4.85,101.81,0.0,0.0,3/27/2024,Credit card,4.3
979,979,New York,New York,Member,Male,Fashion & Accs,Fashion & Accs,99.82,9.0,44.92,943.3,0.0,0.0,3/27/2024,Cash,6.6
980,980,Chicago,Chicago,Normal,Male,Electronics,Electronics,26.02,7.0,9.11,191.25,0.0,0.0,3/28/2024,Cash,5.1
981,981,New York,New York,Normal,Female,Electronics,Electronics,47.65,3.0,7.15,150.1,0.0,0.0,3/28/2024,Credit card,9.5
982,982,Los Angeles,Los Angeles,Normal,Female,Fashion & Accs,Fashion & Accs,30.37,3.0,4.56,95.67,0.0,0.0,3/28/2024,Ewallet,5.1
983,983,Chicago,Chicago,Member,Female,Fashion & Accs,Fashion & Accs,71.46,7.0,25.01,525.23,0.0,0.0,3/28/2024,Ewallet,4.5
984,984,Chicago,Chicago,Normal,Female,Food & Beverages,Food & Beverages,71.68,3.0,10.75,225.79,0.0,0.0,3/28/2024,Credit card,9.2
985,985,Chicago,Chicago,Member,Male,Health & Beauty,Health & Beauty,10.08,7.0,3.53,74.09,0.0,0.0,3/28/2024,Cash,4.2
986,986,Chicago,Chicago,Member,Male,Food & Beverages,Food & Beverages,51.34,5.0,12.84,269.54,0.0,0.0,3/28/2024,Credit card,9.1
987,987,Chicago,Chicago,Normal,Male,Food & Beverages,Food & Beverages,58.26,6.0,17.48,367.04,0.0,0.0,3/28/2024,Cash,9.9
988,988,New York,New York,Member,Female,Food & Beverages,Food & Beverages,38.6,3.0,5.79,121.59,0.0,0.0,3/28/2024,Ewallet,7.5
989,989,New York,New York,Member,Female,Food & Beverages,Food & Beverages,49.79,4.0,9.96,209.12,0.0,0.0,3/28/2024,Credit card,6.4
990,990,Los Angeles,Los Angeles,Normal,Male,Health & Beauty,Health & Beauty,71.77,7.0,25.12,527.51,0.0,0.0,3/29/2024,Cash,8.9
991,991,Los Angeles,Los Angeles,Normal,Male,Health & Beauty,Health & Beauty,87.87,10.0,43.94,922.64,0.0,0.0,3/29/2024,Ewallet,5.1
992,992,New York,New York,Member,Male,Electronics,Electronics,82.34,10.0,41.17,864.57,0.0,0.0,3/29/2024,Ewallet,4.3
993,993,Chicago,Chicago,Member,Female,Home & Lifestyle,Home & Lifestyle,72.42,3.0,10.86,228.12,0.0,0.0,3/29/2024,Ewallet,8.2
994,994,Los Angeles,Los Angeles,Member,Male,Health & Beauty,Health & Beauty,54.86,5.0,13.72,288.02,0.0,0.0,3/29/2024,Ewallet,9.8
995,995,New York,New York,Normal,Male,Electronics,Electronics,28.84,4.0,5.77,121.13,0.0,0.0,3/29/2024,Cash,6.4
996,996,Chicago,Chicago,Normal,Female,Health & Beauty,Health & Beauty,71.38,10.0,35.69,749.49,0.0,0.0,3/29/2024,Cash,5.7
997,997,Los Angeles,Los Angeles,Member,Male,Health & Beauty,Health & Beauty,61.29,5.0,15.32,321.77,0.0,0.0,3/29/2024,Cash,7.0
998,998,New York,New York,Member,Male,Electronics,Electronics,96.82,3.0,14.52,304.98,0.0,0.0,3/30/2024,Cash,6.7
999,999,Los Angeles,Los Angeles,Member,Male,Health & Beauty,Health & Beauty,97.22,9.0,43.75,918.73,0.0,0.0,3/30/2024,Ewallet,6.0
1000,1000,Chicago,Chicago,Member,Female,Electronics,Electronics,64.44,5.0,16.11,338.31,0.0,0.0,3/30/2024,Cash,6.6
1001,1001,Chicago,Chicago,Normal,Female,Sports & Travel,Sports & Travel,89.48,5.0,22.37,469.77,0.0,0.0,3/30/2024,Cash,7.4
1002,1002,Los Angeles,Los Angeles,Member,Male,Food & Beverages,Food & Beverages,93.4,2.0,9.34,196.14,0.0,0.0,3/30/2024,Cash,5.5
1003,1003,Chicago,Chicago,Normal,Female,Sports & Travel,Sports & Travel,40.23,7.0,14.08,295.69,0.0,0.0,3/30/2024,Cash,9.6
1004,1004,Los Angeles,Los Angeles,Member,Male,Health & Beauty,Health & Beauty,72.57,8.0,29.03,609.59,0.0,0.0,3/30/2024,Cash,4.6
1005,1005,New York,New York,Member,Female,Food & Beverages,Food & Beverages,72.52,8.0,29.01,609.17,0.0,0.0,3/30/2024,Credit card,4.0
1006,1006,New York,New York,Member,Female,Fashion & Accs,Fashion & Accs,10.18,8.0,4.07,85.51,0.0,0.0,3/30/2024,Credit card,9.5
1007,1007,Chicago,Chicago,Member,Female,Home & Lifestyle,Home & Lifestyle,34.42,6.0,10.33,216.85,0.0,0.0,3/30/2024,Ewallet,7.5
1008,1008,New York,New York,Normal,Male,Health & Beauty,Health & Beauty,70.21,6.0,21.06,442.32,0.0,0.0,3/30/2024,Cash,7.4
1009,1009,New York,New York,Member,Male,Electronics,Electronics,37.06,4.0,7.41,155.65,0.0,0.0,4/1/2024,Ewallet,9.7
1010,1010,Los Angeles,Los Angeles,Member,Male,Electronics,Electronics,87.87,9.0,39.54,830.37,0.0,0.0,4/1/2024,Ewallet,5.6
1011,1011,Los Angeles,Los Angeles,Normal,Male,Electronics,Electronics,45.35,6.0,13.61,285.71,0.0,0.0,4/1/2024,Ewallet,6.1
1012,1012,Chicago,Chicago,Member,Male,Electronics,Electronics,66.35,1.0,3.32,69.67,0.0,0.0,4/1/2024,Credit card,9.7
1013,1013,New York,New York,Member,Female,Food & Beverages,Food & Beverages,87.48,6.0,26.24,551.12,0.0,0.0,4/1/2024,Ewallet,5.1
1014,1014,Chicago,Chicago,Member,Female,Food & Beverages,Food & Beverages,14.23,5.0,3.56,74.71,0.0,0.0,4/1/2024,Credit card,4.4
1015,1015,New York,New York,Normal,Female,Electronics,Electronics,23.07,9.0,10.38,218.01,0.0,0.0,4/1/2024,Cash,4.9
1016,1016,New York,New York,Member,Female,Home & Lifestyle,Home & Lifestyle,80.79,9.0,36.36,763.47,0.0,0.0,4/1/2024,Credit card,9.5
1017,1017,Los Angeles,Los Angeles,Member,Female,Electronics,Electronics,26.26,7.0,9.19,193.01,0.0,0.0,4/1/2024,Cash,9.9
1018,1018,New York,New York,Normal,Female,Fashion & Accs,Fashion & Accs,62.18,10.0,31.09,652.89,0.0,0.0,4/1/2024,Ewallet,6.0
1019,1019,Los Angeles,Los Angeles,Normal,Male,Fashion & Accs,Fashion & Accs,69.08,2.0,6.91,145.07,0.0,0.0,4/1/2024,Credit card,6.9
1020,1020,Chicago,Chicago,Member,Female,Health & Beauty,Health & Beauty,77.68,4.0,15.54,326.26,0.0,0.0,4/1/2024,Cash,8.4
1021,1021,Chicago,Chicago,Member,Male,Fashion & Accs,Fashion & Accs,43.13,10.0,21.56,452.86,0.0,0.0,4/1/2024,Credit card,5.5
1022,1022,Los Angeles,Los Angeles,Normal,Female,Fashion & Accs,Fashion & Accs,25.56,7.0,8.95,187.87,0.0,0.0,4/1/2024,Cash,7.1
1023,1023,New York,New York,Member,Female,Fashion & Accs,Fashion & Accs,83.35,2.0,8.33,175.03,0.0,0.0,4/1/2024,Credit card,9.5
1024,1024,Chicago,Chicago,Member,Female,Health & Beauty,Health & Beauty,18.33,1.0,0.92,19.25,0.0,0.0,4/1/2024,Cash,4.3
1025,1025,New York,New York,Normal,Male,Health & Beauty,Health & Beauty,17.41,5.0,4.35,91.4,0.0,0.0,4/1/2024,Credit card,4.9
1026,1026,Los Angeles,Los Angeles,Member,Male,Health & Beauty,Health & Beauty,75.37,8.0,30.15,633.11,0.0,0.0,4/1/2024,Credit card,8.4
1027,1027,Los Angeles,Los Angeles,Member,Male,Sports & Travel,Sports & Travel,79.93,6.0,23.98,503.56,0.0,0.0,4/1/2024,Cash,5.5
1028,1028,Chicago,Chicago,Member,Male,Sports & Travel,Sports & Travel,69.52,7.0,24.33,510.97,0.0,0.0,4/1/2024,Credit card,8.5
1029,1029,New York,New York,Member,Female,Food & Beverages,Food & Beverages,47.27,6.0,14.18,297.8,0.0,0.0,4/2/2024,Cash,8.8
1030,1030,Chicago,Chicago,Member,Male,Electronics,Electronics,20.89,2.0,2.09,43.87,0.0,0.0,4/2/2024,Cash,9.8
1031,1031,Los Angeles,Los Angeles,Normal,Female,Health & Beauty,Health & Beauty,58.24,9.0,26.21,550.37,0.0,0.0,4/2/2024,Cash,9.7
1032,1032,Chicago,Chicago,Member,Male,Food & Beverages,Food & Beverages,87.9,1.0,4.4,92.3,0.0,0.0,4/2/2024,Ewallet,6.7
1033,1033,New York,New York,Member,Female,Health & Beauty,Health & Beauty,68.6,10.0,34.3,720.3,0.0,0.0,4/2/2024,Cash,9.1
1034,1034,New York,New York,Member,Female,Health & Beauty,Health & Beauty,98.21,3.0,14.73,309.36,0.0,0.0,4/2/2024,Credit card,7.8
1035,1035,New York,New York,Normal,Male,Health & Beauty,Health & Beauty,89.75,1.0,4.49,94.24,0.0,0.0,4/2/2024,Credit card,6.6
1036,1036,Los Angeles,Los Angeles,Normal,Male,Electronics,Electronics,22.95,10.0,11.48,240.98,0.0,0.0,4/2/2024,Ewallet,8.2
1037,1037,Los Angeles,Los Angeles,Member,Female,Food & Beverages,Food & Beverages,20.01,9.0,9.0,189.09,0.0,0.0,4/2/2024,Ewallet,4.1
1038,1038,New York,New York,Member,Female,Food & Beverages,Food & Beverages,99.42,4.0,19.88,417.56,0.0,0.0,4/2/2024,Ewallet,7.5
1039,1039,Los Angeles,Los Angeles,Member,Male,Health & Beauty,Health & Beauty,25.9,10.0,12.95,271.95,0.0,0.0,4/2/2024,Ewallet,8.7
1040,1040,New York,New York,Member,Female,Health & Beauty,Health & Beauty,28.5,8.0,11.4,239.4,0.0,0.0,4/2/2024,Cash,6.6
1041,1041,New York,New York,Normal,Female,Food & Beverages,Food & Beverages,52.42,1.0,2.62,55.04,0.0,0.0,4/2/2024,Credit card,6.3
1042,1042,Los Angeles,Los Angeles,Member,Male,Electronics,Electronics,50.45,6.0,15.14,317.84,0.0,0.0,4/2/2024,Credit card,8.9
1043,1043,Chicago,Chicago,Normal,Female,Health & Beauty,Health & Beauty,35.68,5.0,8.92,187.32,0.0,0.0,4/2/2024,Credit card,6.6
1044,1044,Chicago,Chicago,Normal,Female,Electronics,Electronics,28.96,1.0,1.45,30.41,0.0,0.0,4/2/2024,Credit card,6.2
1045,1045,Chicago,Chicago,Normal,Male,Health & Beauty,Health & Beauty,89.6,8.0,35.84,752.64,0.0,0.0,4/2/2024,Ewallet,6.6
1046,1046,Los Angeles,Los Angeles,Member,Female,Sports & Travel,Sports & Travel,16.49,2.0,1.65,34.63,0.0,0.0,4/2/2024,Ewallet,4.6
1047,1047,New York,New York,Member,Male,Fashion & Accs,Fashion & Accs,69.33,2.0,6.93,145.59,0.0,0.0,4/2/2024,Ewallet,9.7
1048,1048,Chicago,Chicago,Member,Female,Sports & Travel,Sports & Travel,75.2,3.0,11.28,236.88,0.0,0.0,4/2/2024,Ewallet,4.8
1049,1049,Chicago,Chicago,Member,Male,Home & Lifestyle,Home & Lifestyle,25.91,6.0,7.77,163.23,0.0,0.0,4/2/2024,Ewallet,8.7
1050,1050,New York,New York,Member,Male,Fashion & Accs,Fashion & Accs,96.98,4.0,19.4,407.32,0.0,0.0,4/2/2024,Ewallet,9.4
1051,1051,New York,New York,Member,Male,Home & Lifestyle,Home & Lifestyle,35.81,5.0,8.95,188.0,0.0,0.0,4/2/2024,Ewallet,7.9
1052,1052,Chicago,Chicago,Member,Female,Home & Lifestyle,Home & Lifestyle,37.44,6.0,11.23,235.87,0.0,0.0,4/2/2024,Credit card,5.9
1053,1053,Los Angeles,Los Angeles,Member,Female,Fashion & Accs,Fashion & Accs,14.48,4.0,2.9,60.82,0.0,0.0,4/2/2024,Ewallet,4.5
1054,1054,Los Angeles,Los Angeles,Member,Female,Sports & Travel,Sports & Travel,16.49,2.0,1.65,34.63,0.0,0.0,4/3/2024,Ewallet,4.6
1055,1055,New York,New York,Member,Male,Fashion & Accs,Fashion & Accs,69.33,2.0,6.93,145.59,0.0,0.0,4/3/2024,Ewallet,9.7
1056,1056,Los Angeles,Los Angeles,Normal,Female,Health & Beauty,Health & Beauty,58.24,9.0,26.21,550.37,0.0,0.0,4/3/2024,Cash,9.7
1057,1057,Chicago,Chicago,Member,Female,Sports & Travel,Sports & Travel,75.2,3.0,11.28,236.88,0.0,0.0,4/3/2024,Ewallet,4.8
1058,1058,New York,New York,Member,Female,Health & Beauty,Health & Beauty,68.6,10.0,34.3,720.3,0.0,0.0,4/3/2024,Cash,9.1
1059,1059,New York,New York,Member,Female,Health & Beauty,Health & Beauty,98.21,3.0,14.73,309.36,0.0,0.0,4/3/2024,Credit card,7.8
1060,1060,Chicago,Chicago,Member,Male,Home & Lifestyle,Home & Lifestyle,25.91,6.0,7.77,163.23,0.0,0.0,4/3/2024,Ewallet,8.7
1061,1061,New York,New York,Normal,Male,Health & Beauty,Health & Beauty,89.75,1.0,4.49,94.24,0.0,0.0,4/3/2024,Credit card,6.6
1062,1062,New York,New York,Member,Male,Fashion & Accs,Fashion & Accs,96.98,4.0,19.4,407.32,0.0,0.0,4/3/2024,Ewallet,9.4
1063,1063,New York,New York,Member,Male,Home & Lifestyle,Home & Lifestyle,35.81,5.0,8.95,188.0,0.0,0.0,4/3/2024,Ewallet,7.9
1064,1064,Los Angeles,Los Angeles,Member,Male,Health & Beauty,Health & Beauty,25.9,10.0,12.95,271.95,0.0,0.0,4/3/2024,Ewallet,8.7
1065,1065,Chicago,Chicago,Member,Female,Home & Lifestyle,Home & Lifestyle,37.44,6.0,11.23,235.87,0.0,0.0,4/3/2024,Credit card,5.9
1066,1066,Los Angeles,Los Angeles,Member,Female,Fashion & Accs,Fashion & Accs,14.48,4.0,2.9,60.82,0.0,0.0,4/3/2024,Ewallet,4.5
1067,1067,New York,New York,Member,Female,Health & Beauty,Health & Beauty,28.5,8.0,11.4,239.4,0.0,0.0,4/3/2024,Cash,6.6
1068,1068,Chicago,Chicago,Normal,Female,Health & Beauty,Health & Beauty,35.68,5.0,8.92,187.32,0.0,0.0,4/3/2024,Credit card,6.6
1069,1069,Chicago,Chicago,Member,Male,Food & Beverages,Food & Beverages,35.04,9.0,15.77,331.13,0.0,0.0,4/3/2024,Ewallet,4.6
1070,1070,New York,New York,Normal,Male,Food & Beverages,Food & Beverages,21.58,1.0,1.08,22.66,0.0,0.0,4/3/2024,Ewallet,7.2
1071,1071,Los Angeles,Los Angeles,Member,Female,Electronics,Electronics,81.4,3.0,12.21,256.41,0.0,0.0,4/3/2024,Cash,4.8
1072,1072,Chicago,Chicago,Member,Male,Food & Beverages,Food & Beverages,31.84,1.0,1.59,33.43,0.0,0.0,4/3/2024,Cash,7.7
1073,1073,New York,New York,Member,Female,Food & Beverages,Food & Beverages,21.08,3.0,3.16,66.4,0.0,0.0,4/3/2024,Cash,7.3
1074,1074,New York,New York,Normal,Female,Electronics,Electronics,12.45,6.0,3.73,78.43,0.0,0.0,4/3/2024,Cash,4.1
1075,1075,New York,New York,Normal,Male,Fashion & Accs,Fashion & Accs,62.12,10.0,31.06,652.26,0.0,0.0,4/4/2024,Cash,5.9
1076,1076,Chicago,Chicago,Normal,Female,Sports & Travel,Sports & Travel,94.76,4.0,18.95,397.99,0.0,0.0,4/4/2024,Ewallet,7.8
1077,1077,Los Angeles,Los Angeles,Member,Female,Electronics,Electronics,39.48,1.0,1.97,41.45,0.0,0.0,4/4/2024,Cash,6.5
1078,1078,New York,New York,Member,Female,Food & Beverages,Food & Beverages,87.1,10.0,43.55,914.55,0.0,0.0,4/4/2024,Credit card,9.9
1079,1079,New York,New York,Member,Male,Fashion & Accs,Fashion & Accs,52.35,1.0,2.62,54.97,0.0,0.0,4/4/2024,Cash,4.0
1080,1080,Los Angeles,Los Angeles,Normal,Male,Fashion & Accs,Fashion & Accs,94.87,8.0,37.95,796.91,0.0,0.0,4/4/2024,Ewallet,8.7
1081,1081,Los Angeles,Los Angeles,Member,Male,Home & Lifestyle,Home & Lifestyle,60.38,10.0,30.19,633.99,0.0,0.0,4/4/2024,Cash,6.0
1082,1082,Chicago,Chicago,Normal,Female,Electronics,Electronics,46.95,5.0,11.74,246.49,0.0,0.0,4/4/2024,Ewallet,7.1
1083,1083,Chicago,Chicago,Normal,Male,Health & Beauty,Health & Beauty,25.43,6.0,7.63,160.21,0.0,0.0,4/4/2024,Ewallet,7.0
1084,1084,Chicago,Chicago,Member,Female,Sports & Travel,Sports & Travel,71.63,2.0,7.16,150.42,0.0,0.0,4/4/2024,Ewallet,8.8
1085,1085,Chicago,Chicago,Member,Male,Electronics,Electronics,76.82,1.0,3.84,80.66,0.0,0.0,4/4/2024,Ewallet,7.2
1086,1086,Los Angeles,Los Angeles,Member,Female,Sports & Travel,Sports & Travel,20.18,4.0,4.04,84.76,0.0,0.0,4/4/2024,Credit card,5.0
1087,1087,New York,New York,Member,Female,Fashion & Accs,Fashion & Accs,92.98,2.0,9.3,195.26,0.0,0.0,4/4/2024,Credit card,8.0
1088,1088,Los Angeles,Los Angeles,Member,Female,Fashion & Accs,Fashion & Accs,29.56,5.0,7.39,155.19,0.0,0.0,4/4/2024,Cash,6.9
1089,1089,New York,New York,Normal,Female,Fashion & Accs,Fashion & Accs,22.51,7.0,7.88,165.45,0.0,0.0,4/4/2024,Credit card,4.8
1090,1090,New York,New York,Member,Female,Food & Beverages,Food & Beverages,14.87,2.0,1.49,31.23,0.0,0.0,4/4/2024,Credit card,8.9
1091,1091,Chicago,Chicago,Member,Male,Electronics,Electronics,32.25,4.0,6.45,135.45,0.0,0.0,4/4/2024,Ewallet,6.5
1092,1092,Los Angeles,Los Angeles,Normal,Male,Sports & Travel,Sports & Travel,13.69,6.0,4.11,86.25,0.0,0.0,4/4/2024,Cash,6.3
1093,1093,Chicago,Chicago,Member,Male,Health & Beauty,Health & Beauty,91.3,1.0,4.57,95.87,0.0,0.0,4/4/2024,Ewallet,9.2
1094,1094,Chicago,Chicago,Normal,Male,Sports & Travel,Sports & Travel,44.65,3.0,6.7,140.65,0.0,0.0,4/4/2024,Cash,6.2
1095,1095,Los Angeles,Los Angeles,Member,Male,Health & Beauty,Health & Beauty,75.74,4.0,15.15,318.11,0.0,0.0,4/4/2024,Cash,7.6
1096,1096,Los Angeles,Los Angeles,Member,Female,Sports & Travel,Sports & Travel,60.08,7.0,21.03,441.59,0.0,0.0,4/4/2024,Credit card,4.5
1097,1097,New York,New York,Member,Male,Food & Beverages,Food & Beverages,27.66,10.0,13.83,290.43,0.0,0.0,4/4/2024,Credit card,8.9
1098,1098,New York,New York,Normal,Male,Health & Beauty,Health & Beauty,33.64,8.0,13.46,282.58,0.0,0.0,4/5/2024,Credit card,9.3
1099,1099,New York,New York,Member,Male,Health & Beauty,Health & Beauty,68.55,4.0,13.71,287.91,0.0,0.0,4/5/2024,Credit card,9.2
1100,1100,New York,New York,Member,Female,Sports & Travel,Sports & Travel,24.74,3.0,3.71,77.93,0.0,0.0,4/5/2024,Credit card,10.0
1101,1101,Chicago,Chicago,Normal,Male,Health & Beauty,Health & Beauty,15.26,6.0,4.58,96.14,0.0,0.0,4/5/2024,Ewallet,9.8
1102,1102,Los Angeles,Los Angeles,Member,Male,Sports & Travel,Sports & Travel,88.31,1.0,4.42,92.73,0.0,0.0,4/5/2024,Credit card,5.2
1103,1103,Los Angeles,Los Angeles,Normal,Female,Electronics,Electronics,88.25,9.0,39.71,833.96,0.0,0.0,4/5/2024,Credit card,7.6
1104,1104,Los Angeles,Los Angeles,Normal,Male,Health & Beauty,Health & Beauty,57.59,6.0,17.28,362.82,0.0,0.0,4/5/2024,Cash,5.1
1105,1105,New York,New York,Member,Female,Fashion & Accs,Fashion & Accs,80.48,3.0,12.07,253.51,0.0,0.0,4/5/2024,Cash,8.1
1106,1106,Los Angeles,Los Angeles,Member,Male,Home & Lifestyle,Home & Lifestyle,17.77,5.0,4.44,93.29,0.0,0.0,4/5/2024,Credit card,5.4
1107,1107,New York,New York,Member,Female,Fashion & Accs,Fashion & Accs,99.3,10.0,49.65,1042.65,0.0,0.0,4/5/2024,Credit card,6.6
1108,1108,Chicago,Chicago,Normal,Male,Fashion & Accs,Fashion & Accs,51.94,3.0,7.79,163.61,0.0,0.0,4/5/2024,Cash,7.9
1109,1109,New York,New York,Member,Female,Health & Beauty,Health & Beauty,47.71,6.0,14.31,300.57,0.0,0.0,4/5/2024,Ewallet,4.4
1110,1110,Chicago,Chicago,Member,Male,Food & Beverages,Food & Beverages,24.82,7.0,8.69,182.43,0.0,0.0,4/5/2024,Credit card,7.1
1111,1111,New York,New York,Member,Male,Electronics,Electronics,12.05,5.0,3.01,63.26,0.0,0.0,4/5/2024,Ewallet,5.5
1112,1112,Los Angeles,Los Angeles,Normal,Male,Sports & Travel,Sports & Travel,51.91,10.0,25.96,545.06,0.0,0.0,4/5/2024,Cash,8.2
1113,1113,Los Angeles,Los Angeles,Normal,Female,Fashion & Accs,Fashion & Accs,36.51,9.0,16.43,345.02,0.0,0.0,4/5/2024,Cash,4.2
1114,1114,Los Angeles,Los Angeles,Member,Male,Fashion & Accs,Fashion & Accs,60.18,4.0,12.04,252.76,0.0,0.0,4/5/2024,Credit card,9.4
1115,1115,New York,New York,Member,Female,Fashion & Accs,Fashion & Accs,97.79,7.0,34.23,718.76,0.0,0.0,4/5/2024,Ewallet,4.9
1116,1116,Los Angeles,Los Angeles,Member,Male,Fashion & Accs,Fashion & Accs,91.35,1.0,4.57,95.92,0.0,0.0,4/5/2024,Cash,6.8
1117,1117,New York,New York,Normal,Female,Sports & Travel,Sports & Travel,46.66,9.0,21.0,440.94,0.0,0.0,4/5/2024,Ewallet,5.3
1118,1118,Los Angeles,Los Angeles,Member,Female,Electronics,Electronics,35.74,8.0,14.3,300.22,0.0,0.0,4/5/2024,Ewallet,4.9
1119,1119,New York,New York,Member,Female,Sports & Travel,Sports & Travel,67.99,7.0,23.8,499.73,0.0,0.0,4/5/2024,Ewallet,5.7
1120,1120,Chicago,Chicago,Member,Female,Home & Lifestyle,Home & Lifestyle,88.79,8.0,35.52,745.84,0.0,0.0,4/5/2024,Cash,4.1
1121,1121,New York,New York,Normal,Male,Electronics,Electronics,11.81,5.0,2.95,62.0,0.0,0.0,4/5/2024,Cash,9.4
1122,1122,Chicago,Chicago,Member,Male,Food & Beverages,Food & Beverages,80.96,8.0,32.38,680.06,0.0,0.0,4/5/2024,Credit card,7.4
1123,1123,Los Angeles,Los Angeles,Member,Male,Electronics,Electronics,87.45,6.0,26.24,550.94,0.0,0.0,4/5/2024,Credit card,8.8
1124,1124,Chicago,Chicago,Normal,Male,Electronics,Electronics,34.56,5.0,8.64,181.44,0.0,0.0,4/5/2024,Ewallet,9.9
1125,1125,Chicago,Chicago,Normal,Male,Food & Beverages,Food & Beverages,32.9,3.0,4.93,103.63,0.0,0.0,4/5/2024,Credit card,9.1
1126,1126,Los Angeles,Los Angeles,Member,Female,Home & Lifestyle,Home & Lifestyle,88.39,9.0,39.78,835.29,0.0,0.0,4/6/2024,Cash,6.3
1127,1127,Chicago,Chicago,Member,Male,Sports & Travel,Sports & Travel,88.63,3.0,13.29,279.18,0.0,0.0,4/6/2024,Ewallet,6.0
1128,1128,New York,New York,Member,Male,Health & Beauty,Health & Beauty,85.6,7.0,29.96,629.16,0.0,0.0,4/6/2024,Cash,5.3
1129,1129,New York,New York,Normal,Female,Sports & Travel,Sports & Travel,73.98,7.0,25.89,543.75,0.0,0.0,4/6/2024,Ewallet,4.1
1130,1130,Los Angeles,Los Angeles,Normal,Male,Sports & Travel,Sports & Travel,25.31,2.0,2.53,53.15,0.0,0.0,4/6/2024,Ewallet,7.2
1131,1131,Los Angeles,Los Angeles,Normal,Female,Health & Beauty,Health & Beauty,73.41,3.0,11.01,231.24,0.0,0.0,4/6/2024,Ewallet,4.0
1132,1132,New York,New York,Normal,Female,Sports & Travel,Sports & Travel,14.39,2.0,1.44,30.22,0.0,0.0,4/6/2024,Credit card,7.2
1133,1133,New York,New York,Member,Male,Health & Beauty,Health & Beauty,46.53,6.0,13.96,293.14,0.0,0.0,4/6/2024,Credit card,4.3
1134,1134,New York,New York,Normal,Female,Home & Lifestyle,Home & Lifestyle,44.01,8.0,17.6,369.68,0.0,0.0,4/6/2024,Cash,8.8
1135,1135,Chicago,Chicago,Normal,Male,Health & Beauty,Health & Beauty,25.0,1.0,1.25,26.25,0.0,0.0,4/6/2024,Ewallet,5.5
1136,1136,Chicago,Chicago,Normal,Male,Health & Beauty,Health & Beauty,28.95,7.0,10.13,212.78,0.0,0.0,4/6/2024,Credit card,6.0
1137,1137,Los Angeles,Los Angeles,Member,Female,Home & Lifestyle,Home & Lifestyle,94.49,8.0,37.8,793.72,0.0,0.0,4/6/2024,Ewallet,7.5
1138,1138,Los Angeles,Los Angeles,Member,Male,Home & Lifestyle,Home & Lifestyle,30.12,8.0,12.05,253.01,0.0,0.0,4/6/2024,Cash,7.7
1139,1139,Chicago,Chicago,Normal,Male,Home & Lifestyle,Home & Lifestyle,46.33,7.0,16.22,340.53,0.0,0.0,4/6/2024,Credit card,7.4
1140,1140,Chicago,Chicago,Normal,Female,Home & Lifestyle,Home & Lifestyle,33.3,9.0,14.98,314.68,0.0,0.0,4/6/2024,Ewallet,7.2
1141,1141,Chicago,Chicago,Normal,Female,Health & Beauty,Health & Beauty,68.71,3.0,10.31,216.44,0.0,0.0,4/6/2024,Cash,8.7
1142,1142,Chicago,Chicago,Member,Male,Food & Beverages,Food & Beverages,18.85,10.0,9.43,197.93,0.0,0.0,4/6/2024,Ewallet,5.6
1143,1143,Los Angeles,Los Angeles,Normal,Male,Fashion & Accs,Fashion & Accs,52.42,3.0,7.86,165.12,0.0,0.0,4/6/2024,Ewallet,7.5
1144,1144,New York,New York,Normal,Female,Electronics,Electronics,85.98,8.0,34.39,722.23,0.0,0.0,4/6/2024,Cash,8.2
1145,1145,Chicago,Chicago,Normal,Male,Electronics,Electronics,78.31,3.0,11.75,246.68,0.0,0.0,4/7/2024,Ewallet,5.4
1146,1146,New York,New York,Member,Male,Health & Beauty,Health & Beauty,65.31,7.0,22.86,480.03,0.0,0.0,4/7/2024,Credit card,4.2
1147,1147,Los Angeles,Los Angeles,Member,Male,Fashion & Accs,Fashion & Accs,21.94,5.0,5.48,115.18,0.0,0.0,4/7/2024,Ewallet,5.3
1148,1148,Chicago,Chicago,Normal,Female,Fashion & Accs,Fashion & Accs,81.91,2.0,8.19,172.01,0.0,0.0,4/7/2024,Cash,7.8
1149,1149,New York,New York,Normal,Female,Sports & Travel,Sports & Travel,83.06,7.0,29.07,610.49,0.0,0.0,4/7/2024,Ewallet,4.0
1150,1150,Los Angeles,Los Angeles,Normal,Male,Health & Beauty,Health & Beauty,87.98,3.0,13.2,277.14,0.0,0.0,4/7/2024,Ewallet,5.1
1151,1151,New York,New York,Member,Female,Food & Beverages,Food & Beverages,78.31,10.0,39.16,822.26,0.0,0.0,4/7/2024,Ewallet,6.6
1152,1152,Los Angeles,Los Angeles,Member,Male,Sports & Travel,Sports & Travel,37.32,9.0,16.79,352.67,0.0,0.0,4/7/2024,Ewallet,5.1
1153,1153,Los Angeles,Los Angeles,Normal,Male,Electronics,Electronics,28.38,5.0,7.1,149.0,0.0,0.0,4/7/2024,Cash,9.4
1154,1154,Chicago,Chicago,Member,Female,Sports & Travel,Sports & Travel,92.13,6.0,27.64,580.42,0.0,0.0,4/7/2024,Cash,8.3
1155,1155,Los Angeles,Los Angeles,Normal,Male,Food & Beverages,Food & Beverages,62.08,7.0,21.73,456.29,0.0,0.0,4/7/2024,Ewallet,5.4
1156,1156,Los Angeles,Los Angeles,Normal,Female,Sports & Travel,Sports & Travel,67.43,5.0,16.86,354.01,0.0,0.0,4/7/2024,Ewallet,6.3
1157,1157,Chicago,Chicago,Member,Male,Sports & Travel,Sports & Travel,15.81,10.0,7.9,166.0,0.0,0.0,4/7/2024,Credit card,8.6
1158,1158,Chicago,Chicago,Normal,Female,Health & Beauty,Health & Beauty,79.74,1.0,3.99,83.73,0.0,0.0,4/7/2024,Ewallet,7.3
1159,1159,Chicago,Chicago,Member,Male,Electronics,Electronics,21.5,9.0,9.68,203.18,0.0,0.0,4/7/2024,Credit card,7.8
1160,1160,Los Angeles,Los Angeles,Member,Male,Home & Lifestyle,Home & Lifestyle,71.86,8.0,28.74,603.62,0.0,0.0,4/7/2024,Credit card,6.2
1161,1161,Los Angeles,Los Angeles,Member,Male,Fashion & Accs,Fashion & Accs,49.92,2.0,4.99,104.83,0.0,0.0,4/7/2024,Credit card,7.0
1162,1162,New York,New York,Normal,Male,Home & Lifestyle,Home & Lifestyle,37.0,1.0,1.85,38.85,0.0,0.0,4/8/2024,Credit card,7.9
1163,1163,New York,New York,Normal,Male,Electronics,Electronics,84.07,4.0,16.81,353.09,0.0,0.0,4/8/2024,Ewallet,4.4
1164,1164,Los Angeles,Los Angeles,Normal,Male,Home & Lifestyle,Home & Lifestyle,16.16,2.0,1.62,33.94,0.0,0.0,4/8/2024,Ewallet,6.5
1165,1165,New York,New York,Normal,Female,Fashion & Accs,Fashion & Accs,16.45,4.0,3.29,69.09,0.0,0.0,4/8/2024,Ewallet,5.6
1166,1166,New York,New York,Normal,Male,Food & Beverages,Food & Beverages,99.79,2.0,9.98,209.56,0.0,0.0,4/8/2024,Ewallet,8.0
1167,1167,Chicago,Chicago,Member,Female,Health & Beauty,Health & Beauty,15.55,9.0,7.0,146.95,0.0,0.0,4/8/2024,Cash,5.0
1168,1168,Chicago,Chicago,Member,Female,Home & Lifestyle,Home & Lifestyle,28.31,4.0,5.66,118.9,0.0,0.0,4/8/2024,Cash,8.2
1169,1169,Chicago,Chicago,Normal,Male,Home & Lifestyle,Home & Lifestyle,97.94,1.0,4.9,102.84,0.0,0.0,4/8/2024,Ewallet,6.9
1170,1170,New York,New York,Normal,Male,Electronics,Electronics,22.21,6.0,6.66,139.92,0.0,0.0,4/8/2024,Credit card,8.6
1171,1171,Los Angeles,Los Angeles,Normal,Male,Home & Lifestyle,Home & Lifestyle,50.28,5.0,12.57,263.97,0.0,0.0,4/8/2024,Ewallet,9.7
1172,1172,Chicago,Chicago,Normal,Male,Electronics,Electronics,97.16,1.0,4.86,102.02,0.0,0.0,4/8/2024,Ewallet,7.2
1173,1173,New York,New York,Member,Male,Food & Beverages,Food & Beverages,17.04,4.0,3.41,71.57,0.0,0.0,4/8/2024,Ewallet,7.0
1174,1174,New York,New York,Normal,Female,Electronics,Electronics,15.28,5.0,3.82,80.22,0.0,0.0,4/8/2024,Cash,9.6
1175,1175,Chicago,Chicago,Normal,Male,Home & Lifestyle,Home & Lifestyle,33.99,6.0,10.2,214.14,0.0,0.0,4/8/2024,Credit card,7.7
1176,1176,Chicago,Chicago,Normal,Female,Fashion & Accs,Fashion & Accs,61.77,5.0,15.44,324.29,0.0,0.0,4/8/2024,Cash,6.7
1177,1177,New York,New York,Normal,Male,Food & Beverages,Food & Beverages,43.27,2.0,4.33,90.87,0.0,0.0,4/8/2024,Ewallet,5.7
1178,1178,New York,New York,Normal,Female,Fashion & Accs,Fashion & Accs,37.55,10.0,18.78,394.28,0.0,0.0,4/9/2024,Credit card,9.3
1179,1179,New York,New York,Normal,Female,Health & Beauty,Health & Beauty,81.3,6.0,24.39,512.19,0.0,0.0,4/9/2024,Ewallet,5.3
1180,1180,New York,New York,Normal,Female,Health & Beauty,Health & Beauty,46.26,6.0,13.88,291.44,0.0,0.0,4/9/2024,Credit card,9.5
1181,1181,Los Angeles,Los Angeles,Member,Female,Electronics,Electronics,93.96,4.0,18.79,394.63,0.0,0.0,4/9/2024,Cash,9.5
1182,1182,Chicago,Chicago,Normal,Male,Health & Beauty,Health & Beauty,51.71,4.0,10.34,217.18,0.0,0.0,4/9/2024,Credit card,9.8
1183,1183,New York,New York,Member,Female,Food & Beverages,Food & Beverages,98.97,9.0,44.54,935.27,0.0,0.0,4/9/2024,Cash,6.7
1184,1184,Los Angeles,Los Angeles,Member,Male,Sports & Travel,Sports & Travel,99.96,9.0,44.98,944.62,0.0,0.0,4/9/2024,Credit card,4.2
1185,1185,Chicago,Chicago,Normal,Male,Sports & Travel,Sports & Travel,60.87,2.0,6.09,127.83,0.0,0.0,4/9/2024,Ewallet,8.7
1186,1186,Chicago,Chicago,Member,Male,Health & Beauty,Health & Beauty,51.94,10.0,25.97,545.37,0.0,0.0,4/9/2024,Ewallet,6.5
1187,1187,Chicago,Chicago,Member,Female,Sports & Travel,Sports & Travel,52.26,10.0,26.13,548.73,0.0,0.0,4/9/2024,Credit card,6.2
1188,1188,Los Angeles,Los Angeles,Normal,Male,Fashion & Accs,Fashion & Accs,95.54,7.0,33.44,702.22,0.0,0.0,4/9/2024,Credit card,9.6
1189,1189,Los Angeles,Los Angeles,Normal,Female,Electronics,Electronics,25.45,1.0,1.27,26.72,0.0,0.0,4/9/2024,Credit card,5.1
1190,1190,Los Angeles,Los Angeles,Normal,Male,Food & Beverages,Food & Beverages,18.22,7.0,6.38,133.92,0.0,0.0,4/9/2024,Credit card,6.6
1191,1191,New York,New York,Member,Male,Health & Beauty,Health & Beauty,81.95,10.0,40.98,860.48,0.0,0.0,4/10/2024,Credit card,6.0
1192,1192,Chicago,Chicago,Normal,Female,Home & Lifestyle,Home & Lifestyle,93.69,7.0,32.79,688.62,0.0,0.0,4/10/2024,Credit card,4.5
1193,1193,New York,New York,Member,Female,Home & Lifestyle,Home & Lifestyle,35.79,9.0,16.11,338.22,0.0,0.0,4/10/2024,Credit card,5.1
1194,1194,Chicago,Chicago,Member,Male,Sports & Travel,Sports & Travel,62.62,5.0,15.66,328.76,0.0,0.0,4/10/2024,Ewallet,7.0
1195,1195,Chicago,Chicago,Normal,Female,Fashion & Accs,Fashion & Accs,87.67,2.0,8.77,184.11,0.0,0.0,4/10/2024,Credit card,7.7
1196,1196,New York,New York,Normal,Male,Fashion & Accs,Fashion & Accs,45.74,3.0,6.86,144.08,0.0,0.0,4/10/2024,Credit card,6.5
1197,1197,Chicago,Chicago,Member,Male,Food & Beverages,Food & Beverages,10.13,7.0,3.55,74.46,0.0,0.0,4/10/2024,Ewallet,8.3
1198,1198,Los Angeles,Los Angeles,Normal,Female,Home & Lifestyle,Home & Lifestyle,40.3,2.0,4.03,84.63,0.0,0.0,4/10/2024,Ewallet,4.4
1199,1199,Chicago,Chicago,Member,Female,Health & Beauty,Health & Beauty,68.93,7.0,24.13,506.64,0.0,0.0,4/10/2024,Credit card,4.6
1200,1200,New York,New York,Normal,Male,Food & Beverages,Food & Beverages,46.77,6.0,14.03,294.65,0.0,0.0,4/10/2024,Cash,6.0
1201,1201,New York,New York,Member,Male,Sports & Travel,Sports & Travel,34.56,7.0,12.1,254.02,0.0,0.0,4/10/2024,Credit card,7.3
1202,1202,Chicago,Chicago,Normal,Male,Health & Beauty,Health & Beauty,59.77,2.0,5.98,125.52,0.0,0.0,4/10/2024,Credit card,5.8
1203,1203,Chicago,Chicago,Normal,Female,Home & Lifestyle,Home & Lifestyle,63.42,8.0,25.37,532.73,0.0,0.0,4/10/2024,Ewallet,7.4
1204,1204,Los Angeles,Los Angeles,Member,Male,Electronics,Electronics,72.17,1.0,3.61,75.78,0.0,0.0,4/11/2024,Cash,6.1
1205,1205,New York,New York,Member,Female,Fashion & Accs,Fashion & Accs,31.9,1.0,1.6,33.5,0.0,0.0,4/11/2024,Ewallet,9.1
1206,1206,New York,New York,Normal,Male,Fashion & Accs,Fashion & Accs,27.38,6.0,8.21,172.49,0.0,0.0,4/11/2024,Credit card,7.9
1207,1207,Los Angeles,Los Angeles,Member,Female,Home & Lifestyle,Home & Lifestyle,35.38,9.0,15.92,334.34,0.0,0.0,4/11/2024,Credit card,9.6
1208,1208,New York,New York,Normal,Female,Fashion & Accs,Fashion & Accs,76.06,3.0,11.41,239.59,0.0,0.0,4/11/2024,Credit card,9.8
1209,1209,Chicago,Chicago,Member,Female,Health & Beauty,Health & Beauty,74.69,7.0,26.14,548.97,0.0,0.0,4/11/2024,Ewallet,9.1
1210,1210,Los Angeles,Los Angeles,Normal,Female,Food & Beverages,Food & Beverages,71.2,1.0,3.56,74.76,0.0,0.0,4/11/2024,Credit card,9.2
1211,1211,Chicago,Chicago,Member,Male,Home & Lifestyle,Home & Lifestyle,70.74,4.0,14.15,297.11,0.0,0.0,4/11/2024,Credit card,4.4
1212,1212,Chicago,Chicago,Normal,Female,Electronics,Electronics,93.88,7.0,32.86,690.02,0.0,0.0,4/11/2024,Credit card,7.3
1213,1213,New York,New York,Normal,Female,Health & Beauty,Health & Beauty,78.89,7.0,27.61,579.84,0.0,0.0,4/11/2024,Ewallet,7.5
1214,1214,Los Angeles,Los Angeles,Member,Female,Fashion & Accs,Fashion & Accs,73.96,1.0,3.7,77.66,0.0,0.0,4/11/2024,Credit card,5.0
1215,1215,Chicago,Chicago,Member,Male,Home & Lifestyle,Home & Lifestyle,62.65,4.0,12.53,263.13,0.0,0.0,4/11/2024,Cash,4.2
1216,1216,Chicago,Chicago,Normal,Female,Home & Lifestyle,Home & Lifestyle,42.91,5.0,10.73,225.28,0.0,0.0,4/11/2024,Ewallet,6.1
1217,1217,Los Angeles,Los Angeles,Normal,Male,Home & Lifestyle,Home & Lifestyle,62.19,4.0,12.44,261.2,0.0,0.0,4/11/2024,Ewallet,4.3
1218,1218,New York,New York,Normal,Male,Food & Beverages,Food & Beverages,89.48,10.0,44.74,939.54,0.0,0.0,4/11/2024,Credit card,9.6
1219,1219,Chicago,Chicago,Normal,Female,Sports & Travel,Sports & Travel,15.34,1.0,0.77,16.11,0.0,0.0,4/11/2024,Cash,6.5
1220,1220,Los Angeles,Los Angeles,Member,Male,Health & Beauty,Health & Beauty,80.47,9.0,36.21,760.44,0.0,0.0,4/11/2024,Cash,9.2
1221,1221,Chicago,Chicago,Member,Male,Home & Lifestyle,Home & Lifestyle,58.9,8.0,23.56,494.76,0.0,0.0,4/11/2024,Cash,8.9
1222,1222,New York,New York,Member,Female,Food & Beverages,Food & Beverages,49.79,4.0,9.96,209.12,0.0,0.0,4/12/2024,Credit card,6.4
1223,1223,Los Angeles,Los Angeles,Normal,Male,Health & Beauty,Health & Beauty,71.77,7.0,25.12,527.51,0.0,0.0,4/12/2024,Cash,8.9
1224,1224,Los Angeles,Los Angeles,Normal,Male,Health & Beauty,Health & Beauty,87.87,10.0,43.94,922.64,0.0,0.0,4/12/2024,Ewallet,5.1
1225,1225,New York,New York,Member,Male,Electronics,Electronics,82.34,10.0,41.17,864.57,0.0,0.0,4/12/2024,Ewallet,4.3
1226,1226,Chicago,Chicago,Member,Female,Home & Lifestyle,Home & Lifestyle,72.42,3.0,10.86,228.12,0.0,0.0,4/12/2024,Ewallet,8.2
1227,1227,Los Angeles,Los Angeles,Member,Male,Health & Beauty,Health & Beauty,54.86,5.0,13.72,288.02,0.0,0.0,4/12/2024,Ewallet,9.8
1228,1228,New York,New York,Normal,Male,Electronics,Electronics,28.84,4.0,5.77,121.13,0.0,0.0,4/12/2024,Cash,6.4
1229,1229,Chicago,Chicago,Normal,Female,Health & Beauty,Health & Beauty,71.38,10.0,35.69,749.49,0.0,0.0,4/12/2024,Cash,5.7
1230,1230,Los Angeles,Los Angeles,Member,Male,Health & Beauty,Health & Beauty,61.29,5.0,15.32,321.77,0.0,0.0,4/12/2024,Cash,7.0
1231,1231,New York,New York,Member,Male,Electronics,Electronics,96.82,3.0,14.52,304.98,0.0,0.0,4/12/2024,Cash,6.7
1232,1232,Los Angeles,Los Angeles,Member,Male,Health & Beauty,Health & Beauty,97.22,9.0,43.75,918.73,0.0,0.0,4/12/2024,Ewallet,6.0
1233,1233,Chicago,Chicago,Member,Female,Electronics,Electronics,64.44,5.0,16.11,338.31,0.0,0.0,4/12/2024,Cash,6.6
1234,1234,Chicago,Chicago,Normal,Female,Sports & Travel,Sports & Travel,89.48,5.0,22.37,469.77,0.0,0.0,4/12/2024,Cash,7.4
1235,1235,Los Angeles,Los Angeles,Member,Male,Food & Beverages,Food & Beverages,93.4,2.0,9.34,196.14,0.0,0.0,4/12/2024,Cash,5.5
1236,1236,Chicago,Chicago,Normal,Female,Sports & Travel,Sports & Travel,40.23,7.0,14.08,295.69,0.0,0.0,4/12/2024,Cash,9.6
1237,1237,Los Angeles,Los Angeles,Member,Male,Health & Beauty,Health & Beauty,72.57,8.0,29.03,609.59,0.0,0.0,4/12/2024,Cash,4.6
1238,1238,New York,New York,Member,Female,Food & Beverages,Food & Beverages,72.52,8.0,29.01,609.17,0.0,0.0,4/12/2024,Credit card,4.0
1239,1239,New York,New York,Member,Female,Fashion & Accs,Fashion & Accs,10.18,8.0,4.07,85.51,0.0,0.0,4/12/2024,Credit card,9.5
1240,1240,Chicago,Chicago,Member,Female,Home & Lifestyle,Home & Lifestyle,34.42,6.0,10.33,216.85,0.0,0.0,4/12/2024,Ewallet,7.5
1241,1241,New York,New York,Normal,Male,Health & Beauty,Health & Beauty,70.21,6.0,21.06,442.32,0.0,0.0,4/12/2024,Cash,7.4
1242,1242,Los Angeles,Los Angeles,Normal,Male,Fashion & Accs,Fashion & Accs,69.08,2.0,6.91,145.07,0.0,0.0,4/13/2024,Credit card,6.9
1243,1243,Los Angeles,Los Angeles,Normal,Male,Electronics,Electronics,45.35,6.0,13.61,285.71,0.0,0.0,4/13/2024,Ewallet,6.1
1244,1244,Chicago,Chicago,Member,Male,Electronics,Electronics,66.35,1.0,3.32,69.67,0.0,0.0,4/13/2024,Credit card,9.7
1245,1245,New York,New York,Member,Female,Food & Beverages,Food & Beverages,87.48,6.0,26.24,551.12,0.0,0.0,4/13/2024,Ewallet,5.1
1246,1246,Chicago,Chicago,Member,Female,Food & Beverages,Food & Beverages,14.23,5.0,3.56,74.71,0.0,0.0,4/13/2024,Credit card,4.4
1247,1247,Chicago,Chicago,Member,Male,Sports & Travel,Sports & Travel,69.52,7.0,24.33,510.97,0.0,0.0,4/13/2024,Credit card,8.5
1248,1248,New York,New York,Normal,Female,Electronics,Electronics,23.07,9.0,10.38,218.01,0.0,0.0,4/13/2024,Cash,4.9
1249,1249,New York,New York,Member,Female,Home & Lifestyle,Home & Lifestyle,80.79,9.0,36.36,763.47,0.0,0.0,4/13/2024,Credit card,9.5
1250,1250,Chicago,Chicago,Member,Female,Health & Beauty,Health & Beauty,77.68,4.0,15.54,326.26,0.0,0.0,4/13/2024,Cash,8.4
1251,1251,Los Angeles,Los Angeles,Member,Female,Electronics,Electronics,26.26,7.0,9.19,193.01,0.0,0.0,4/13/2024,Cash,9.9
1252,1252,Chicago,Chicago,Member,Male,Fashion & Accs,Fashion & Accs,43.13,10.0,21.56,452.86,0.0,0.0,4/13/2024,Credit card,5.5
1253,1253,Los Angeles,Los Angeles,Normal,Female,Fashion & Accs,Fashion & Accs,25.56,7.0,8.95,187.87,0.0,0.0,4/13/2024,Cash,7.1
1254,1254,New York,New York,Member,Female,Food & Beverages,Food & Beverages,38.42,1.0,1.92,40.34,0.0,0.0,4/13/2024,Cash,8.6
1255,1255,Chicago,Chicago,Normal,Female,Health & Beauty,Health & Beauty,71.38,10.0,35.69,749.49,0.0,0.0,4/13/2024,Cash,5.7
1256,1256,Los Angeles,Los Angeles,Member,Female,Fashion & Accs,Fashion & Accs,72.04,2.0,7.2,151.28,0.0,0.0,4/14/2024,Cash,9.5
1257,1257,Chicago,Chicago,Normal,Female,Fashion & Accs,Fashion & Accs,48.63,4.0,9.73,204.25,0.0,0.0,4/14/2024,Ewallet,7.6
1258,1258,Los Angeles,Los Angeles,Member,Female,Home & Lifestyle,Home & Lifestyle,77.68,9.0,34.96,734.08,0.0,0.0,4/14/2024,Ewallet,9.8
1259,1259,Chicago,Chicago,Member,Female,Fashion & Accs,Fashion & Accs,30.62,1.0,1.53,32.15,0.0,0.0,4/14/2024,Credit card,4.1
1260,1260,Los Angeles,Los Angeles,Member,Female,Food & Beverages,Food & Beverages,42.82,9.0,19.27,404.65,0.0,0.0,4/14/2024,Credit card,8.9
1261,1261,New York,New York,Member,Female,Food & Beverages,Food & Beverages,21.04,4.0,4.21,88.37,0.0,0.0,4/14/2024,Cash,7.6
1262,1262,Los Angeles,Los Angeles,Member,Male,Fashion & Accs,Fashion & Accs,59.86,2.0,5.99,125.71,0.0,0.0,4/14/2024,Ewallet,6.7
1263,1263,Los Angeles,Los Angeles,Normal,Male,Food & Beverages,Food & Beverages,72.39,2.0,7.24,152.02,0.0,0.0,4/14/2024,Credit card,8.1
1264,1264,Chicago,Chicago,Normal,Male,Sports & Travel,Sports & Travel,45.58,7.0,15.95,335.01,0.0,0.0,4/14/2024,Cash,5.0
1265,1265,New York,New York,Normal,Female,Electronics,Electronics,41.65,10.0,20.83,437.33,0.0,0.0,4/14/2024,Credit card,5.4
1266,1266,New York,New York,Member,Male,Health & Beauty,Health & Beauty,60.47,3.0,9.07,190.48,0.0,0.0,4/14/2024,Credit card,5.6
1267,1267,Los Angeles,Los Angeles,Normal,Female,Sports & Travel,Sports & Travel,34.81,1.0,1.74,36.55,0.0,0.0,4/14/2024,Credit card,7.0
1268,1268,New York,New York,Normal,Male,Food & Beverages,Food & Beverages,77.56,10.0,38.78,814.38,0.0,0.0,4/14/2024,Ewallet,6.9
1269,1269,Los Angeles,Los Angeles,Member,Male,Food & Beverages,Food & Beverages,93.4,2.0,9.34,196.14,0.0,0.0,4/15/2024,Cash,5.5
1270,1270,Chicago,Chicago,Normal,Female,Sports & Travel,Sports & Travel,40.23,7.0,14.08,295.69,0.0,0.0,4/15/2024,Cash,9.6
1271,1271,Los Angeles,Los Angeles,Member,Male,Health & Beauty,Health & Beauty,72.57,8.0,29.03,609.59,0.0,0.0,4/15/2024,Cash,4.6
1272,1272,New York,New York,Member,Female,Food & Beverages,Food & Beverages,72.52,8.0,29.01,609.17,0.0,0.0,4/15/2024,Credit card,4.0
1273,1273,New York,New York,Member,Female,Fashion & Accs,Fashion & Accs,10.18,8.0,4.07,85.51,0.0,0.0,4/15/2024,Credit card,9.5
1274,1274,Chicago,Chicago,Member,Female,Home & Lifestyle,Home & Lifestyle,34.42,6.0,10.33,216.85,0.0,0.0,4/15/2024,Ewallet,7.5
1275,1275,New York,New York,Normal,Male,Health & Beauty,Health & Beauty,70.21,6.0,21.06,442.32,0.0,0.0,4/15/2024,Cash,7.4
1276,1276,New York,New York,Member,Male,Electronics,Electronics,37.06,4.0,7.41,155.65,0.0,0.0,4/15/2024,Ewallet,9.7
1277,1277,Los Angeles,Los Angeles,Member,Male,Electronics,Electronics,87.87,9.0,39.54,830.37,0.0,0.0,4/15/2024,Ewallet,5.6
1278,1278,Los Angeles,Los Angeles,Normal,Male,Electronics,Electronics,45.35,6.0,13.61,285.71,0.0,0.0,4/15/2024,Ewallet,6.1
1279,1279,Chicago,Chicago,Member,Male,Electronics,Electronics,66.35,1.0,3.32,69.67,0.0,0.0,4/15/2024,Credit card,9.7
1280,1280,New York,New York,Member,Female,Food & Beverages,Food & Beverages,87.48,6.0,26.24,551.12,0.0,0.0,4/15/2024,Ewallet,5.1
1281,1281,Chicago,Chicago,Member,Female,Health & Beauty,Health & Beauty,27.73,5.0,6.93,145.58,0.0,0.0,4/16/2024,Credit card,4.2
1282,1282,Chicago,Chicago,Member,Male,Electronics,Electronics,72.2,7.0,25.27,530.67,0.0,0.0,4/16/2024,Ewallet,4.3
1283,1283,New York,New York,Member,Male,Health & Beauty,Health & Beauty,43.7,2.0,4.37,91.77,0.0,0.0,4/16/2024,Cash,4.9
1284,1284,Chicago,Chicago,Member,Male,Fashion & Accs,Fashion & Accs,41.28,3.0,6.19,130.03,0.0,0.0,4/16/2024,Credit card,8.5
1285,1285,Los Angeles,Los Angeles,Normal,Female,Electronics,Electronics,45.71,3.0,6.86,143.99,0.0,0.0,4/16/2024,Credit card,7.7
1286,1286,Los Angeles,Los Angeles,Member,Female,Home & Lifestyle,Home & Lifestyle,12.29,9.0,5.53,116.14,0.0,0.0,4/16/2024,Credit card,8.0
1287,1287,Los Angeles,Los Angeles,Member,Female,Sports & Travel,Sports & Travel,39.12,1.0,1.96,41.08,0.0,0.0,4/16/2024,Credit card,9.6
1288,1288,Chicago,Chicago,Member,Female,Electronics,Electronics,94.64,3.0,14.2,298.12,0.0,0.0,4/16/2024,Cash,5.5
1289,1289,Los Angeles,Los Angeles,Member,Male,Health & Beauty,Health & Beauty,39.91,3.0,5.99,125.72,0.0,0.0,4/16/2024,Ewallet,9.3
1290,1290,New York,New York,Normal,Female,Health & Beauty,Health & Beauty,83.66,5.0,20.92,439.22,0.0,0.0,4/16/2024,Cash,7.2
1291,1291,New York,New York,Normal,Female,Sports & Travel,Sports & Travel,98.8,2.0,9.88,207.48,0.0,0.0,4/16/2024,Cash,7.7
1292,1292,New York,New York,Member,Female,Fashion & Accs,Fashion & Accs,12.54,1.0,0.63,13.17,0.0,0.0,4/16/2024,Cash,8.2
1293,1293,Chicago,Chicago,Member,Male,Health & Beauty,Health & Beauty,58.22,8.0,23.29,489.05,0.0,0.0,4/16/2024,Ewallet,8.4
1294,1294,Chicago,Chicago,Normal,Female,Sports & Travel,Sports & Travel,32.25,5.0,8.06,169.31,0.0,0.0,4/16/2024,Cash,9.0
1295,1295,Chicago,Chicago,Normal,Female,Food & Beverages,Food & Beverages,33.88,8.0,13.55,284.59,0.0,0.0,4/17/2024,Ewallet,9.6
1296,1296,New York,New York,Member,Male,Sports & Travel,Sports & Travel,67.26,4.0,13.45,282.49,0.0,0.0,4/17/2024,Credit card,8.0
1297,1297,Chicago,Chicago,Member,Male,Home & Lifestyle,Home & Lifestyle,88.61,1.0,4.43,93.04,0.0,0.0,4/17/2024,Cash,7.7
1298,1298,New York,New York,Normal,Female,Home & Lifestyle,Home & Lifestyle,58.07,9.0,26.13,548.76,0.0,0.0,4/17/2024,Ewallet,4.3
1299,1299,New York,New York,Normal,Female,Food & Beverages,Food & Beverages,51.28,6.0,15.38,323.06,0.0,0.0,4/17/2024,Cash,6.5
1300,1300,Los Angeles,Los Angeles,Member,Male,Sports & Travel,Sports & Travel,82.93,4.0,16.59,348.31,0.0,0.0,4/17/2024,Ewallet,9.6
1301,1301,Chicago,Chicago,Member,Male,Fashion & Accs,Fashion & Accs,63.88,8.0,25.55,536.59,0.0,0.0,4/17/2024,Ewallet,9.9
1302,1302,Chicago,Chicago,Normal,Female,Home & Lifestyle,Home & Lifestyle,89.25,8.0,35.7,749.7,0.0,0.0,4/17/2024,Cash,4.7
1303,1303,Los Angeles,Los Angeles,Normal,Male,Home & Lifestyle,Home & Lifestyle,73.22,6.0,21.97,461.29,0.0,0.0,4/17/2024,Cash,7.2
1304,1304,Los Angeles,Los Angeles,Normal,Male,Health & Beauty,Health & Beauty,99.19,6.0,29.76,624.9,0.0,0.0,4/17/2024,Credit card,5.5
1305,1305,New York,New York,Normal,Male,Health & Beauty,Health & Beauty,53.17,7.0,18.61,390.8,0.0,0.0,4/17/2024,Cash,8.9
1306,1306,Chicago,Chicago,Member,Female,Sports & Travel,Sports & Travel,98.13,1.0,4.91,103.04,0.0,0.0,4/17/2024,Cash,8.9
1307,1307,New York,New York,Normal,Male,Food & Beverages,Food & Beverages,36.36,2.0,3.64,76.36,0.0,0.0,4/17/2024,Cash,7.1
1308,1308,Chicago,Chicago,Normal,Male,Fashion & Accs,Fashion & Accs,86.68,8.0,34.67,728.11,0.0,0.0,4/18/2024,Credit card,7.2
1309,1309,New York,New York,Normal,Male,Electronics,Electronics,48.62,8.0,19.45,408.41,0.0,0.0,4/18/2024,Cash,5.0
1310,1310,New York,New York,Normal,Male,Home & Lifestyle,Home & Lifestyle,60.87,1.0,3.04,63.91,0.0,0.0,4/18/2024,Cash,5.5
1311,1311,Chicago,Chicago,Member,Male,Home & Lifestyle,Home & Lifestyle,73.28,5.0,18.32,384.72,0.0,0.0,4/18/2024,Ewallet,8.4
1312,1312,New York,New York,Member,Male,Health & Beauty,Health & Beauty,77.5,5.0,19.38,406.88,0.0,0.0,4/18/2024,Ewallet,4.3
1313,1313,Chicago,Chicago,Normal,Male,Electronics,Electronics,75.88,7.0,26.56,557.72,0.0,0.0,4/18/2024,Ewallet,8.9
1314,1314,Los Angeles,Los Angeles,Normal,Female,Fashion & Accs,Fashion & Accs,60.96,2.0,6.1,128.02,0.0,0.0,4/18/2024,Credit card,4.9
1315,1315,Chicago,Chicago,Normal,Male,Food & Beverages,Food & Beverages,48.51,7.0,16.98,356.55,0.0,0.0,4/18/2024,Credit card,5.2
1316,1316,Los Angeles,Los Angeles,Member,Male,Home & Lifestyle,Home & Lifestyle,60.01,4.0,12.0,252.04,0.0,0.0,4/18/2024,Cash,4.5
1317,1317,Los Angeles,Los Angeles,Member,Female,Health & Beauty,Health & Beauty,96.11,1.0,4.81,100.92,0.0,0.0,4/18/2024,Ewallet,7.8
1318,1318,Los Angeles,Los Angeles,Member,Male,Health & Beauty,Health & Beauty,51.13,4.0,10.23,214.75,0.0,0.0,4/18/2024,Credit card,4.0
1319,1319,Chicago,Chicago,Member,Male,Health & Beauty,Health & Beauty,58.22,8.0,23.29,489.05,0.0,0.0,4/19/2024,Ewallet,8.4
1320,1320,New York,New York,Member,Female,Sports & Travel,Sports & Travel,32.25,5.0,8.06,169.31,0.0,0.0,4/19/2024,Cash,9.0
1321,1321,New York,New York,Normal,Female,Health & Beauty,Health & Beauty,96.16,4.0,19.23,403.87,0.0,0.0,4/19/2024,Credit card,8.4
1322,1322,New York,New York,Normal,Female,Home & Lifestyle,Home & Lifestyle,69.4,2.0,6.94,145.74,0.0,0.0,4/19/2024,Ewallet,9.0
1323,1323,New York,New York,Member,Female,Home & Lifestyle,Home & Lifestyle,12.03,2.0,1.2,25.26,0.0,0.0,4/19/2024,Cash,5.1
1324,1324,Los Angeles,Los Angeles,Normal,Female,Food & Beverages,Food & Beverages,81.71,6.0,24.51,514.77,0.0,0.0,4/19/2024,Credit card,8.0
1325,1325,New York,New York,Member,Female,Health & Beauty,Health & Beauty,19.15,1.0,0.96,20.11,0.0,0.0,4/19/2024,Credit card,9.5
1326,1326,Chicago,Chicago,Normal,Female,Sports & Travel,Sports & Travel,80.97,8.0,32.39,680.15,0.0,0.0,4/19/2024,Cash,9.3
1327,1327,New York,New York,Normal,Female,Food & Beverages,Food & Beverages,11.53,7.0,4.04,84.75,0.0,0.0,4/19/2024,Cash,8.1
1328,1328,Los Angeles,Los Angeles,Normal,Male,Fashion & Accs,Fashion & Accs,23.82,5.0,5.96,125.06,0.0,0.0,4/19/2024,Ewallet,5.4
1329,1329,New York,New York,Normal,Male,Fashion & Accs,Fashion & Accs,83.24,9.0,37.46,786.62,0.0,0.0,4/20/2024,Credit card,7.4
1330,1330,Chicago,Chicago,Member,Female,Home & Lifestyle,Home & Lifestyle,22.96,1.0,1.15,24.11,0.0,0.0,4/20/2024,Cash,4.3
1331,1331,New York,New York,Normal,Male,Electronics,Electronics,23.65,4.0,4.73,99.33,0.0,0.0,4/20/2024,Credit card,4.0
1332,1332,Los Angeles,Los Angeles,Normal,Female,Electronics,Electronics,93.78,3.0,14.07,295.41,0.0,0.0,4/20/2024,Credit card,5.9
1333,1333,New York,New York,Member,Female,Food & Beverages,Food & Beverages,98.52,10.0,49.26,1034.46,0.0,0.0,4/20/2024,Ewallet,4.5
1334,1334,Los Angeles,Los Angeles,Member,Male,Sports & Travel,Sports & Travel,22.38,1.0,1.12,23.5,0.0,0.0,4/20/2024,Credit card,8.6
1335,1335,Chicago,Chicago,Member,Female,Food & Beverages,Food & Beverages,97.03,5.0,24.26,509.41,0.0,0.0,4/20/2024,Ewallet,9.3
1336,1336,New York,New York,Member,Female,Electronics,Electronics,72.13,10.0,36.06,757.36,0.0,0.0,4/20/2024,Credit card,4.2
1337,1337,New York,New York,Normal,Male,Fashion & Accs,Fashion & Accs,51.34,8.0,20.54,431.26,0.0,0.0,4/20/2024,Ewallet,7.6
1338,1338,Los Angeles,Los Angeles,Normal,Female,Sports & Travel,Sports & Travel,75.82,1.0,3.79,79.61,0.0,0.0,4/20/2024,Cash,5.8
1339,1339,New York,New York,Normal,Female,Fashion & Accs,Fashion & Accs,62.18,10.0,31.09,652.89,0.0,0.0,4/20/2024,Ewallet,6.0
1340,1340,Chicago,Chicago,Member,Male,Electronics,Electronics,37.06,4.0,7.41,155.65,0.0,0.0,4/20/2024,Ewallet,9.7
1341,1341,New York,New York,Member,Male,Sports & Travel,Sports & Travel,79.93,6.0,23.98,503.56,0.0,0.0,4/20/2024,Cash,5.5
1342,1342,Los Angeles,Los Angeles,Normal,Female,Electronics,Electronics,87.87,9.0,39.54,830.37,0.0,0.0,4/20/2024,Ewallet,5.6
1343,1343,Los Angeles,Los Angeles,Normal,Male,Food & Beverages,Food & Beverages,14.87,2.0,1.49,31.23,0.0,0.0,4/21/2024,Credit card,8.9
1344,1344,Los Angeles,Los Angeles,Member,Male,Electronics,Electronics,32.25,4.0,6.45,135.45,0.0,0.0,4/21/2024,Ewallet,6.5
1345,1345,Chicago,Chicago,Normal,Female,Sports & Travel,Sports & Travel,13.69,6.0,4.11,86.25,0.0,0.0,4/21/2024,Cash,6.3
1346,1346,Chicago,Chicago,Normal,Male,Health & Beauty,Health & Beauty,91.3,1.0,4.57,95.87,0.0,0.0,4/21/2024,Ewallet,9.2
1347,1347,Chicago,Chicago,Member,Female,Sports & Travel,Sports & Travel,44.65,3.0,6.7,140.65,0.0,0.0,4/21/2024,Cash,6.2
1348,1348,Chicago,Chicago,Member,Male,Health & Beauty,Health & Beauty,75.74,4.0,15.15,318.11,0.0,0.0,4/21/2024,Cash,7.6
1349,1349,Los Angeles,Los Angeles,Member,Female,Sports & Travel,Sports & Travel,60.08,7.0,21.03,441.59,0.0,0.0,4/21/2024,Credit card,4.5
1350,1350,New York,New York,Member,Female,Food & Beverages,Food & Beverages,27.66,10.0,13.83,290.43,0.0,0.0,4/21/2024,Credit card,8.9
1351,1351,Los Angeles,Los Angeles,Member,Female,Food & Beverages,Food & Beverages,99.37,2.0,9.94,208.68,0.0,0.0,4/21/2024,Cash,5.2
1352,1352,New York,New York,Normal,Female,Health & Beauty,Health & Beauty,58.32,2.0,5.83,122.47,0.0,0.0,4/21/2024,Ewallet,6.0
1353,1353,Chicago,Chicago,Normal,Female,Health & Beauty,Health & Beauty,76.9,7.0,26.92,565.22,0.0,0.0,4/21/2024,Cash,7.7
1354,1354,New York,New York,Normal,Female,Food & Beverages,Food & Beverages,77.4,9.0,34.83,731.43,0.0,0.0,4/21/2024,Credit card,4.5
1355,1355,Chicago,Chicago,Normal,Male,Food & Beverages,Food & Beverages,67.1,3.0,10.06,211.36,0.0,0.0,4/21/2024,Cash,7.5
1356,1356,Chicago,Chicago,Normal,Female,Health & Beauty,Health & Beauty,33.64,8.0,13.46,282.58,0.0,0.0,4/21/2024,Credit card,9.3
1357,1357,Los Angeles,Los Angeles,Normal,Female,Health & Beauty,Health & Beauty,68.55,4.0,13.71,287.91,0.0,0.0,4/21/2024,Credit card,9.2
1358,1358,New York,New York,Member,Female,Sports & Travel,Sports & Travel,24.74,3.0,3.71,77.93,0.0,0.0,4/21/2024,Credit card,10.0
1359,1359,Los Angeles,Los Angeles,Normal,Female,Food & Beverages,Food & Beverages,26.43,8.0,10.57,222.01,0.0,0.0,4/22/2024,Ewallet,8.9
1360,1360,Los Angeles,Los Angeles,Normal,Female,Fashion & Accs,Fashion & Accs,83.77,2.0,8.38,175.92,0.0,0.0,4/22/2024,Cash,4.6
1361,1361,New York,New York,Normal,Male,Fashion & Accs,Fashion & Accs,94.13,5.0,23.53,494.18,0.0,0.0,4/22/2024,Credit card,4.8
1362,1362,Los Angeles,Los Angeles,Normal,Female,Food & Beverages,Food & Beverages,94.13,3.0,14.12,296.51,0.0,0.0,4/22/2024,Cash,5.8
1363,1363,Los Angeles,Los Angeles,Member,Female,Food & Beverages,Food & Beverages,48.61,1.0,2.43,51.04,0.0,0.0,4/22/2024,Cash,4.4
1364,1364,Chicago,Chicago,Member,Female,Health & Beauty,Health & Beauty,62.57,4.0,12.51,262.79,0.0,0.0,4/22/2024,Cash,9.5
1365,1365,New York,New York,Member,Female,Fashion & Accs,Fashion & Accs,73.05,4.0,14.61,306.81,0.0,0.0,4/22/2024,Credit card,4.9
1366,1366,New York,New York,Member,Female,Health & Beauty,Health & Beauty,65.18,3.0,9.78,205.32,0.0,0.0,4/22/2024,Credit card,6.3
1367,1367,Los Angeles,Los Angeles,Member,Male,Fashion & Accs,Fashion & Accs,99.89,2.0,9.99,209.77,0.0,0.0,4/22/2024,Ewallet,7.1
1368,1368,Los Angeles,Los Angeles,Member,Female,Fashion & Accs,Fashion & Accs,55.45,1.0,2.77,58.22,0.0,0.0,4/22/2024,Credit card,4.9
1369,1369,New York,New York,Normal,Female,Health & Beauty,Health & Beauty,56.69,9.0,25.51,535.72,0.0,0.0,4/22/2024,Credit card,8.4
1370,1370,Los Angeles,Los Angeles,Member,Male,Health & Beauty,Health & Beauty,67.27,5.0,16.82,353.17,0.0,0.0,4/22/2024,Cash,6.9
1371,1371,Los Angeles,Los Angeles,Normal,Female,Fashion & Accs,Fashion & Accs,19.77,10.0,9.88,207.58,0.0,0.0,4/22/2024,Credit card,5.0
1372,1372,Los Angeles,Los Angeles,Normal,Female,Fashion & Accs,Fashion & Accs,52.42,3.0,7.86,165.12,0.0,0.0,4/23/2024,Ewallet,7.5
1373,1373,Chicago,Chicago,Normal,Female,Food & Beverages,Food & Beverages,74.44,10.0,37.22,781.62,0.0,0.0,4/23/2024,Ewallet,5.1
1374,1374,New York,New York,Normal,Female,Fashion & Accs,Fashion & Accs,41.09,10.0,20.54,431.44,0.0,0.0,4/23/2024,Cash,7.3
1375,1375,New York,New York,Member,Female,Health & Beauty,Health & Beauty,56.0,3.0,8.4,176.4,0.0,0.0,4/23/2024,Ewallet,4.8
1376,1376,Chicago,Chicago,Member,Male,Food & Beverages,Food & Beverages,80.62,6.0,24.19,507.91,0.0,0.0,4/23/2024,Cash,9.1
1377,1377,Los Angeles,Los Angeles,Normal,Female,Fashion & Accs,Fashion & Accs,93.2,2.0,9.32,195.72,0.0,0.0,4/23/2024,Credit card,6.0
1378,1378,Chicago,Chicago,Member,Male,Food & Beverages,Food & Beverages,74.89,4.0,14.98,314.54,0.0,0.0,4/23/2024,Ewallet,4.2
1379,1379,Chicago,Chicago,Normal,Male,Home & Lifestyle,Home & Lifestyle,34.73,2.0,3.47,72.93,0.0,0.0,4/23/2024,Ewallet,9.7
1380,1380,Los Angeles,Los Angeles,Normal,Male,Sports & Travel,Sports & Travel,54.55,10.0,27.28,572.78,0.0,0.0,4/23/2024,Credit card,7.1
1381,1381,Los Angeles,Los Angeles,Member,Female,Sports & Travel,Sports & Travel,39.47,2.0,3.95,82.89,0.0,0.0,4/23/2024,Credit card,5.0
1382,1382,Los Angeles,Los Angeles,Normal,Male,Health & Beauty,Health & Beauty,10.75,8.0,4.3,90.3,0.0,0.0,4/24/2024,Ewallet,6.2
1383,1383,Chicago,Chicago,Member,Male,Health & Beauty,Health & Beauty,96.58,2.0,9.66,202.82,0.0,0.0,4/24/2024,Credit card,5.1
1384,1384,New York,New York,Normal,Male,Health & Beauty,Health & Beauty,92.78,1.0,4.64,97.42,0.0,0.0,4/24/2024,Credit card,9.8
1385,1385,Los Angeles,Los Angeles,Normal,Female,Food & Beverages,Food & Beverages,87.8,9.0,39.51,829.71,0.0,0.0,4/24/2024,Cash,9.2
1386,1386,Los Angeles,Los Angeles,Member,Male,Food & Beverages,Food & Beverages,63.61,5.0,15.9,333.95,0.0,0.0,4/24/2024,Ewallet,4.8
1387,1387,Chicago,Chicago,Normal,Male,Health & Beauty,Health & Beauty,15.37,2.0,1.54,32.28,0.0,0.0,4/24/2024,Cash,7.2
1388,1388,New York,New York,Member,Female,Food & Beverages,Food & Beverages,91.61,1.0,4.58,96.19,0.0,0.0,4/24/2024,Cash,9.8
1389,1389,Los Angeles,Los Angeles,Normal,Male,Food & Beverages,Food & Beverages,43.25,2.0,4.32,90.82,0.0,0.0,4/24/2024,Cash,6.2
1390,1390,Chicago,Chicago,Member,Female,Food & Beverages,Food & Beverages,57.29,6.0,17.19,360.93,0.0,0.0,4/24/2024,Ewallet,5.9
1391,1391,New York,New York,Normal,Male,Food & Beverages,Food & Beverages,56.56,5.0,14.14,296.94,0.0,0.0,4/24/2024,Credit card,4.5
1392,1392,Los Angeles,Los Angeles,Member,Female,Food & Beverages,Food & Beverages,52.75,3.0,7.91,166.16,0.0,0.0,4/24/2024,Ewallet,9.3
1393,1393,Los Angeles,Los Angeles,Member,Male,Health & Beauty,Health & Beauty,54.92,8.0,21.97,461.33,0.0,0.0,4/24/2024,Ewallet,7.6
1394,1394,Chicago,Chicago,Member,Female,Health & Beauty,Health & Beauty,21.8,8.0,8.72,183.12,0.0,0.0,4/25/2024,Cash,8.3
1395,1395,Los Angeles,Los Angeles,Normal,Female,Sports & Travel,Sports & Travel,64.08,7.0,22.43,470.99,0.0,0.0,4/25/2024,Credit card,7.3
1396,1396,New York,New York,Member,Male,Food & Beverages,Food & Beverages,41.24,4.0,8.25,173.21,0.0,0.0,4/25/2024,Cash,7.1
1397,1397,Chicago,Chicago,Member,Female,Food & Beverages,Food & Beverages,54.84,3.0,8.23,172.75,0.0,0.0,4/25/2024,Credit card,5.9
1398,1398,Chicago,Chicago,Normal,Male,Food & Beverages,Food & Beverages,39.9,10.0,19.95,418.95,0.0,0.0,4/25/2024,Credit card,5.9
1399,1399,Chicago,Chicago,Member,Male,Food & Beverages,Food & Beverages,92.29,5.0,23.07,484.52,0.0,0.0,4/25/2024,Credit card,9.0
1400,1400,Los Angeles,Los Angeles,Member,Male,Food & Beverages,Food & Beverages,57.74,3.0,8.66,181.88,0.0,0.0,4/25/2024,Ewallet,7.7
1401,1401,Los Angeles,Los Angeles,Normal,Male,Health & Beauty,Health & Beauty,66.68,5.0,16.67,350.07,0.0,0.0,4/25/2024,Cash,7.6
1402,1402,New York,New York,Member,Female,Health & Beauty,Health & Beauty,32.32,10.0,16.16,339.36,0.0,0.0,4/25/2024,Credit card,10.0
1403,1403,New York,New York,Member,Female,Health & Beauty,Health & Beauty,17.97,4.0,3.59,75.47,0.0,0.0,4/26/2024,Ewallet,6.4
1404,1404,New York,New York,Normal,Male,Food & Beverages,Food & Beverages,98.79,3.0,14.82,311.19,0.0,0.0,4/26/2024,Ewallet,6.4
1405,1405,New York,New York,Member,Female,Sports & Travel,Sports & Travel,58.39,7.0,20.44,429.17,0.0,0.0,4/26/2024,Credit card,8.2
1406,1406,Los Angeles,Los Angeles,Normal,Male,Food & Beverages,Food & Beverages,73.47,4.0,14.69,308.57,0.0,0.0,4/26/2024,Cash,6.0
1407,1407,Chicago,Chicago,Member,Female,Food & Beverages,Food & Beverages,80.36,4.0,16.07,337.51,0.0,0.0,4/26/2024,Credit card,8.3
1408,1408,New York,New York,Normal,Male,Home & Lifestyle,Home & Lifestyle,55.73,6.0,16.72,351.1,0.0,0.0,4/26/2024,Ewallet,7.0
1409,1409,Chicago,Chicago,Member,Female,Sports & Travel,Sports & Travel,91.41,5.0,22.85,479.9,0.0,0.0,4/26/2024,Ewallet,7.1
1410,1410,New York,New York,Member,Female,Food & Beverages,Food & Beverages,94.13,3.0,14.12,296.51,0.0,0.0,4/26/2024,Cash,5.8
1411,1411,Los Angeles,Los Angeles,Normal,Female,Home & Lifestyle,Home & Lifestyle,82.04,5.0,20.51,430.71,0.0,0.0,4/26/2024,Credit card,7.6
1412,1412,New York,New York,Normal,Female,Food & Beverages,Food & Beverages,48.61,1.0,2.43,51.04,0.0,0.0,4/26/2024,Cash,4.4
1413,1413,Los Angeles,Los Angeles,Normal,Female,Sports & Travel,Sports & Travel,88.45,1.0,4.42,92.87,0.0,0.0,4/26/2024,Credit card,9.5
1414,1414,New York,New York,Member,Male,Food & Beverages,Food & Beverages,81.21,10.0,40.6,852.7,0.0,0.0,4/27/2024,Credit card,6.3
1415,1415,New York,New York,Member,Male,Food & Beverages,Food & Beverages,57.89,2.0,5.79,121.57,0.0,0.0,4/27/2024,Ewallet,8.9
1416,1416,New York,New York,Normal,Male,Home & Lifestyle,Home & Lifestyle,21.52,6.0,6.46,135.58,0.0,0.0,4/27/2024,Credit card,9.4
1417,1417,New York,New York,Normal,Female,Home & Lifestyle,Home & Lifestyle,94.59,7.0,33.11,695.24,0.0,0.0,4/27/2024,Credit card,4.9
1418,1418,Los Angeles,Los Angeles,Normal,Male,Health & Beauty,Health & Beauty,62.82,2.0,6.28,131.92,0.0,0.0,4/27/2024,Ewallet,4.9
1419,1419,Chicago,Chicago,Member,Male,Food & Beverages,Food & Beverages,65.65,2.0,6.57,137.87,0.0,0.0,4/27/2024,Cash,6.0
1420,1420,Los Angeles,Los Angeles,Member,Male,Home & Lifestyle,Home & Lifestyle,86.72,1.0,4.34,91.06,0.0,0.0,4/27/2024,Ewallet,7.9
1421,1421,New York,New York,Normal,Female,Fashion & Accs,Fashion & Accs,88.15,3.0,13.22,277.67,0.0,0.0,4/27/2024,Ewallet,7.9
1422,1422,New York,New York,Normal,Male,Fashion & Accs,Fashion & Accs,17.48,6.0,5.24,110.12,0.0,0.0,4/27/2024,Credit card,6.1
1423,1423,Los Angeles,Los Angeles,Normal,Male,Fashion & Accs,Fashion & Accs,99.1,6.0,29.73,624.33,0.0,0.0,4/27/2024,Cash,4.2
1424,1424,Chicago,Chicago,Member,Male,Home & Lifestyle,Home & Lifestyle,45.68,10.0,22.84,479.64,0.0,0.0,4/27/2024,Ewallet,5.7
1425,1425,Chicago,Chicago,Member,Female,Food & Beverages,Food & Beverages,87.1,10.0,43.55,914.55,0.0,0.0,4/28/2024,Credit card,9.9
1426,1426,New York,New York,Member,Female,Fashion & Accs,Fashion & Accs,52.35,1.0,2.62,54.97,0.0,0.0,4/28/2024,Cash,4.0
1427,1427,New York,New York,Normal,Male,Fashion & Accs,Fashion & Accs,94.87,8.0,37.95,796.91,0.0,0.0,4/28/2024,Ewallet,8.7
1428,1428,Los Angeles,Los Angeles,Member,Female,Fashion & Accs,Fashion & Accs,92.98,2.0,9.3,195.26,0.0,0.0,4/28/2024,Credit card,8.0
1429,1429,New York,New York,Normal,Male,Fashion & Accs,Fashion & Accs,29.56,5.0,7.39,155.19,0.0,0.0,4/28/2024,Cash,6.9
1430,1430,New York,New York,Normal,Female,Food & Beverages,Food & Beverages,99.37,2.0,9.94,208.68,0.0,0.0,4/28/2024,Cash,5.2
1431,1431,New York,New York,Member,Female,Food & Beverages,Food & Beverages,52.2,3.0,7.83,164.43,0.0,0.0,4/28/2024,Credit card,9.5
1432,1432,New York,New York,Member,Male,Fashion & Accs,Fashion & Accs,72.84,7.0,25.49,535.37,0.0,0.0,4/28/2024,Cash,8.4
1433,1433,Chicago,Chicago,Member,Male,Food & Beverages,Food & Beverages,71.39,5.0,17.85,374.8,0.0,0.0,4/29/2024,Credit card,5.5
1434,1434,Los Angeles,Los Angeles,Normal,Female,Fashion & Accs,Fashion & Accs,45.38,3.0,6.81,142.95,0.0,0.0,4/29/2024,Credit card,7.2
1435,1435,Los Angeles,Los Angeles,Member,Male,Fashion & Accs,Fashion & Accs,90.22,3.0,13.53,284.19,0.0,0.0,4/29/2024,Cash,6.2
1436,1436,New York,New York,Member,Female,Fashion & Accs,Fashion & Accs,88.34,7.0,30.92,649.3,0.0,0.0,4/29/2024,Cash,6.6
1437,1437,Los Angeles,Los Angeles,Member,Male,Fashion & Accs,Fashion & Accs,98.48,2.0,9.85,206.81,0.0,0.0,4/29/2024,Ewallet,9.2
1438,1438,Chicago,Chicago,Member,Male,Food & Beverages,Food & Beverages,98.66,9.0,44.4,932.34,0.0,0.0,4/29/2024,Cash,8.4
1439,1439,Chicago,Chicago,Normal,Male,Food & Beverages,Food & Beverages,41.24,4.0,8.25,173.21,0.0,0.0,4/29/2024,Cash,7.1
1440,1440,Los Angeles,Los Angeles,Normal,Male,Fashion & Accs,Fashion & Accs,12.54,1.0,0.63,13.17,0.0,0.0,4/29/2024,Cash,8.2
1441,1441,Los Angeles,Los Angeles,Normal,Male,Fashion & Accs,Fashion & Accs,39.75,5.0,9.94,208.69,0.0,0.0,4/29/2024,Ewallet,9.6
1442,1442,Chicago,Chicago,Member,Male,Food & Beverages,Food & Beverages,30.41,1.0,1.52,31.93,0.0,0.0,4/29/2024,Credit card,8.4
1443,1443,Los Angeles,Los Angeles,Member,Male,Fashion & Accs,Fashion & Accs,17.49,10.0,8.74,183.64,0.0,0.0,4/29/2024,Ewallet,6.6
1444,1444,Los Angeles,Los Angeles,Member,Male,Food & Beverages,Food & Beverages,35.89,1.0,1.79,37.68,0.0,0.0,4/29/2024,Credit card,7.9
1445,1445,Los Angeles,Los Angeles,Normal,Female,Food & Beverages,Food & Beverages,94.13,3.0,14.12,296.51,0.0,0.0,4/30/2024,Cash,5.8
1446,1446,Los Angeles,Los Angeles,Member,Female,Food & Beverages,Food & Beverages,48.61,1.0,2.43,51.04,0.0,0.0,4/30/2024,Cash,4.4
1447,1447,Chicago,Chicago,Member,Female,Health & Beauty,Health & Beauty,62.57,4.0,12.51,262.79,0.0,0.0,4/30/2024,Cash,9.5
1448,1448,New York,New York,Member,Female,Fashion & Accs,Fashion & Accs,73.05,4.0,14.61,306.81,0.0,0.0,4/30/2024,Credit card,4.9
1449,1449,New York,New York,Member,Female,Health & Beauty,Health & Beauty,65.18,3.0,9.78,205.32,0.0,0.0,4/30/2024,Credit card,6.3
1450,1450,Los Angeles,Los Angeles,Normal,Female,Health & Beauty,Health & Beauty,42.57,8.0,17.03,357.59,0.0,0.0,4/30/2024,Ewallet,5.6
1451,1451,Los Angeles,Los Angeles,Member,Male,Food & Beverages,Food & Beverages,62.85,4.0,12.57,263.97,0.0,0.0,4/30/2024,Ewallet,8.7
1452,1452,Los Angeles,Los Angeles,Normal,Male,Food & Beverages,Food & Beverages,22.93,9.0,10.32,216.69,0.0,0.0,4/30/2024,Cash,5.5
1453,1453,Los Angeles,Los Angeles,Member,Male,Fashion & Accs,Fashion & Accs,55.45,1.0,2.77,58.22,0.0,0.0,4/30/2024,Credit card,4.9
1454,1454,Los Angeles,Los Angeles,Normal,Female,Health & Beauty,Health & Beauty,56.69,9.0,25.51,535.72,0.0,0.0,4/30/2024,Credit card,8.4
1455,1455,Los Angeles,Los Angeles,Normal,Male,Health & Beauty,Health & Beauty,67.27,5.0,16.82,353.17,0.0,0.0,4/30/2024,Cash,6.9
1456,1456,Los Angeles,Los Angeles,Normal,Female,Health & Beauty,Health & Beauty,25.43,3.0,3.81,80.1,0.0,0.0,5/1/2024,Credit card,7.1
1457,1457,Los Angeles,Los Angeles,Normal,Male,Fashion & Accs,Fashion & Accs,79.86,2.0,7.99,167.71,0.0,0.0,5/1/2024,Cash,6.2
1458,1458,Los Angeles,Los Angeles,Normal,Male,Food & Beverages,Food & Beverages,84.63,2.0,8.46,177.72,0.0,0.0,5/1/2024,Ewallet,7.2
1459,1459,Los Angeles,Los Angeles,Normal,Male,Food & Beverages,Food & Beverages,21.12,3.0,3.17,66.53,0.0,0.0,5/1/2024,Ewallet,6.9
1460,1460,Los Angeles,Los Angeles,Normal,Male,Sports & Travel,Sports & Travel,70.19,2.0,7.02,147.4,0.0,0.0,5/1/2024,Credit card,8.1
1461,1461,Chicago,Chicago,Member,Female,Food & Beverages,Food & Beverages,41.66,3.0,6.25,131.23,0.0,0.0,5/1/2024,Cash,6.8
1462,1462,Chicago,Chicago,Normal,Male,Food & Beverages,Food & Beverages,71.2,4.0,14.24,299.04,0.0,0.0,5/1/2024,Credit card,8.3
1463,1463,New York,New York,Normal,Female,Health & Beauty,Health & Beauty,91.3,1.0,4.57,95.87,0.0,0.0,5/1/2024,Cash,7.2
1464,1464,Chicago,Chicago,Normal,Male,Fashion & Accs,Fashion & Accs,89.69,3.0,13.45,282.52,0.0,0.0,5/1/2024,Credit card,5.5
1465,1465,Los Angeles,Los Angeles,Normal,Male,Home & Lifestyle,Home & Lifestyle,16.37,3.0,2.46,51.57,0.0,0.0,5/1/2024,Cash,6.3
1466,1466,Los Angeles,Los Angeles,Normal,Male,Health & Beauty,Health & Beauty,75.74,2.0,7.57,159.05,0.0,0.0,5/1/2024,Cash,8.8
1467,1467,Chicago,Chicago,Member,Female,Health & Beauty,Health & Beauty,58.32,3.0,8.75,183.71,0.0,0.0,5/1/2024,Cash,6.3
1468,1468,Chicago,Chicago,Normal,Female,Home & Lifestyle,Home & Lifestyle,45.97,3.0,6.9,144.81,0.0,0.0,5/1/2024,Credit card,6.8
1469,1469,Los Angeles,Los Angeles,Normal,Male,Food & Beverages,Food & Beverages,89.48,3.0,13.42,281.86,0.0,0.0,5/1/2024,Credit card,7.6
1470,1470,New York,New York,Member,Male,Food & Beverages,Food & Beverages,40.94,3.0,6.14,128.96,0.0,0.0,5/1/2024,Ewallet,8.3
1471,1471,Los Angeles,Los Angeles,Normal,Female,Home & Lifestyle,Home & Lifestyle,15.95,4.0,3.19,66.99,0.0,0.0,5/1/2024,Credit card,7.5
1472,1472,New York,New York,Normal,Male,Electronics,Electronics,63.22,1.0,3.16,66.38,0.0,0.0,5/1/2024,Ewallet,7.2
1473,1473,Chicago,Chicago,Member,Male,Food & Beverages,Food & Beverages,27.22,4.0,5.44,114.32,0.0,0.0,5/1/2024,Credit card,7.7
1474,1474,New York,New York,Member,Female,Food & Beverages,Food & Beverages,89.14,2.0,8.91,187.19,0.0,0.0,5/1/2024,Cash,8.1
1475,1475,Los Angeles,Los Angeles,Normal,Male,Food & Beverages,Food & Beverages,33.21,2.0,3.32,69.74,0.0,0.0,5/1/2024,Ewallet,9.8
1476,1476,Los Angeles,Los Angeles,Normal,Female,Food & Beverages,Food & Beverages,68.54,4.0,13.71,287.87,0.0,0.0,5/1/2024,Credit card,6.6
1477,1477,Los Angeles,Los Angeles,Normal,Female,Electronics,Electronics,74.71,1.0,3.74,78.45,0.0,0.0,5/1/2024,Ewallet,6.6
1478,1478,Los Angeles,Los Angeles,Normal,Male,Food & Beverages,Food & Beverages,74.6,5.0,18.65,391.65,0.0,0.0,5/1/2024,Credit card,6.6
1479,1479,Los Angeles,Los Angeles,Normal,Female,Food & Beverages,Food & Beverages,24.31,5.0,6.08,127.63,0.0,0.0,5/1/2024,Cash,8.5
1480,1480,Chicago,Chicago,Normal,Female,Food & Beverages,Food & Beverages,72.88,7.0,25.51,535.67,0.0,0.0,5/2/2024,Ewallet,7.5
1481,1481,Chicago,Chicago,Member,Female,Electronics,Electronics,74.22,2.0,7.42,155.86,0.0,0.0,5/2/2024,Cash,5.4
1482,1482,Chicago,Chicago,Normal,Female,Health & Beauty,Health & Beauty,76.9,1.0,3.85,80.75,0.0,0.0,5/2/2024,Credit card,9.7
1483,1483,Los Angeles,Los Angeles,Normal,Female,Food & Beverages,Food & Beverages,50.49,4.0,10.1,212.06,0.0,0.0,5/2/2024,Ewallet,7.9
1484,1484,New York,New York,Normal,Male,Health & Beauty,Health & Beauty,33.64,4.0,6.73,141.29,0.0,0.0,5/2/2024,Ewallet,7.1
1485,1485,New York,New York,Normal,Female,Food & Beverages,Food & Beverages,24.94,3.0,3.74,78.56,0.0,0.0,5/2/2024,Cash,8.5
1486,1486,Chicago,Chicago,Normal,Female,Health & Beauty,Health & Beauty,68.55,4.0,13.71,287.91,0.0,0.0,5/2/2024,Cash,5.9
1487,1487,Los Angeles,Los Angeles,Normal,Male,Home & Lifestyle,Home & Lifestyle,65.91,1.0,3.3,69.21,0.0,0.0,5/2/2024,Ewallet,8.7
1488,1488,Los Angeles,Los Angeles,Normal,Male,Home & Lifestyle,Home & Lifestyle,74.07,1.0,3.7,77.77,0.0,0.0,5/2/2024,Ewallet,5.9
1489,1489,Los Angeles,Los Angeles,Member,Male,Home & Lifestyle,Home & Lifestyle,36.91,4.0,7.38,155.02,0.0,0.0,5/2/2024,Credit card,8.0
1490,1490,Chicago,Chicago,Normal,Female,Food & Beverages,Food & Beverages,36.77,5.0,9.19,193.04,0.0,0.0,5/2/2024,Cash,5.5
1491,1491,New York,New York,Normal,Male,Food & Beverages,Food & Beverages,48.5,3.0,7.28,152.78,0.0,0.0,5/2/2024,Ewallet,8.2
1492,1492,Los Angeles,Los Angeles,Normal,Male,Health & Beauty,Health & Beauty,15.26,3.0,2.29,48.07,0.0,0.0,5/2/2024,Ewallet,6.7
1493,1493,Los Angeles,Los Angeles,Normal,Male,Home & Lifestyle,Home & Lifestyle,86.69,1.0,4.33,91.02,0.0,0.0,5/2/2024,Ewallet,5.4
1494,1494,Los Angeles,Los Angeles,Normal,Female,Food & Beverages,Food & Beverages,13.79,1.0,0.69,14.48,0.0,0.0,5/2/2024,Cash,7.9
1495,1495,Chicago,Chicago,Normal,Female,Health & Beauty,Health & Beauty,57.59,3.0,8.64,181.41,0.0,0.0,5/2/2024,Cash,7.8
1496,1496,Los Angeles,Los Angeles,Member,Female,Fashion & Accs,Fashion & Accs,83.25,1.0,4.16,87.41,0.0,0.0,5/2/2024,Cash,8.3
1497,1497,Los Angeles,Los Angeles,Normal,Male,Electronics,Electronics,22.01,2.0,2.2,46.22,0.0,0.0,5/2/2024,Ewallet,7.9
1498,1498,Los Angeles,Los Angeles,Normal,Male,Food & Beverages,Food & Beverages,21.04,3.0,3.16,66.28,0.0,0.0,5/2/2024,Cash,7.5
1499,1499,Chicago,Chicago,Normal,Female,Food & Beverages,Food & Beverages,72.39,5.0,18.1,380.05,0.0,0.0,5/2/2024,Ewallet,7.8
1500,1500,New York,New York,Member,Male,Fashion & Accs,Fashion & Accs,29.42,2.0,2.94,61.78,0.0,0.0,5/2/2024,Cash,5.8
1501,1501,Chicago,Chicago,Normal,Male,Food & Beverages,Food & Beverages,99.69,2.0,9.97,209.35,0.0,0.0,5/2/2024,Ewallet,8.9
1502,1502,Los Angeles,Los Angeles,Member,Female,Food & Beverages,Food & Beverages,84.83,4.0,16.97,356.29,0.0,0.0,5/2/2024,Credit card,7.3
1503,1503,Los Angeles,Los Angeles,Normal,Female,Health & Beauty,Health & Beauty,47.71,4.0,9.54,200.38,0.0,0.0,5/2/2024,Credit card,7.6
1504,1504,New York,New York,Member,Female,Sports & Travel,Sports & Travel,51.54,2.0,5.15,108.23,0.0,0.0,5/2/2024,Credit card,5.8
1505,1505,Los Angeles,Los Angeles,Normal,Male,Home & Lifestyle,Home & Lifestyle,77.04,1.0,3.85,80.89,0.0,0.0,5/3/2024,Cash,6.3
1506,1506,New York,New York,Normal,Female,Health & Beauty,Health & Beauty,92.09,1.0,4.6,96.69,0.0,0.0,5/3/2024,Cash,8.4
1507,1507,Los Angeles,Los Angeles,Normal,Female,Fashion & Accs,Fashion & Accs,20.01,1.0,1.0,21.01,0.0,0.0,5/3/2024,Credit card,9.6
1508,1508,Los Angeles,Los Angeles,Normal,Female,Home & Lifestyle,Home & Lifestyle,80.08,3.0,12.01,252.25,0.0,0.0,5/3/2024,Ewallet,7.3
1509,1509,New York,New York,Member,Male,Food & Beverages,Food & Beverages,73.06,2.0,7.31,153.43,0.0,0.0,5/3/2024,Credit card,8.1
1510,1510,Los Angeles,Los Angeles,Normal,Female,Home & Lifestyle,Home & Lifestyle,60.38,1.0,3.02,63.4,0.0,0.0,5/3/2024,Ewallet,6.4
1511,1511,New York,New York,Normal,Female,Sports & Travel,Sports & Travel,44.86,3.0,6.73,141.31,0.0,0.0,5/3/2024,Credit card,7.0
1512,1512,Los Angeles,Los Angeles,Normal,Male,Health & Beauty,Health & Beauty,14.76,4.0,2.95,61.99,0.0,0.0,5/3/2024,Cash,8.6
1513,1513,Chicago,Chicago,Normal,Female,Food & Beverages,Food & Beverages,31.77,4.0,6.35,133.43,0.0,0.0,5/3/2024,Ewallet,8.5
1514,1514,Los Angeles,Los Angeles,Normal,Female,Sports & Travel,Sports & Travel,14.36,1.0,0.72,15.08,0.0,0.0,5/3/2024,Cash,6.7
1515,1515,Los Angeles,Los Angeles,Member,Male,Sports & Travel,Sports & Travel,32.25,2.0,3.22,67.72,0.0,0.0,5/3/2024,Credit card,7.7
1516,1516,New York,New York,Member,Male,Sports & Travel,Sports & Travel,80.97,2.0,8.1,170.04,0.0,0.0,5/3/2024,Credit card,5.9
1517,1517,Los Angeles,Los Angeles,Normal,Male,Health & Beauty,Health & Beauty,44.07,4.0,8.81,185.09,0.0,0.0,5/3/2024,Credit card,8.1
1518,1518,Los Angeles,Los Angeles,Member,Male,Food & Beverages,Food & Beverages,83.77,3.0,12.57,263.88,0.0,0.0,5/3/2024,Cash,9.8
1519,1519,New York,New York,Normal,Male,Health & Beauty,Health & Beauty,50.79,1.0,2.54,53.33,0.0,0.0,5/3/2024,Cash,5.3
1520,1520,Los Angeles,Los Angeles,Normal,Female,Food & Beverages,Food & Beverages,17.44,6.0,5.23,109.87,0.0,0.0,5/3/2024,Credit card,7.6
1521,1521,New York,New York,Normal,Female,Sports & Travel,Sports & Travel,78.07,1.0,3.9,81.97,0.0,0.0,5/3/2024,Credit card,7.1
1522,1522,Chicago,Chicago,Normal,Female,Food & Beverages,Food & Beverages,93.26,2.0,9.33,195.85,0.0,0.0,5/3/2024,Cash,8.1
1523,1523,New York,New York,Member,Male,Electronics,Electronics,66.65,2.0,6.67,139.97,0.0,0.0,5/3/2024,Credit card,7.2
1524,1524,New York,New York,Normal,Female,Health & Beauty,Health & Beauty,21.8,1.0,1.09,22.89,0.0,0.0,5/3/2024,Cash,7.7
1525,1525,Chicago,Chicago,Normal,Male,Health & Beauty,Health & Beauty,66.68,3.0,10.0,210.04,0.0,0.0,5/3/2024,Cash,8.7
1526,1526,Los Angeles,Los Angeles,Normal,Male,Health & Beauty,Health & Beauty,32.32,2.0,3.23,67.87,0.0,0.0,5/3/2024,Credit card,7.5
1527,1527,Chicago,Chicago,Normal,Male,Food & Beverages,Food & Beverages,52.6,4.0,10.52,220.92,0.0,0.0,5/3/2024,Ewallet,7.2
1528,1528,New York,New York,Member,Male,Health & Beauty,Health & Beauty,39.91,2.0,3.99,83.81,0.0,0.0,5/4/2024,Cash,6.1
1529,1529,Los Angeles,Los Angeles,Member,Male,Food & Beverages,Food & Beverages,81.21,2.0,8.12,170.54,0.0,0.0,5/4/2024,Cash,8.7
1530,1530,Los Angeles,Los Angeles,Normal,Female,Health & Beauty,Health & Beauty,83.66,2.0,8.37,175.69,0.0,0.0,5/4/2024,Ewallet,7.9
1531,1531,Los Angeles,Los Angeles,Member,Male,Food & Beverages,Food & Beverages,57.89,4.0,11.58,243.14,0.0,0.0,5/4/2024,Cash,7.4
1532,1532,Los Angeles,Los Angeles,Normal,Male,Health & Beauty,Health & Beauty,17.97,4.0,3.59,75.47,0.0,0.0,5/4/2024,Ewallet,8.1
1533,1533,Chicago,Chicago,Member,Male,Food & Beverages,Food & Beverages,65.65,3.0,9.85,206.8,0.0,0.0,5/4/2024,Credit card,7.3
1534,1534,Chicago,Chicago,Member,Male,Health & Beauty,Health & Beauty,10.16,3.0,1.52,32.0,0.0,0.0,5/4/2024,Ewallet,7.1
1535,1535,Los Angeles,Los Angeles,Normal,Male,Food & Beverages,Food & Beverages,19.79,3.0,2.97,62.34,0.0,0.0,5/4/2024,Credit card,8.7
1536,1536,Los Angeles,Los Angeles,Normal,Male,Food & Beverages,Food & Beverages,59.59,4.0,11.92,250.28,0.0,0.0,5/4/2024,Credit card,9.3
1537,1537,Los Angeles,Los Angeles,Normal,Male,Health & Beauty,Health & Beauty,62.57,3.0,9.39,197.1,0.0,0.0,5/4/2024,Credit card,9.4
1538,1538,New York,New York,Member,Female,Fashion & Accs,Fashion & Accs,74.29,2.0,7.43,156.01,0.0,0.0,5/4/2024,Credit card,8.8
1539,1539,Los Angeles,Los Angeles,Member,Female,Home & Lifestyle,Home & Lifestyle,69.96,3.0,10.49,220.37,0.0,0.0,5/4/2024,Credit card,7.5
1540,1540,Chicago,Chicago,Member,Female,Food & Beverages,Food & Beverages,43.18,5.0,10.8,226.7,0.0,0.0,5/4/2024,Ewallet,8.1
1541,1541,Chicago,Chicago,Normal,Male,Food & Beverages,Food & Beverages,33.88,3.0,5.08,106.72,0.0,0.0,5/4/2024,Cash,8.5
1542,1542,Los Angeles,Los Angeles,Member,Female,Health & Beauty,Health & Beauty,65.18,3.0,9.78,205.32,0.0,0.0,5/4/2024,Ewallet,8.5
1543,1543,Los Angeles,Los Angeles,Normal,Male,Food & Beverages,Food & Beverages,51.28,3.0,7.69,161.53,0.0,0.0,5/4/2024,Cash,5.8
1544,1544,Los Angeles,Los Angeles,Normal,Male,Health & Beauty,Health & Beauty,42.57,3.0,6.39,134.1,0.0,0.0,5/4/2024,Cash,7.4
1545,1545,Los Angeles,Los Angeles,Normal,Male,Health & Beauty,Health & Beauty,99.71,4.0,19.94,418.78,0.0,0.0,5/4/2024,Ewallet,7.3
1546,1546,New York,New York,Normal,Female,Home & Lifestyle,Home & Lifestyle,17.77,5.0,4.44,93.29,0.0,0.0,5/4/2024,Ewallet,7.5
1547,1547,Los Angeles,Los Angeles,Normal,Female,Home & Lifestyle,Home & Lifestyle,88.79,3.0,13.32,279.69,0.0,0.0,5/4/2024,Ewallet,9.5
1548,1548,Chicago,Chicago,Normal,Male,Food & Beverages,Food & Beverages,36.36,3.0,5.45,114.53,0.0,0.0,5/4/2024,Cash,5.2
1549,1549,Los Angeles,Los Angeles,Normal,Female,Food & Beverages,Food & Beverages,68.98,7.0,24.14,507.0,0.0,0.0,5/5/2024,Ewallet,9.3
1550,1550,Los Angeles,Los Angeles,Normal,Male,Food & Beverages,Food & Beverages,54.67,2.0,5.47,114.81,0.0,0.0,5/5/2024,Credit card,6.8
1551,1551,Chicago,Chicago,Normal,Female,Food & Beverages,Food & Beverages,28.86,3.0,4.33,90.91,0.0,0.0,5/5/2024,Credit card,5.3
1552,1552,Chicago,Chicago,Normal,Female,Home & Lifestyle,Home & Lifestyle,34.42,2.0,3.44,72.28,0.0,0.0,5/5/2024,Cash,6.8
1553,1553,Los Angeles,Los Angeles,Normal,Female,Fashion & Accs,Fashion & Accs,59.86,2.0,5.99,125.71,0.0,0.0,5/5/2024,Ewallet,5.6
1554,1554,Los Angeles,Los Angeles,Normal,Female,Health & Beauty,Health & Beauty,56.69,4.0,11.34,238.1,0.0,0.0,5/5/2024,Ewallet,6.5
1555,1555,Los Angeles,Los Angeles,Member,Male,Home & Lifestyle,Home & Lifestyle,37.69,3.0,5.65,118.72,0.0,0.0,5/5/2024,Credit card,8.9
1556,1556,Los Angeles,Los Angeles,Normal,Female,Fashion & Accs,Fashion & Accs,18.08,1.0,0.9,18.98,0.0,0.0,5/5/2024,Cash,6.0
1557,1557,Chicago,Chicago,Normal,Male,Food & Beverages,Food & Beverages,47.63,3.0,7.14,150.03,0.0,0.0,5/5/2024,Credit card,6.9
1558,1558,New York,New York,Normal,Female,Food & Beverages,Food & Beverages,38.47,3.0,5.77,121.18,0.0,0.0,5/5/2024,Ewallet,8.2
1559,1559,Los Angeles,Los Angeles,Normal,Male,Home & Lifestyle,Home & Lifestyle,86.27,3.0,12.94,271.75,0.0,0.0,5/5/2024,Ewallet,5.5
1560,1560,Los Angeles,Los Angeles,Member,Female,Sports & Travel,Sports & Travel,22.01,1.0,1.1,23.11,0.0,0.0,5/5/2024,Credit card,7.6
1561,1561,Los Angeles,Los Angeles,Normal,Male,Food & Beverages,Food & Beverages,19.25,3.0,2.89,60.64,0.0,0.0,5/5/2024,Credit card,8.9
1562,1562,Chicago,Chicago,Normal,Male,Health & Beauty,Health & Beauty,67.27,1.0,3.36,70.63,0.0,0.0,5/5/2024,Ewallet,8.7
1563,1563,Chicago,Chicago,Normal,Male,Food & Beverages,Food & Beverages,98.53,4.0,19.71,413.83,0.0,0.0,5/5/2024,Cash,4.8
1564,1564,Chicago,Chicago,Member,Male,Food & Beverages,Food & Beverages,48.51,3.0,7.28,152.81,0.0,0.0,5/5/2024,Cash,8.8
1565,1565,Los Angeles,Los Angeles,Normal,Male,Food & Beverages,Food & Beverages,88.36,3.0,13.25,278.33,0.0,0.0,5/5/2024,Cash,6.5
1566,1566,Chicago,Chicago,Normal,Female,Food & Beverages,Food & Beverages,80.05,3.0,12.01,252.16,0.0,0.0,5/5/2024,Ewallet,8.1
1567,1567,Chicago,Chicago,Normal,Female,Food & Beverages,Food & Beverages,78.88,2.0,7.89,165.65,0.0,0.0,5/5/2024,Credit card,6.3
1568,1568,Los Angeles,Los Angeles,Normal,Female,Health & Beauty,Health & Beauty,76.99,2.0,7.7,161.68,0.0,0.0,5/5/2024,Ewallet,6.8
1569,1569,Chicago,Chicago,Normal,Female,Food & Beverages,Food & Beverages,33.33,4.0,6.67,139.99,0.0,0.0,5/6/2024,Credit card,8.0
1570,1570,Los Angeles,Los Angeles,Normal,Female,Fashion & Accs,Fashion & Accs,96.7,1.0,4.84,101.54,0.0,0.0,5/6/2024,Cash,5.4
1571,1571,Chicago,Chicago,Normal,Female,Food & Beverages,Food & Beverages,96.68,1.0,4.83,101.51,0.0,0.0,5/6/2024,Cash,8.3
1572,1572,New York,New York,Normal,Female,Health & Beauty,Health & Beauty,85.87,1.0,4.29,90.16,0.0,0.0,5/6/2024,Credit card,8.5
1573,1573,Chicago,Chicago,Normal,Female,Food & Beverages,Food & Beverages,90.24,3.0,13.54,284.26,0.0,0.0,5/6/2024,Ewallet,8.0
1574,1574,Los Angeles,Los Angeles,Normal,Female,Sports & Travel,Sports & Travel,27.93,3.0,4.19,87.98,0.0,0.0,5/6/2024,Cash,6.2
1575,1575,Chicago,Chicago,Normal,Female,Food & Beverages,Food & Beverages,81.71,1.0,4.09,85.8,0.0,0.0,5/6/2024,Cash,9.8
1576,1576,Chicago,Chicago,Normal,Male,Health & Beauty,Health & Beauty,13.5,2.0,1.35,28.35,0.0,0.0,5/6/2024,Ewallet,4.9
1577,1577,Los Angeles,Los Angeles,Normal,Male,Health & Beauty,Health & Beauty,69.51,1.0,3.48,72.99,0.0,0.0,5/6/2024,Cash,6.8
1578,1578,New York,New York,Normal,Female,Food & Beverages,Food & Beverages,11.53,3.0,1.73,36.32,0.0,0.0,5/6/2024,Ewallet,6.2
1579,1579,Chicago,Chicago,Normal,Female,Home & Lifestyle,Home & Lifestyle,65.82,5.0,16.45,345.55,0.0,0.0,5/6/2024,Ewallet,7.0
1580,1580,New York,New York,Normal,Male,Food & Beverages,Food & Beverages,84.05,3.0,12.61,264.76,0.0,0.0,5/6/2024,Ewallet,8.6
1581,1581,Los Angeles,Los Angeles,Member,Female,Sports & Travel,Sports & Travel,19.15,2.0,1.92,40.22,0.0,0.0,5/6/2024,Credit card,7.6
1582,1582,New York,New York,Member,Female,Food & Beverages,Food & Beverages,98.52,4.0,19.7,413.78,0.0,0.0,5/6/2024,Credit card,9.1
1583,1583,Chicago,Chicago,Normal,Male,Health & Beauty,Health & Beauty,14.82,4.0,2.96,62.24,0.0,0.0,5/7/2024,Credit card,7.1
1584,1584,New York,New York,Normal,Male,Home & Lifestyle,Home & Lifestyle,12.73,2.0,1.27,26.73,0.0,0.0,5/7/2024,Ewallet,6.0
1585,1585,New York,New York,Member,Male,Food & Beverages,Food & Beverages,97.03,2.0,9.7,203.76,0.0,0.0,5/7/2024,Cash,5.4
1586,1586,Los Angeles,Los Angeles,Member,Male,Food & Beverages,Food & Beverages,87.48,3.0,13.12,275.56,0.0,0.0,5/7/2024,Cash,8.3
1587,1587,Chicago,Chicago,Normal,Male,Food & Beverages,Food & Beverages,14.23,4.0,2.85,59.77,0.0,0.0,5/7/2024,Ewallet,5.4
1588,1588,Los Angeles,Los Angeles,Normal,Male,Fashion & Accs,Fashion & Accs,56.04,3.0,8.41,176.53,0.0,0.0,5/7/2024,Ewallet,8.3
1589,1589,New York,New York,Normal,Male,Food & Beverages,Food & Beverages,38.42,5.0,9.61,201.71,0.0,0.0,5/7/2024,Credit card,7.5
1590,1590,Los Angeles,Los Angeles,Member,Male,Food & Beverages,Food & Beverages,65.97,3.0,9.9,207.81,0.0,0.0,5/7/2024,Ewallet,9.6
1591,1591,Chicago,Chicago,Normal,Male,Food & Beverages,Food & Beverages,46.55,2.0,4.66,97.76,0.0,0.0,5/7/2024,Credit card,7.1
1592,1592,Chicago,Chicago,Normal,Male,Food & Beverages,Food & Beverages,10.96,1.0,0.55,11.51,0.0,0.0,5/7/2024,Ewallet,8.3
1593,1593,Chicago,Chicago,Normal,Male,Food & Beverages,Food & Beverages,27.28,3.0,4.09,85.93,0.0,0.0,5/7/2024,Cash,8.9
1594,1594,Los Angeles,Los Angeles,Member,Female,Home & Lifestyle,Home & Lifestyle,68.97,5.0,17.24,362.09,0.0,0.0,5/7/2024,Credit card,8.8
1595,1595,Los Angeles,Los Angeles,Normal,Female,Food & Beverages,Food & Beverages,47.16,9.0,21.22,445.66,0.0,0.0,5/7/2024,Ewallet,8.1
1596,1596,New York,New York,Normal,Male,Home & Lifestyle,Home & Lifestyle,55.73,3.0,8.36,175.55,0.0,0.0,5/8/2024,Ewallet,7.5
1597,1597,Los Angeles,Los Angeles,Normal,Female,Food & Beverages,Food & Beverages,91.4,2.0,9.14,191.94,0.0,0.0,5/8/2024,Cash,7.5
1598,1598,Chicago,Chicago,Normal,Male,Electronics,Electronics,72.17,1.0,3.61,75.78,0.0,0.0,5/8/2024,Ewallet,7.5
1599,1599,Chicago,Chicago,Normal,Female,Health & Beauty,Health & Beauty,85.6,2.0,8.56,179.76,0.0,0.0,5/8/2024,Ewallet,6.8
1600,1600,New York,New York,Normal,Male,Sports & Travel,Sports & Travel,26.67,1.0,1.33,28.0,0.0,0.0,5/8/2024,Ewallet,6.9
1601,1601,Los Angeles,Los Angeles,Normal,Male,Sports & Travel,Sports & Travel,22.38,3.0,3.36,70.5,0.0,0.0,5/8/2024,Ewallet,9.2
1602,1602,Chicago,Chicago,Normal,Male,Electronics,Electronics,93.88,1.0,4.69,98.57,0.0,0.0,5/8/2024,Ewallet,8.5
1603,1603,Los Angeles,Los Angeles,Member,Male,Food & Beverages,Food & Beverages,67.45,2.0,6.75,141.65,0.0,0.0,5/8/2024,Ewallet,7.5
1604,1604,Chicago,Chicago,Member,Female,Home & Lifestyle,Home & Lifestyle,47.68,4.0,9.54,200.26,0.0,0.0,5/8/2024,Ewallet,7.3
1605,1605,New York,New York,Normal,Male,Food & Beverages,Food & Beverages,40.52,3.0,6.08,127.64,0.0,0.0,5/8/2024,Ewallet,6.4
1606,1606,Los Angeles,Los Angeles,Member,Male,Health & Beauty,Health & Beauty,73.41,4.0,14.68,308.32,0.0,0.0,5/8/2024,Credit card,9.8
1607,1607,Los Angeles,Los Angeles,Member,Male,Food & Beverages,Food & Beverages,67.77,3.0,10.17,213.48,0.0,0.0,5/8/2024,Ewallet,6.2
1608,1608,Los Angeles,Los Angeles,Normal,Female,Food & Beverages,Food & Beverages,23.34,2.0,2.33,49.01,0.0,0.0,5/9/2024,Credit card,6.1
1609,1609,Chicago,Chicago,Member,Male,Health & Beauty,Health & Beauty,46.53,1.0,2.33,48.86,0.0,0.0,5/9/2024,Cash,8.2
1610,1610,New York,New York,Normal,Male,Electronics,Electronics,77.72,2.0,7.77,163.21,0.0,0.0,5/9/2024,Ewallet,7.6
1611,1611,Chicago,Chicago,Normal,Female,Sports & Travel,Sports & Travel,76.4,1.0,3.82,80.22,0.0,0.0,5/9/2024,Cash,7.1
1612,1612,Chicago,Chicago,Member,Male,Sports & Travel,Sports & Travel,23.75,3.0,3.56,74.81,0.0,0.0,5/9/2024,Credit card,9.2
1613,1613,Chicago,Chicago,Normal,Male,Food & Beverages,Food & Beverages,42.82,1.0,2.14,44.96,0.0,0.0,5/9/2024,Credit card,8.7
1614,1614,Los Angeles,Los Angeles,Normal,Male,Fashion & Accs,Fashion & Accs,73.52,3.0,11.03,231.59,0.0,0.0,5/9/2024,Cash,8.2
1615,1615,Los Angeles,Los Angeles,Normal,Female,Fashion & Accs,Fashion & Accs,39.21,3.0,5.88,123.51,0.0,0.0,5/9/2024,Cash,7.8
1616,1616,New York,New York,Normal,Male,Health & Beauty,Health & Beauty,25.0,4.0,5.0,105.0,0.0,0.0,5/9/2024,Ewallet,8.6
1617,1617,Chicago,Chicago,Normal,Male,Health & Beauty,Health & Beauty,28.95,2.0,2.9,60.8,0.0,0.0,5/9/2024,Ewallet,7.8
1618,1618,Chicago,Chicago,Normal,Female,Health & Beauty,Health & Beauty,68.71,3.0,10.31,216.44,0.0,0.0,5/9/2024,Ewallet,9.1
1619,1619,Chicago,Chicago,Normal,Female,Food & Beverages,Food & Beverages,47.27,4.0,9.45,198.53,0.0,0.0,5/10/2024,Cash,8.9
1620,1620,Los Angeles,Los Angeles,Normal,Female,Food & Beverages,Food & Beverages,87.9,2.0,8.79,184.59,0.0,0.0,5/10/2024,Credit card,7.2
1621,1621,Los Angeles,Los Angeles,Member,Female,Sports & Travel,Sports & Travel,75.82,2.0,7.58,159.22,0.0,0.0,5/10/2024,Ewallet,5.9
1622,1622,Chicago,Chicago,Normal,Male,Sports & Travel,Sports & Travel,79.93,2.0,7.99,167.85,0.0,0.0,5/10/2024,Ewallet,5.5
1623,1623,Chicago,Chicago,Normal,Male,Sports & Travel,Sports & Travel,69.52,2.0,6.95,145.99,0.0,0.0,5/10/2024,Ewallet,9.4
1624,1624,New York,New York,Normal,Male,Food & Beverages,Food & Beverages,20.01,3.0,3.0,63.03,0.0,0.0,5/10/2024,Ewallet,9.5
1625,1625,Chicago,Chicago,Normal,Male,Food & Beverages,Food & Beverages,99.42,1.0,4.97,104.39,0.0,0.0,5/10/2024,Credit card,6.0
1626,1626,Los Angeles,Los Angeles,Normal,Male,Health & Beauty,Health & Beauty,14.62,4.0,2.92,61.4,0.0,0.0,5/10/2024,Credit card,6.8
1627,1627,New York,New York,Normal,Male,Food & Beverages,Food & Beverages,52.42,2.0,5.24,110.08,0.0,0.0,5/10/2024,Ewallet,6.5
1628,1628,Chicago,Chicago,Member,Male,Food & Beverages,Food & Beverages,16.48,4.0,3.3,69.22,0.0,0.0,5/10/2024,Cash,9.7
1629,1629,Los Angeles,Los Angeles,Member,Male,Health & Beauty,Health & Beauty,99.83,1.0,4.99,104.82,0.0,0.0,5/11/2024,Credit card,8.4
1630,1630,New York,New York,Normal,Female,Home & Lifestyle,Home & Lifestyle,73.56,4.0,14.71,308.95,0.0,0.0,5/11/2024,Credit card,6.8
1631,1631,Los Angeles,Los Angeles,Member,Female,Food & Beverages,Food & Beverages,43.19,1.0,2.16,45.35,0.0,0.0,5/11/2024,Cash,7.5
1632,1632,Chicago,Chicago,Normal,Female,Food & Beverages,Food & Beverages,54.36,2.0,5.44,114.16,0.0,0.0,5/11/2024,Cash,7.8
1633,1633,Los Angeles,Los Angeles,Normal,Female,Food & Beverages,Food & Beverages,35.04,1.0,1.75,36.79,0.0,0.0,5/11/2024,Cash,8.1
1634,1634,Los Angeles,Los Angeles,Normal,Female,Food & Beverages,Food & Beverages,21.58,3.0,3.24,67.98,0.0,0.0,5/11/2024,Cash,7.6
1635,1635,Los Angeles,Los Angeles,Normal,Female,Home & Lifestyle,Home & Lifestyle,82.04,3.0,12.31,258.43,0.0,0.0,5/11/2024,Ewallet,7.2
1636,1636,Chicago,Chicago,Member,Female,Health & Beauty,Health & Beauty,48.63,1.0,2.43,51.06,0.0,0.0,5/11/2024,Ewallet,5.5
1637,1637,Los Angeles,Los Angeles,Normal,Female,Home & Lifestyle,Home & Lifestyle,34.73,1.0,1.74,36.47,0.0,0.0,5/11/2024,Ewallet,8.2
1638,1638,New York,New York,Normal,Female,Home & Lifestyle,Home & Lifestyle,97.38,5.0,24.34,511.24,0.0,0.0,5/12/2024,Ewallet,7.1
1639,1639,New York,New York,Normal,Female,Home & Lifestyle,Home & Lifestyle,27.0,1.0,1.35,28.35,0.0,0.0,5/12/2024,Cash,8.0
1640,1640,Chicago,Chicago,Normal,Male,Food & Beverages,Food & Beverages,31.84,3.0,4.78,100.3,0.0,0.0,5/12/2024,Credit card,7.0
1641,1641,Los Angeles,Los Angeles,Normal,Male,Health & Beauty,Health & Beauty,41.06,2.0,4.11,86.23,0.0,0.0,5/12/2024,Ewallet,5.7
1642,1642,Chicago,Chicago,Normal,Female,Home & Lifestyle,Home & Lifestyle,88.39,4.0,17.68,371.24,0.0,0.0,5/12/2024,Cash,5.9
1643,1643,Los Angeles,Los Angeles,Normal,Female,Health & Beauty,Health & Beauty,25.32,4.0,5.06,106.34,0.0,0.0,5/12/2024,Credit card,5.5
1644,1644,Chicago,Chicago,Normal,Female,Home & Lifestyle,Home & Lifestyle,44.01,3.0,6.6,138.63,0.0,0.0,5/12/2024,Cash,8.0
1645,1645,Los Angeles,Los Angeles,Member,Female,Sports & Travel,Sports & Travel,51.52,2.0,5.15,108.19,0.0,0.0,5/12/2024,Cash,7.8
1646,1646,Los Angeles,Los Angeles,Normal,Female,Health & Beauty,Health & Beauty,55.97,1.0,2.8,58.77,0.0,0.0,5/13/2024,Ewallet,5.1
1647,1647,Chicago,Chicago,Member,Female,Food & Beverages,Food & Beverages,21.08,1.0,1.05,22.13,0.0,0.0,5/13/2024,Cash,8.4
1648,1648,Chicago,Chicago,Normal,Male,Health & Beauty,Health & Beauty,65.31,4.0,13.06,274.3,0.0,0.0,5/13/2024,Ewallet,6.3
1649,1649,New York,New York,Normal,Male,Fashion & Accs,Fashion & Accs,51.36,1.0,2.57,53.93,0.0,0.0,5/13/2024,Ewallet,7.0
1650,1650,New York,New York,Member,Female,Food & Beverages,Food & Beverages,44.59,5.0,11.15,234.1,0.0,0.0,5/13/2024,Cash,7.2
1651,1651,New York,New York,Normal,Male,Fashion & Accs,Fashion & Accs,88.15,2.0,8.82,185.12,0.0,0.0,5/13/2024,Credit card,8.2
1652,1652,Chicago,Chicago,Normal,Male,Home & Lifestyle,Home & Lifestyle,94.49,5.0,23.62,496.07,0.0,0.0,5/13/2024,Cash,7.2
1653,1653,Chicago,Chicago,Member,Female,Food & Beverages,Food & Beverages,89.2,4.0,17.84,374.64,0.0,0.0,5/13/2024,Ewallet,7.8
1654,1654,Chicago,Chicago,Normal,Male,Health & Beauty,Health & Beauty,87.98,3.0,13.2,277.14,0.0,0.0,5/13/2024,Cash,7.6
1655,1655,Los Angeles,Los Angeles,Normal,Female,Food & Beverages,Food & Beverages,77.2,4.0,15.44,324.24,0.0,0.0,5/13/2024,Cash,9.0
1656,1656,Chicago,Chicago,Normal,Male,Health & Beauty,Health & Beauty,79.74,4.0,15.95,334.91,0.0,0.0,5/14/2024,Cash,8.3
1657,1657,Chicago,Chicago,Normal,Female,Food & Beverages,Food & Beverages,87.1,6.0,26.13,548.73,0.0,0.0,5/14/2024,Cash,7.8
1658,1658,Chicago,Chicago,Member,Female,Health & Beauty,Health & Beauty,15.55,1.0,0.78,16.33,0.0,0.0,5/14/2024,Cash,5.8
1659,1659,New York,New York,Normal,Male,Sports & Travel,Sports & Travel,55.07,3.0,8.26,173.47,0.0,0.0,5/14/2024,Ewallet,5.2
1660,1660,Los Angeles,Los Angeles,Member,Male,Sports & Travel,Sports & Travel,42.97,1.0,2.15,45.12,0.0,0.0,5/14/2024,Ewallet,9.8
1661,1661,Los Angeles,Los Angeles,Member,Female,Home & Lifestyle,Home & Lifestyle,30.12,4.0,6.02,126.5,0.0,0.0,5/14/2024,Ewallet,7.9
1662,1662,Los Angeles,Los Angeles,Member,Male,Food & Beverages,Food & Beverages,14.87,1.0,0.74,15.61,0.0,0.0,5/14/2024,Ewallet,6.0
1663,1663,Los Angeles,Los Angeles,Normal,Male,Food & Beverages,Food & Beverages,27.66,5.0,6.92,145.22,0.0,0.0,5/14/2024,Ewallet,8.3
1664,1664,Los Angeles,Los Angeles,Normal,Female,Home & Lifestyle,Home & Lifestyle,46.33,3.0,6.95,145.94,0.0,0.0,5/14/2024,Ewallet,6.6
1665,1665,Chicago,Chicago,Normal,Male,Food & Beverages,Food & Beverages,99.37,4.0,19.87,417.35,0.0,0.0,5/14/2024,Ewallet,7.4
1666,1666,New York,New York,Normal,Male,Home & Lifestyle,Home & Lifestyle,33.3,5.0,8.33,174.83,0.0,0.0,5/14/2024,Cash,6.3
1667,1667,Chicago,Chicago,Member,Female,Fashion & Accs,Fashion & Accs,60.74,1.0,3.04,63.78,0.0,0.0,5/14/2024,Ewallet,7.9
1668,1668,New York,New York,Normal,Male,Electronics,Electronics,50.23,1.0,2.51,52.74,0.0,0.0,5/15/2024,Ewallet,6.1
1669,1669,Los Angeles,Los Angeles,Normal,Female,Fashion & Accs,Fashion & Accs,60.74,3.0,9.11,191.33,0.0,0.0,5/15/2024,Ewallet,7.7
1670,1670,Chicago,Chicago,Normal,Male,Food & Beverages,Food & Beverages,52.2,1.0,2.61,54.81,0.0,0.0,5/15/2024,Ewallet,6.9
1671,1671,Chicago,Chicago,Normal,Female,Food & Beverages,Food & Beverages,77.4,2.0,7.74,162.54,0.0,0.0,5/15/2024,Cash,7.1
1672,1672,Chicago,Chicago,Normal,Female,Home & Lifestyle,Home & Lifestyle,56.53,5.0,14.13,296.78,0.0,0.0,5/15/2024,Credit card,5.1
1673,1673,Los Angeles,Los Angeles,Normal,Male,Food & Beverages,Food & Beverages,67.1,1.0,3.36,70.46,0.0,0.0,5/15/2024,Credit card,9.8
1674,1674,New York,New York,Normal,Female,Food & Beverages,Food & Beverages,24.82,4.0,4.96,104.24,0.0,0.0,5/15/2024,Cash,6.2
1675,1675,Chicago,Chicago,Member,Female,Fashion & Accs,Fashion & Accs,60.74,2.0,6.07,127.55,0.0,0.0,5/15/2024,Cash,6.7
1676,1676,Los Angeles,Los Angeles,Normal,Female,Food & Beverages,Food & Beverages,80.96,4.0,16.19,340.03,0.0,0.0,5/15/2024,Ewallet,7.0
1677,1677,Chicago,Chicago,Member,Male,Home & Lifestyle,Home & Lifestyle,12.12,2.0,1.21,25.45,0.0,0.0,5/15/2024,Cash,8.6
1678,1678,New York,New York,Normal,Female,Food & Beverages,Food & Beverages,32.9,2.0,3.29,69.09,0.0,0.0,5/15/2024,Ewallet,8.8
1679,1679,Los Angeles,Los Angeles,Normal,Female,Electronics,Electronics,79.59,2.0,7.96,167.14,0.0,0.0,5/15/2024,Cash,7.1
1680,1680,Chicago,Chicago,Member,Male,Electronics,Electronics,96.37,1.0,4.82,101.19,0.0,0.0,5/15/2024,Credit card,6.7
1681,1681,New York,New York,Normal,Female,Home & Lifestyle,Home & Lifestyle,95.46,3.0,14.32,300.7,0.0,0.0,5/15/2024,Cash,4.7
1682,1682,Los Angeles,Los Angeles,Normal,Female,Food & Beverages,Food & Beverages,71.39,1.0,3.57,74.96,0.0,0.0,5/15/2024,Cash,8.4
1683,1683,Los Angeles,Los Angeles,Member,Male,Health & Beauty,Health & Beauty,81.3,2.0,8.13,170.73,0.0,0.0,5/15/2024,Cash,8.9
1684,1684,New York,New York,Normal,Male,Food & Beverages,Food & Beverages,98.66,1.0,4.93,103.59,0.0,0.0,5/15/2024,Credit card,7.7
1685,1685,New York,New York,Normal,Female,Food & Beverages,Food & Beverages,41.24,1.0,2.06,43.3,0.0,0.0,5/15/2024,Cash,6.6
1686,1686,Chicago,Chicago,Normal,Male,Health & Beauty,Health & Beauty,46.26,2.0,4.63,97.15,0.0,0.0,5/15/2024,Ewallet,7.0
1687,1687,New York,New York,Member,Female,Home & Lifestyle,Home & Lifestyle,82.7,1.0,4.14,86.84,0.0,0.0,5/16/2024,Cash,7.2
1688,1688,Chicago,Chicago,Member,Female,Sports & Travel,Sports & Travel,73.95,2.0,7.4,155.3,0.0,0.0,5/16/2024,Ewallet,8.2
1689,1689,Los Angeles,Los Angeles,Normal,Female,Sports & Travel,Sports & Travel,49.33,1.0,2.47,51.8,0.0,0.0,5/16/2024,Ewallet,8.5
1690,1690,Los Angeles,Los Angeles,Member,Female,Sports & Travel,Sports & Travel,73.97,3.0,11.1,233.01,0.0,0.0,5/16/2024,Credit card,8.0
1691,1691,Chicago,Chicago,Normal,Female,Food & Beverages,Food & Beverages,54.84,6.0,16.45,345.49,0.0,0.0,5/16/2024,Credit card,8.5
1692,1692,Los Angeles,Los Angeles,Normal,Male,Sports & Travel,Sports & Travel,43.06,3.0,6.46,135.64,0.0,0.0,5/16/2024,Credit card,6.6
1693,1693,Chicago,Chicago,Normal,Female,Food & Beverages,Food & Beverages,39.9,4.0,7.98,167.58,0.0,0.0,5/16/2024,Ewallet,8.3
1694,1694,Los Angeles,Los Angeles,Member,Female,Sports & Travel,Sports & Travel,16.49,1.0,0.82,17.31,0.0,0.0,5/16/2024,Ewallet,8.2
1695,1695,Chicago,Chicago,Member,Female,Food & Beverages,Food & Beverages,60.3,3.0,9.04,189.94,0.0,0.0,5/16/2024,Cash,8.5
1696,1696,Chicago,Chicago,Member,Male,Electronics,Electronics,74.79,2.0,7.48,157.06,0.0,0.0,5/16/2024,Credit card,6.9
1697,1697,Chicago,Chicago,Normal,Male,Health & Beauty,Health & Beauty,51.71,4.0,10.34,217.18,0.0,0.0,5/16/2024,Cash,9.8
1698,1698,Chicago,Chicago,Normal,Female,Electronics,Electronics,13.78,1.0,0.69,14.47,0.0,0.0,5/17/2024,Credit card,8.4
1699,1699,Chicago,Chicago,Normal,Female,Food & Beverages,Food & Beverages,92.29,2.0,9.23,193.81,0.0,0.0,5/17/2024,Credit card,7.0
1700,1700,Los Angeles,Los Angeles,Normal,Male,Health & Beauty,Health & Beauty,51.94,3.0,7.79,163.61,0.0,0.0,5/17/2024,Ewallet,6.2
1701,1701,Chicago,Chicago,Member,Female,Health & Beauty,Health & Beauty,81.95,3.0,12.29,258.14,0.0,0.0,5/17/2024,Ewallet,6.9
1702,1702,Los Angeles,Los Angeles,Normal,Female,Food & Beverages,Food & Beverages,57.74,2.0,5.77,121.25,0.0,0.0,5/17/2024,Cash,7.9
1703,1703,Los Angeles,Los Angeles,Member,Female,Food & Beverages,Food & Beverages,30.41,4.0,6.08,127.72,0.0,0.0,5/17/2024,Credit card,6.1
1704,1704,Chicago,Chicago,Member,Male,Health & Beauty,Health & Beauty,68.93,2.0,6.89,144.75,0.0,0.0,5/17/2024,Ewallet,7.2
1705,1705,New York,New York,Member,Male,Food & Beverages,Food & Beverages,35.89,1.0,1.79,37.68,0.0,0.0,5/17/2024,Cash,6.9
1706,1706,Los Angeles,Los Angeles,Normal,Male,Sports & Travel,Sports & Travel,75.2,2.0,7.52,157.92,0.0,0.0,5/17/2024,Credit card,6.7
1707,1707,Los Angeles,Los Angeles,Member,Female,Health & Beauty,Health & Beauty,59.77,3.0,8.97,188.28,0.0,0.0,5/17/2024,Cash,8.3
1708,1708,Chicago,Chicago,Normal,Male,Home & Lifestyle,Home & Lifestyle,71.86,2.0,7.19,150.91,0.0,0.0,5/18/2024,Ewallet,6.0
1709,1709,New York,New York,Normal,Male,Home & Lifestyle,Home & Lifestyle,37.0,1.0,1.85,38.85,0.0,0.0,5/18/2024,Credit card,7.4
1710,1710,New York,New York,Normal,Male,Food & Beverages,Food & Beverages,98.79,2.0,9.88,207.46,0.0,0.0,5/18/2024,Ewallet,6.8
1711,1711,Chicago,Chicago,Normal,Female,Food & Beverages,Food & Beverages,73.47,4.0,14.69,308.57,0.0,0.0,5/18/2024,Ewallet,7.5
1712,1712,Los Angeles,Los Angeles,Normal,Female,Fashion & Accs,Fashion & Accs,60.74,2.0,6.07,127.55,0.0,0.0,5/18/2024,Ewallet,6.7
1713,1713,Chicago,Chicago,Normal,Female,Fashion & Accs,Fashion & Accs,60.74,2.0,6.07,127.55,0.0,0.0,5/18/2024,Ewallet,9.4
1714,1714,Chicago,Chicago,Normal,Male,Food & Beverages,Food & Beverages,80.36,2.0,8.04,168.76,0.0,0.0,5/18/2024,Cash,7.8
1715,1715,Los Angeles,Los Angeles,Normal,Female,Home & Lifestyle,Home & Lifestyle,16.16,3.0,2.42,50.9,0.0,0.0,5/18/2024,Ewallet,9.0
1716,1716,Chicago,Chicago,Normal,Female,Health & Beauty,Health & Beauty,29.67,4.0,5.93,124.61,0.0,0.0,5/18/2024,Credit card,7.3
1717,1717,Chicago,Chicago,Normal,Male,Home & Lifestyle,Home & Lifestyle,28.31,2.0,2.83,59.45,0.0,0.0,5/19/2024,Cash,8.2
1718,1718,Chicago,Chicago,Member,Male,Fashion & Accs,Fashion & Accs,60.74,1.0,3.04,63.78,0.0,0.0,5/19/2024,Credit card,8.8
1719,1719,Los Angeles,Los Angeles,Normal,Female,Food & Beverages,Food & Beverages,26.43,6.0,7.93,166.51,0.0,0.0,5/19/2024,Ewallet,8.3
1720,1720,Los Angeles,Los Angeles,Member,Male,Home & Lifestyle,Home & Lifestyle,97.94,4.0,19.59,411.35,0.0,0.0,5/19/2024,Ewallet,8.6
1721,1721,New York,New York,Member,Female,Health & Beauty,Health & Beauty,47.67,3.0,7.15,150.16,0.0,0.0,5/19/2024,Ewallet,6.8
1722,1722,Chicago,Chicago,Normal,Female,Health & Beauty,Health & Beauty,64.36,4.0,12.87,270.31,0.0,0.0,5/19/2024,Ewallet,7.6
1723,1723,Los Angeles,Los Angeles,Normal,Male,Food & Beverages,Food & Beverages,94.13,3.0,14.12,296.51,0.0,0.0,5/19/2024,Cash,6.9
1724,1724,New York,New York,Normal,Male,Sports & Travel,Sports & Travel,45.58,2.0,4.56,95.72,0.0,0.0,5/19/2024,Ewallet,4.9
1725,1725,Chicago,Chicago,Normal,Female,Food & Beverages,Food & Beverages,48.61,3.0,7.29,153.12,0.0,0.0,5/20/2024,Cash,7.0
1726,1726,Los Angeles,Los Angeles,Normal,Male,Health & Beauty,Health & Beauty,41.5,1.0,2.08,43.58,0.0,0.0,5/20/2024,Credit card,8.9
1727,1727,New York,New York,Member,Female,Electronics,Electronics,91.56,1.0,4.58,96.14,0.0,0.0,5/20/2024,Ewallet,8.1
1728,1728,Los Angeles,Los Angeles,Member,Female,Food & Beverages,Food & Beverages,62.85,4.0,12.57,263.97,0.0,0.0,5/20/2024,Ewallet,8.1
1729,1729,Los Angeles,Los Angeles,Member,Male,Food & Beverages,Food & Beverages,22.93,7.0,8.03,168.54,0.0,0.0,5/20/2024,Ewallet,9.8
1730,1730,Chicago,Chicago,Member,Female,Food & Beverages,Food & Beverages,26.6,4.0,5.32,111.72,0.0,0.0,5/20/2024,Ewallet,7.8
1731,1731,Los Angeles,Los Angeles,Normal,Female,Food & Beverages,Food & Beverages,94.47,6.0,28.34,595.16,0.0,0.0,5/20/2024,Ewallet,6.7
1732,1732,Chicago,Chicago,Normal,Male,Food & Beverages,Food & Beverages,18.85,2.0,1.89,39.59,0.0,0.0,5/21/2024,Ewallet,6.7
1733,1733,Los Angeles,Los Angeles,Normal,Male,Food & Beverages,Food & Beverages,53.72,3.0,8.06,169.22,0.0,0.0,5/21/2024,Ewallet,7.8
1734,1734,Los Angeles,Los Angeles,Normal,Female,Health & Beauty,Health & Beauty,39.01,2.0,3.9,81.92,0.0,0.0,5/21/2024,Cash,8.6
1735,1735,Los Angeles,Los Angeles,Member,Male,Home & Lifestyle,Home & Lifestyle,50.28,5.0,12.57,263.97,0.0,0.0,5/21/2024,Credit card,7.6
1736,1736,Los Angeles,Los Angeles,Normal,Female,Fashion & Accs,Fashion & Accs,60.74,1.0,3.04,63.78,0.0,0.0,5/21/2024,Credit card,6.0
1737,1737,Los Angeles,Los Angeles,Member,Male,Sports & Travel,Sports & Travel,10.17,2.0,1.02,21.36,0.0,0.0,5/21/2024,Credit card,7.4
1738,1738,Chicago,Chicago,Normal,Male,Fashion & Accs,Fashion & Accs,60.74,2.0,6.07,127.55,0.0,0.0,5/21/2024,Ewallet,7.0
1739,1739,New York,New York,Normal,Male,Home & Lifestyle,Home & Lifestyle,33.99,2.0,3.4,71.38,0.0,0.0,5/21/2024,Credit card,5.3
1740,1740,Chicago,Chicago,Member,Male,Food & Beverages,Food & Beverages,66.52,4.0,13.3,279.38,0.0,0.0,5/21/2024,Ewallet,7.0
1741,1741,Chicago,Chicago,Member,Male,Food & Beverages,Food & Beverages,22.17,1.0,1.11,23.28,0.0,0.0,5/21/2024,Cash,7.3
1742,1742,Los Angeles,Los Angeles,Normal,Female,Food & Beverages,Food & Beverages,73.05,3.0,10.96,230.11,0.0,0.0,5/21/2024,Cash,6.7
1743,1743,Los Angeles,Los Angeles,Normal,Female,Food & Beverages,Food & Beverages,74.66,3.0,11.2,235.18,0.0,0.0,5/21/2024,Cash,8.0
1744,1744,Los Angeles,Los Angeles,Normal,Male,Sports & Travel,Sports & Travel,86.31,1.0,4.32,90.63,0.0,0.0,5/22/2024,Cash,5.9
1745,1745,Chicago,Chicago,Normal,Female,Home & Lifestyle,Home & Lifestyle,90.65,5.0,22.66,475.91,0.0,0.0,5/22/2024,Ewallet,8.3
1746,1746,Los Angeles,Los Angeles,Member,Female,Health & Beauty,Health & Beauty,15.87,1.0,0.79,16.66,0.0,0.0,5/22/2024,Credit card,6.5
1747,1747,Chicago,Chicago,Member,Female,Fashion & Accs,Fashion & Accs,60.74,3.0,9.11,191.33,0.0,0.0,5/22/2024,Ewallet,7.2
1748,1748,Chicago,Chicago,Normal,Female,Home & Lifestyle,Home & Lifestyle,52.18,5.0,13.04,273.94,0.0,0.0,5/22/2024,Cash,8.0
1749,1749,Chicago,Chicago,Normal,Female,Fashion & Accs,Fashion & Accs,60.74,2.0,6.07,127.55,0.0,0.0,5/22/2024,Credit card,7.5
1750,1750,New York,New York,Normal,Female,Health & Beauty,Health & Beauty,18.11,4.0,3.62,76.06,0.0,0.0,5/22/2024,Cash,9.8
1751,1751,Los Angeles,Los Angeles,Normal,Male,Food & Beverages,Food & Beverages,98.7,5.0,24.68,518.18,0.0,0.0,5/22/2024,Ewallet,7.2
1752,1752,Los Angeles,Los Angeles,Normal,Male,Food & Beverages,Food & Beverages,48.52,6.0,14.56,305.68,0.0,0.0,5/22/2024,Credit card,9.1
1753,1753,Chicago,Chicago,Normal,Female,Food & Beverages,Food & Beverages,18.08,2.0,1.81,37.97,0.0,0.0,5/22/2024,Ewallet,5.9
1754,1754,Los Angeles,Los Angeles,Member,Male,Health & Beauty,Health & Beauty,82.58,4.0,16.52,346.84,0.0,0.0,5/22/2024,Cash,8.9
1755,1755,Chicago,Chicago,Normal,Male,Food & Beverages,Food & Beverages,78.31,4.0,15.66,328.9,0.0,0.0,5/22/2024,Cash,7.2
1756,1756,New York,New York,Normal,Male,Food & Beverages,Food & Beverages,62.08,2.0,6.21,130.37,0.0,0.0,5/22/2024,Cash,7.5
1757,1757,Los Angeles,Los Angeles,Member,Male,Food & Beverages,Food & Beverages,99.79,1.0,4.99,104.78,0.0,0.0,5/22/2024,Ewallet,8.8
1758,1758,Los Angeles,Los Angeles,Normal,Male,Food & Beverages,Food & Beverages,17.04,3.0,2.56,53.68,0.0,0.0,5/23/2024,Ewallet,7.7
1759,1759,Chicago,Chicago,Member,Male,Home & Lifestyle,Home & Lifestyle,93.69,3.0,14.05,295.12,0.0,0.0,5/23/2024,Cash,7.9
1760,1760,Los Angeles,Los Angeles,Member,Male,Food & Beverages,Food & Beverages,43.27,4.0,8.65,181.73,0.0,0.0,5/23/2024,Credit card,7.8
1761,1761,Chicago,Chicago,Normal,Male,Sports & Travel,Sports & Travel,90.28,2.0,9.03,189.59,0.0,0.0,5/23/2024,Ewallet,6.0
1762,1762,Chicago,Chicago,Member,Female,Food & Beverages,Food & Beverages,17.63,1.0,0.88,18.51,0.0,0.0,5/23/2024,Credit card,6.3
1763,1763,New York,New York,Normal,Female,Food & Beverages,Food & Beverages,98.97,2.0,9.9,207.84,0.0,0.0,5/23/2024,Ewallet,8.0
1764,1764,Los Angeles,Los Angeles,Member,Female,Home & Lifestyle,Home & Lifestyle,35.79,4.0,7.16,150.32,0.0,0.0,5/23/2024,Ewallet,7.5
1765,1765,Los Angeles,Los Angeles,Normal,Female,Food & Beverages,Food & Beverages,99.78,4.0,19.96,419.08,0.0,0.0,5/23/2024,Ewallet,8.4
1766,1766,New York,New York,Normal,Male,Home & Lifestyle,Home & Lifestyle,40.3,3.0,6.04,126.94,0.0,0.0,5/23/2024,Credit card,7.8
1767,1767,Chicago,Chicago,Member,Female,Fashion & Accs,Fashion & Accs,60.74,1.0,3.04,63.78,0.0,0.0,5/23/2024,Credit card,8.2
1768,1768,New York,New York,Member,Female,Home & Lifestyle,Home & Lifestyle,63.42,3.0,9.51,199.77,0.0,0.0,5/23/2024,Cash,8.5
1769,1769,New York,New York,Normal,Male,Food & Beverages,Food & Beverages,18.22,4.0,3.64,76.52,0.0,0.0,5/23/2024,Ewallet,8.6
1770,1770,Chicago,Chicago,Normal,Female,Food & Beverages,Food & Beverages,57.34,2.0,5.73,120.41,0.0,0.0,5/23/2024,Cash,7.6
1771,1771,Chicago,Chicago,Member,Male,Sports & Travel,Sports & Travel,64.97,1.0,3.25,68.22,0.0,0.0,5/24/2024,Ewallet,7.1
1772,1772,New York,New York,Member,Female,Food & Beverages,Food & Beverages,10.13,1.0,0.51,10.64,0.0,0.0,5/24/2024,Credit card,7.3
1773,1773,Los Angeles,Los Angeles,Normal,Male,Sports & Travel,Sports & Travel,69.12,2.0,6.91,145.15,0.0,0.0,5/24/2024,Cash,7.0
1774,1774,Los Angeles,Los Angeles,Normal,Female,Fashion & Accs,Fashion & Accs,60.74,2.0,6.07,127.55,0.0,0.0,5/24/2024,Ewallet,7.0
1775,1775,Los Angeles,Los Angeles,Member,Male,Food & Beverages,Food & Beverages,46.77,4.0,9.35,196.43,0.0,0.0,5/24/2024,Ewallet,8.1
1776,1776,Los Angeles,Los Angeles,Member,Male,Health & Beauty,Health & Beauty,24.89,1.0,1.24,26.13,0.0,0.0,5/24/2024,Cash,7.1
1777,1777,New York,New York,Normal,Male,Home & Lifestyle,Home & Lifestyle,28.32,2.0,2.83,59.47,0.0,0.0,5/24/2024,Credit card,5.7
1778,1778,Chicago,Chicago,Normal,Male,Food & Beverages,Food & Beverages,94.26,6.0,28.28,593.84,0.0,0.0,5/24/2024,Ewallet,7.7
1779,1779,Los Angeles,Los Angeles,Normal,Male,Fashion & Accs,Fashion & Accs,60.74,1.0,3.04,63.78,0.0,0.0,5/24/2024,Cash,5.3
1780,1780,Los Angeles,Los Angeles,Member,Female,Food & Beverages,Food & Beverages,55.04,2.0,5.5,115.58,0.0,0.0,5/24/2024,Ewallet,7.1
1781,1781,Los Angeles,Los Angeles,Member,Male,Home & Lifestyle,Home & Lifestyle,40.73,4.0,8.15,171.07,0.0,0.0,5/24/2024,Credit card,8.7
1782,1782,New York,New York,Normal,Female,Food & Beverages,Food & Beverages,54.27,3.0,8.14,170.95,0.0,0.0,5/25/2024,Cash,8.5
1783,1783,New York,New York,Member,Female,Food & Beverages,Food & Beverages,45.79,3.0,6.87,144.24,0.0,0.0,5/25/2024,Cash,8.1
1784,1784,Chicago,Chicago,Member,Female,Food & Beverages,Food & Beverages,77.56,3.0,11.63,244.31,0.0,0.0,5/25/2024,Credit card,9.1
1785,1785,Chicago,Chicago,Normal,Male,Home & Lifestyle,Home & Lifestyle,46.22,1.0,2.31,48.53,0.0,0.0,5/25/2024,Cash,6.9
1786,1786,New York,New York,Normal,Male,Home & Lifestyle,Home & Lifestyle,63.91,1.0,3.2,67.11,0.0,0.0,5/25/2024,Ewallet,8.3
1787,1787,Los Angeles,Los Angeles,Normal,Female,Food & Beverages,Food & Beverages,53.21,2.0,5.32,111.74,0.0,0.0,5/25/2024,Ewallet,7.6
1788,1788,Los Angeles,Los Angeles,Normal,Female,Health & Beauty,Health & Beauty,10.75,2.0,1.08,22.58,0.0,0.0,5/25/2024,Credit card,8.3
1789,1789,New York,New York,Member,Female,Health & Beauty,Health & Beauty,96.58,1.0,4.83,101.41,0.0,0.0,5/25/2024,Credit card,8.1
1790,1790,Los Angeles,Los Angeles,Member,Male,Food & Beverages,Food & Beverages,87.8,3.0,13.17,276.57,0.0,0.0,5/25/2024,Credit card,8.0
1791,1791,New York,New York,Normal,Female,Food & Beverages,Food & Beverages,63.61,5.0,15.9,333.95,0.0,0.0,5/25/2024,Cash,7.4
1792,1792,New York,New York,Member,Female,Food & Beverages,Food & Beverages,22.62,1.0,1.13,23.75,0.0,0.0,5/26/2024,Cash,8.1
1793,1793,Los Angeles,Los Angeles,Member,Male,Food & Beverages,Food & Beverages,83.34,4.0,16.67,350.03,0.0,0.0,5/26/2024,Ewallet,9.7
1794,1794,New York,New York,Normal,Female,Food & Beverages,Food & Beverages,20.87,2.0,2.09,43.83,0.0,0.0,5/26/2024,Cash,7.6
1795,1795,Chicago,Chicago,Member,Male,Sports & Travel,Sports & Travel,22.24,1.0,1.11,23.35,0.0,0.0,5/26/2024,Cash,5.7
1796,1796,Chicago,Chicago,Normal,Female,Health & Beauty,Health & Beauty,92.78,2.0,9.28,194.84,0.0,0.0,5/26/2024,Credit card,6.5
1797,1797,Los Angeles,Los Angeles,Normal,Female,Health & Beauty,Health & Beauty,15.37,3.0,2.31,48.42,0.0,0.0,5/26/2024,Ewallet,6.5
1798,1798,Chicago,Chicago,Member,Female,Health & Beauty,Health & Beauty,30.35,1.0,1.52,31.87,0.0,0.0,5/26/2024,Cash,7.2
1799,1799,Chicago,Chicago,Normal,Female,Fashion & Accs,Fashion & Accs,60.74,1.0,3.04,63.78,0.0,0.0,5/26/2024,Ewallet,7.7
1800,1800,Chicago,Chicago,Member,Male,Food & Beverages,Food & Beverages,79.91,3.0,11.99,251.72,0.0,0.0,5/26/2024,Ewallet,8.1
1801,1801,New York,New York,Normal,Female,Food & Beverages,Food & Beverages,91.61,4.0,18.32,384.76,0.0,0.0,5/26/2024,Ewallet,8.2
1802,1802,Chicago,Chicago,Normal,Male,Food & Beverages,Food & Beverages,43.25,3.0,6.49,136.24,0.0,0.0,5/26/2024,Ewallet,4.9
1803,1803,New York,New York,Member,Female,Food & Beverages,Food & Beverages,57.29,3.0,8.59,180.46,0.0,0.0,5/26/2024,Cash,7.9
1804,1804,Los Angeles,Los Angeles,Normal,Female,Food & Beverages,Food & Beverages,56.56,5.0,14.14,296.94,0.0,0.0,5/26/2024,Ewallet,6.9
1805,1805,Los Angeles,Los Angeles,Normal,Male,Sports & Travel,Sports & Travel,34.84,2.0,3.48,73.16,0.0,0.0,5/26/2024,Ewallet,8.4
1806,1806,Chicago,Chicago,Member,Male,Food & Beverages,Food & Beverages,52.75,3.0,7.91,166.16,0.0,0.0,5/26/2024,Cash,9.0
1807,1807,Chicago,Chicago,Normal,Male,Electronics,Electronics,88.67,1.0,4.43,93.1,0.0,0.0,5/27/2024,Ewallet,6.7
1808,1808,Los Angeles,Los Angeles,Member,Female,Sports & Travel,Sports & Travel,94.76,2.0,9.48,199.0,0.0,0.0,5/27/2024,Ewallet,6.0
1809,1809,New York,New York,Normal,Female,Health & Beauty,Health & Beauty,66.14,2.0,6.61,138.89,0.0,0.0,5/27/2024,Ewallet,5.4
1810,1810,New York,New York,Normal,Male,Food & Beverages,Food & Beverages,73.88,5.0,18.47,387.87,0.0,0.0,5/27/2024,Ewallet,6.8
1811,1811,New York,New York,Normal,Male,Food & Beverages,Food & Beverages,33.98,4.0,6.8,142.72,0.0,0.0,5/27/2024,Cash,8.5
1812,1812,New York,New York,Normal,Male,Sports & Travel,Sports & Travel,71.63,2.0,7.16,150.42,0.0,0.0,5/27/2024,Ewallet,8.8
1813,1813,Chicago,Chicago,Member,Female,Health & Beauty,Health & Beauty,54.92,1.0,2.75,57.67,0.0,0.0,5/27/2024,Cash,7.1
1814,1814,Chicago,Chicago,Normal,Male,Food & Beverages,Food & Beverages,39.43,3.0,5.91,124.2,0.0,0.0,5/27/2024,Cash,8.7
1815,1815,Los Angeles,Los Angeles,Normal,Female,Food & Beverages,Food & Beverages,55.39,1.0,2.77,58.16,0.0,0.0,5/27/2024,Cash,8.5
1816,1816,New York,New York,Normal,Male,Food & Beverages,Food & Beverages,16.31,2.0,1.63,34.25,0.0,0.0,5/27/2024,Credit card,6.7
1817,1817,Los Angeles,Los Angeles,Normal,Male,Home & Lifestyle,Home & Lifestyle,70.11,4.0,14.02,294.46,0.0,0.0,5/27/2024,Ewallet,7.9
1818,1818,Los Angeles,Los Angeles,Normal,Female,Home & Lifestyle,Home & Lifestyle,35.47,2.0,3.55,74.49,0.0,0.0,5/27/2024,Cash,8.5
1819,1819,New York,New York,Normal,Male,Sports & Travel,Sports & Travel,20.18,2.0,2.02,42.38,0.0,0.0,5/27/2024,Credit card,6.1
1820,1820,Los Angeles,Los Angeles,Normal,Female,Fashion & Accs,Fashion & Accs,60.74,3.0,9.11,191.33,0.0,0.0,5/27/2024,Credit card,7.3
1821,1821,Los Angeles,Los Angeles,Normal,Female,Food & Beverages,Food & Beverages,52.34,3.0,7.85,164.87,0.0,0.0,5/27/2024,Credit card,5.8
1822,1822,New York,New York,Member,Female,Sports & Travel,Sports & Travel,13.69,3.0,2.05,43.12,0.0,0.0,5/27/2024,Ewallet,8.7
1823,1823,Chicago,Chicago,Normal,Female,Health & Beauty,Health & Beauty,82.88,2.0,8.29,174.05,0.0,0.0,5/28/2024,Cash,8.3
1824,1824,Los Angeles,Los Angeles,Member,Male,Food & Beverages,Food & Beverages,49.38,2.0,4.94,103.7,0.0,0.0,5/28/2024,Cash,8.8
1825,1825,Chicago,Chicago,Normal,Female,Food & Beverages,Food & Beverages,29.15,4.0,5.83,122.43,0.0,0.0,5/28/2024,Ewallet,9.0
1826,1826,Los Angeles,Los Angeles,Normal,Female,Home & Lifestyle,Home & Lifestyle,33.2,4.0,6.64,139.44,0.0,0.0,5/28/2024,Credit card,9.3
1827,1827,Chicago,Chicago,Normal,Female,Food & Beverages,Food & Beverages,79.54,2.0,7.95,167.03,0.0,0.0,5/28/2024,Ewallet,7.7
1828,1828,Chicago,Chicago,Member,Female,Home & Lifestyle,Home & Lifestyle,65.26,1.0,3.26,68.52,0.0,0.0,5/28/2024,Cash,6.3
1829,1829,New York,New York,Normal,Female,Food & Beverages,Food & Beverages,32.32,5.0,8.08,169.68,0.0,0.0,5/28/2024,Ewallet,6.6
1830,1830,Los Angeles,Los Angeles,Member,Female,Food & Beverages,Food & Beverages,71.68,3.0,10.75,225.79,0.0,0.0,5/28/2024,Ewallet,7.2
1831,1831,New York,New York,Normal,Male,Health & Beauty,Health & Beauty,15.8,1.0,0.79,16.59,0.0,0.0,5/28/2024,Cash,7.0
1832,1832,Los Angeles,Los Angeles,Normal,Male,Home & Lifestyle,Home & Lifestyle,13.59,3.0,2.04,42.81,0.0,0.0,5/28/2024,Ewallet,7.7
1833,1833,New York,New York,Normal,Male,Sports & Travel,Sports & Travel,44.65,2.0,4.46,93.76,0.0,0.0,5/28/2024,Ewallet,7.0
1834,1834,Los Angeles,Los Angeles,Normal,Male,Health & Beauty,Health & Beauty,64.27,1.0,3.21,67.48,0.0,0.0,5/28/2024,Cash,6.3
1835,1835,Chicago,Chicago,Normal,Female,Health & Beauty,Health & Beauty,27.73,4.0,5.55,116.47,0.0,0.0,5/28/2024,Ewallet,7.2
1836,1836,New York,New York,Member,Female,Fashion & Accs,Fashion & Accs,60.74,2.0,6.07,127.55,0.0,0.0,5/28/2024,Cash,9.4
1837,1837,Chicago,Chicago,Normal,Male,Health & Beauty,Health & Beauty,43.7,2.0,4.37,91.77,0.0,0.0,5/29/2024,Ewallet,6.5
1838,1838,Los Angeles,Los Angeles,Normal,Female,Health & Beauty,Health & Beauty,10.69,1.0,0.53,11.22,0.0,0.0,5/29/2024,Credit card,9.6
1839,1839,Los Angeles,Los Angeles,Member,Female,Home & Lifestyle,Home & Lifestyle,23.75,4.0,4.75,99.75,0.0,0.0,5/29/2024,Ewallet,6.4
1840,1840,Chicago,Chicago,Member,Male,Health & Beauty,Health & Beauty,32.46,1.0,1.62,34.08,0.0,0.0,5/29/2024,Credit card,8.3
1841,1841,Chicago,Chicago,Normal,Male,Food & Beverages,Food & Beverages,51.34,4.0,10.27,215.63,0.0,0.0,5/29/2024,Ewallet,9.3
1842,1842,New York,New York,Normal,Female,Food & Beverages,Food & Beverages,58.26,3.0,8.74,183.52,0.0,0.0,5/29/2024,Ewallet,6.6
1843,1843,Chicago,Chicago,Member,Female,Sports & Travel,Sports & Travel,60.08,3.0,9.01,189.25,0.0,0.0,5/29/2024,Credit card,8.2
1844,1844,Los Angeles,Los Angeles,Normal,Male,Food & Beverages,Food & Beverages,38.6,2.0,3.86,81.06,0.0,0.0,5/29/2024,Credit card,5.8
1845,1845,Los Angeles,Los Angeles,Normal,Female,Food & Beverages,Food & Beverages,49.79,3.0,7.47,156.84,0.0,0.0,5/29/2024,Credit card,9.1
1846,1846,Los Angeles,Los Angeles,Member,Female,Home & Lifestyle,Home & Lifestyle,11.28,1.0,0.56,11.84,0.0,0.0,5/29/2024,Ewallet,8.7
1847,1847,Los Angeles,Los Angeles,Normal,Male,Health & Beauty,Health & Beauty,10.08,4.0,2.02,42.34,0.0,0.0,5/29/2024,Ewallet,9.8
1848,1848,Chicago,Chicago,Normal,Female,Home & Lifestyle,Home & Lifestyle,77.47,4.0,15.49,325.37,0.0,0.0,5/29/2024,Credit card,7.6
1849,1849,Chicago,Chicago,Normal,Female,Health & Beauty,Health & Beauty,71.77,1.0,3.59,75.36,0.0,0.0,5/29/2024,Cash,6.7
1850,1850,Chicago,Chicago,Normal,Male,Sports & Travel,Sports & Travel,24.74,3.0,3.71,77.93,0.0,0.0,5/30/2024,Cash,8.0
1851,1851,Los Angeles,Los Angeles,Normal,Female,Sports & Travel,Sports & Travel,88.31,2.0,8.83,185.45,0.0,0.0,5/30/2024,Ewallet,7.0
1852,1852,New York,New York,Member,Female,Food & Beverages,Food & Beverages,93.4,2.0,9.34,196.14,0.0,0.0,5/30/2024,Credit card,5.6
1853,1853,Los Angeles,Los Angeles,Normal,Female,Food & Beverages,Food & Beverages,72.52,4.0,14.5,304.58,0.0,0.0,5/30/2024,Credit card,8.3
1854,1854,New York,New York,Member,Female,Food & Beverages,Food & Beverages,67.45,3.0,10.12,212.47,0.0,0.0,5/30/2024,Ewallet,9.0
1855,1855,New York,New York,Normal,Female,Health & Beauty,Health & Beauty,87.87,1.0,4.39,92.26,0.0,0.0,5/30/2024,Credit card,7.7
1856,1856,Chicago,Chicago,Normal,Female,Food & Beverages,Food & Beverages,40.52,5.0,10.13,212.73,0.0,0.0,5/30/2024,Cash,5.4
1857,1857,Chicago,Chicago,Normal,Female,Fashion & Accs,Fashion & Accs,60.74,3.0,9.11,191.33,0.0,0.0,5/30/2024,Cash,7.8
1858,1858,Los Angeles,Los Angeles,Normal,Female,Food & Beverages,Food & Beverages,67.77,1.0,3.39,71.16,0.0,0.0,5/30/2024,Credit card,6.9
1859,1859,New York,New York,Normal,Female,Food & Beverages,Food & Beverages,23.34,4.0,4.67,98.03,0.0,0.0,5/30/2024,Cash,6.9
1860,1860,Chicago,Chicago,Normal,Male,Health & Beauty,Health & Beauty,54.86,4.0,10.97,230.41,0.0,0.0,5/30/2024,Ewallet,7.2
1861,1861,New York,New York,Normal,Male,Food & Beverages,Food & Beverages,42.82,1.0,2.14,44.96,0.0,0.0,5/30/2024,Ewallet,9.8
1862,1862,Chicago,Chicago,Normal,Female,Home & Lifestyle,Home & Lifestyle,99.7,1.0,4.99,104.69,0.0,0.0,5/31/2024,Ewallet,6.2
1863,1863,New York,New York,Normal,Male,Home & Lifestyle,Home & Lifestyle,28.53,4.0,5.71,119.83,0.0,0.0,5/31/2024,Ewallet,9.1
1864,1864,New York,New York,Normal,Male,Food & Beverages,Food & Beverages,47.27,1.0,2.36,49.63,0.0,0.0,5/31/2024,Cash,8.8
1865,1865,New York,New York,Normal,Male,Electronics,Electronics,23.46,2.0,2.35,49.27,0.0,0.0,5/31/2024,Credit card,9.8
1866,1866,New York,New York,Member,Female,Fashion & Accs,Fashion & Accs,60.74,2.0,6.07,127.55,0.0,0.0,5/31/2024,Credit card,8.1
1867,1867,New York,New York,Normal,Female,Food & Beverages,Food & Beverages,87.9,3.0,13.19,276.89,0.0,0.0,5/31/2024,Ewallet,6.9
1868,1868,Los Angeles,Los Angeles,Member,Male,Health & Beauty,Health & Beauty,71.38,4.0,14.28,299.8,0.0,0.0,5/31/2024,Cash,6.8
1869,1869,Chicago,Chicago,Normal,Female,Electronics,Electronics,41.65,1.0,2.08,43.73,0.0,0.0,5/31/2024,Ewallet,4.8
1870,1870,New York,New York,Normal,Male,Fashion & Accs,Fashion & Accs,29.56,3.0,4.43,93.11,0.0,0.0,5/31/2024,Cash,5.4
1871,1871,Chicago,Chicago,Normal,Female,Health & Beauty,Health & Beauty,61.29,4.0,12.26,257.42,0.0,0.0,5/31/2024,Cash,9.2
1872,1872,Chicago,Chicago,Normal,Female,Food & Beverages,Food & Beverages,20.01,3.0,3.0,63.03,0.0,0.0,5/31/2024,Ewallet,8.3
1873,1873,Chicago,Chicago,Member,Male,Health & Beauty,Health & Beauty,35.64,4.0,7.13,149.69,0.0,0.0,6/1/2024,Credit card,7.0
1874,1874,Los Angeles,Los Angeles,Normal,Male,Health & Beauty,Health & Beauty,37.0,2.0,3.7,77.7,0.0,0.0,6/1/2024,Cash,6.1
1875,1875,New York,New York,Normal,Female,Health & Beauty,Health & Beauty,22.8,2.0,2.28,47.88,0.0,0.0,6/1/2024,Ewallet,5.8
1876,1876,Los Angeles,Los Angeles,Member,Male,Home & Lifestyle,Home & Lifestyle,58.36,4.0,11.67,245.11,0.0,0.0,6/1/2024,Ewallet,8.3
1877,1877,Los Angeles,Los Angeles,Normal,Male,Food & Beverages,Food & Beverages,7.54,5.0,1.89,39.59,0.0,0.0,6/1/2024,Ewallet,8.8
1878,1878,New York,New York,Normal,Female,Health & Beauty,Health & Beauty,21.81,4.0,4.36,91.6,0.0,0.0,6/1/2024,Cash,5.3
1879,1879,Los Angeles,Los Angeles,Member,Female,Food & Beverages,Food & Beverages,5.56,4.0,1.11,23.35,0.0,0.0,6/1/2024,Cash,6.0
1880,1880,Los Angeles,Los Angeles,Normal,Male,Health & Beauty,Health & Beauty,20.12,2.0,2.01,42.25,0.0,0.0,6/1/2024,Cash,6.1
1881,1881,Chicago,Chicago,Normal,Male,Food & Beverages,Food & Beverages,6.26,3.0,0.94,19.72,0.0,0.0,6/1/2024,Cash,6.9
1882,1882,Chicago,Chicago,Normal,Female,Food & Beverages,Food & Beverages,2.96,2.0,0.3,6.22,0.0,0.0,6/1/2024,Ewallet,8.4
1883,1883,New York,New York,Member,Male,Food & Beverages,Food & Beverages,7.31,4.0,1.46,30.7,0.0,0.0,6/1/2024,Ewallet,8.0
1884,1884,New York,New York,Member,Female,Food & Beverages,Food & Beverages,7.01,2.0,0.7,14.72,0.0,0.0,6/1/2024,Credit card,7.7
1885,1885,Chicago,Chicago,Normal,Male,Home & Lifestyle,Home & Lifestyle,59.92,1.0,3.0,62.92,0.0,0.0,6/1/2024,Ewallet,9.7
1886,1886,Los Angeles,Los Angeles,Normal,Male,Food & Beverages,Food & Beverages,6.99,2.0,0.7,14.68,0.0,0.0,6/1/2024,Ewallet,8.3
1887,1887,Los Angeles,Los Angeles,Normal,Male,Health & Beauty,Health & Beauty,35.78,1.0,1.79,37.57,0.0,0.0,6/1/2024,Ewallet,7.1
1888,1888,Los Angeles,Los Angeles,Normal,Female,Home & Lifestyle,Home & Lifestyle,65.0,5.0,16.25,341.25,0.0,0.0,6/1/2024,Credit card,5.1
1889,1889,Chicago,Chicago,Normal,Male,Food & Beverages,Food & Beverages,6.25,3.0,0.94,19.69,0.0,0.0,6/1/2024,Cash,6.5
1890,1890,Los Angeles,Los Angeles,Normal,Female,Food & Beverages,Food & Beverages,3.9,2.0,0.39,8.19,0.0,0.0,6/1/2024,Cash,7.3
1891,1891,Chicago,Chicago,Normal,Male,Food & Beverages,Food & Beverages,4.96,4.0,0.99,20.83,0.0,0.0,6/1/2024,Credit card,8.9
1892,1892,Los Angeles,Los Angeles,Normal,Male,Food & Beverages,Food & Beverages,6.63,4.0,1.33,27.85,0.0,0.0,6/1/2024,Cash,7.3
1893,1893,Los Angeles,Los Angeles,Normal,Male,Food & Beverages,Food & Beverages,5.71,4.0,1.14,23.98,0.0,0.0,6/1/2024,Ewallet,6.2
1894,1894,Los Angeles,Los Angeles,Member,Female,Health & Beauty,Health & Beauty,36.28,4.0,7.26,152.38,0.0,0.0,6/1/2024,Cash,7.2
1895,1895,Los Angeles,Los Angeles,Normal,Male,Food & Beverages,Food & Beverages,6.42,3.0,0.96,20.22,0.0,0.0,6/1/2024,Cash,8.6
1896,1896,New York,New York,Normal,Female,Sports & Travel,Sports & Travel,70.97,3.0,10.65,223.56,0.0,0.0,6/1/2024,Ewallet,6.8
1897,1897,Los Angeles,Los Angeles,Normal,Female,Food & Beverages,Food & Beverages,5.57,4.0,1.11,23.39,0.0,0.0,6/1/2024,Ewallet,8.5
1898,1898,Los Angeles,Los Angeles,Member,Female,Home & Lifestyle,Home & Lifestyle,72.78,5.0,18.2,382.1,0.0,0.0,6/2/2024,Credit card,7.5
1899,1899,Los Angeles,Los Angeles,Normal,Female,Sports & Travel,Sports & Travel,50.67,2.0,5.07,106.41,0.0,0.0,6/2/2024,Credit card,5.8
1900,1900,Los Angeles,Los Angeles,Member,Male,Food & Beverages,Food & Beverages,3.43,4.0,0.69,14.41,0.0,0.0,6/2/2024,Cash,6.1
1901,1901,New York,New York,Normal,Female,Health & Beauty,Health & Beauty,17.29,3.0,2.59,54.46,0.0,0.0,6/2/2024,Cash,9.1
1902,1902,Chicago,Chicago,Member,Male,Health & Beauty,Health & Beauty,32.2,1.0,1.61,33.81,0.0,0.0,6/2/2024,Ewallet,9.3
1903,1903,Los Angeles,Los Angeles,Normal,Male,Home & Lifestyle,Home & Lifestyle,64.24,4.0,12.85,269.81,0.0,0.0,6/2/2024,Ewallet,6.1
1904,1904,Chicago,Chicago,Normal,Female,Electronics,Electronics,81.49,1.0,4.07,85.56,0.0,0.0,6/2/2024,Ewallet,6.1
1905,1905,Chicago,Chicago,Normal,Male,Food & Beverages,Food & Beverages,6.6,2.0,0.66,13.86,0.0,0.0,6/2/2024,Credit card,8.6
1906,1906,Chicago,Chicago,Normal,Female,Food & Beverages,Food & Beverages,5.68,3.0,0.85,17.89,0.0,0.0,6/2/2024,Ewallet,8.6
1907,1907,Los Angeles,Los Angeles,Normal,Female,Home & Lifestyle,Home & Lifestyle,49.05,4.0,9.81,206.01,0.0,0.0,6/2/2024,Credit card,5.1
1908,1908,Los Angeles,Los Angeles,Normal,Male,Food & Beverages,Food & Beverages,3.87,2.0,0.39,8.13,0.0,0.0,6/2/2024,Ewallet,5.5
1909,1909,New York,New York,Member,Female,Food & Beverages,Food & Beverages,3.85,1.0,0.19,4.04,0.0,0.0,6/2/2024,Cash,8.7
1910,1910,Los Angeles,Los Angeles,Member,Male,Health & Beauty,Health & Beauty,36.81,3.0,5.52,115.95,0.0,0.0,6/2/2024,Credit card,9.8
1911,1911,Los Angeles,Los Angeles,Member,Female,Sports & Travel,Sports & Travel,56.8,1.0,2.84,59.64,0.0,0.0,6/2/2024,Ewallet,7.4
1912,1912,Los Angeles,Los Angeles,Normal,Male,Health & Beauty,Health & Beauty,37.64,4.0,7.53,158.09,0.0,0.0,6/2/2024,Credit card,7.3
1913,1913,Chicago,Chicago,Member,Female,Food & Beverages,Food & Beverages,5.26,1.0,0.26,5.52,0.0,0.0,6/2/2024,Cash,7.2
1914,1914,Los Angeles,Los Angeles,Normal,Male,Home & Lifestyle,Home & Lifestyle,54.57,2.0,5.46,114.6,0.0,0.0,6/2/2024,Credit card,5.0
1915,1915,New York,New York,Normal,Female,Food & Beverages,Food & Beverages,2.47,3.0,0.37,7.78,0.0,0.0,6/2/2024,Ewallet,7.1
1916,1916,Los Angeles,Los Angeles,Normal,Male,Food & Beverages,Food & Beverages,4.59,1.0,0.23,4.82,0.0,0.0,6/2/2024,Ewallet,7.4
1917,1917,Los Angeles,Los Angeles,Normal,Female,Health & Beauty,Health & Beauty,31.16,3.0,4.67,98.15,0.0,0.0,6/2/2024,Cash,7.7
1918,1918,Los Angeles,Los Angeles,Member,Female,Health & Beauty,Health & Beauty,25.9,4.0,5.18,108.78,0.0,0.0,6/2/2024,Credit card,8.2
1919,1919,Chicago,Chicago,Member,Male,Health & Beauty,Health & Beauty,26.84,1.0,1.34,28.18,0.0,0.0,6/2/2024,Ewallet,6.0
1920,1920,Los Angeles,Los Angeles,Normal,Female,Home & Lifestyle,Home & Lifestyle,68.05,5.0,17.01,357.26,0.0,0.0,6/2/2024,Ewallet,8.1
1921,1921,New York,New York,Normal,Female,Home & Lifestyle,Home & Lifestyle,59.45,2.0,5.94,124.84,0.0,0.0,6/3/2024,Ewallet,8.3
1922,1922,Chicago,Chicago,Normal,Male,Fashion & Accs,Fashion & Accs,12.5,1.0,0.62,13.12,0.0,0.0,6/3/2024,Ewallet,7.3
1923,1923,New York,New York,Member,Male,Food & Beverages,Food & Beverages,5.78,2.0,0.58,12.14,0.0,0.0,6/3/2024,Ewallet,7.3
1924,1924,Los Angeles,Los Angeles,Normal,Female,Food & Beverages,Food & Beverages,5.19,6.0,1.56,32.7,0.0,0.0,6/3/2024,Cash,9.8
1925,1925,Chicago,Chicago,Normal,Male,Health & Beauty,Health & Beauty,21.16,3.0,3.17,66.65,0.0,0.0,6/3/2024,Credit card,6.0
1926,1926,New York,New York,Member,Female,Food & Beverages,Food & Beverages,4.06,4.0,0.81,17.05,0.0,0.0,6/3/2024,Cash,7.5
1927,1927,New York,New York,Normal,Male,Health & Beauty,Health & Beauty,23.59,3.0,3.54,74.31,0.0,0.0,6/3/2024,Credit card,7.8
1928,1928,New York,New York,Normal,Female,Food & Beverages,Food & Beverages,4.83,2.0,0.48,10.14,0.0,0.0,6/3/2024,Ewallet,7.0
1929,1929,New York,New York,Normal,Female,Food & Beverages,Food & Beverages,4.69,2.0,0.47,9.85,0.0,0.0,6/3/2024,Credit card,8.1
1930,1930,Chicago,Chicago,Normal,Female,Home & Lifestyle,Home & Lifestyle,54.42,1.0,2.72,57.14,0.0,0.0,6/3/2024,Cash,5.6
1931,1931,New York,New York,Member,Female,Health & Beauty,Health & Beauty,33.36,3.0,5.0,105.08,0.0,0.0,6/3/2024,Cash,8.7
1932,1932,Los Angeles,Los Angeles,Normal,Male,Home & Lifestyle,Home & Lifestyle,63.59,5.0,15.9,333.85,0.0,0.0,6/3/2024,Cash,7.2
1933,1933,New York,New York,Member,Female,Food & Beverages,Food & Beverages,4.02,4.0,0.8,16.88,0.0,0.0,6/3/2024,Credit card,6.7
1934,1934,New York,New York,Member,Female,Food & Beverages,Food & Beverages,5.44,3.0,0.82,17.14,0.0,0.0,6/3/2024,Ewallet,8.3
1935,1935,Chicago,Chicago,Normal,Female,Food & Beverages,Food & Beverages,6.56,3.0,0.98,20.66,0.0,0.0,6/3/2024,Ewallet,9.0
1936,1936,Los Angeles,Los Angeles,Normal,Male,Home & Lifestyle,Home & Lifestyle,59.28,3.0,8.89,186.73,0.0,0.0,6/3/2024,Cash,8.9
1937,1937,Chicago,Chicago,Normal,Female,Food & Beverages,Food & Beverages,6.6,5.0,1.65,34.65,0.0,0.0,6/3/2024,Cash,9.5
1938,1938,Los Angeles,Los Angeles,Normal,Male,Food & Beverages,Food & Beverages,7.66,4.0,1.53,32.17,0.0,0.0,6/3/2024,Cash,7.3
1939,1939,Chicago,Chicago,Normal,Female,Electronics,Electronics,89.86,1.0,4.49,94.35,0.0,0.0,6/3/2024,Ewallet,8.7
1940,1940,Chicago,Chicago,Member,Male,Food & Beverages,Food & Beverages,3.04,5.0,0.76,15.96,0.0,0.0,6/3/2024,Credit card,7.7
1941,1941,New York,New York,Normal,Female,Food & Beverages,Food & Beverages,4.22,7.0,1.48,31.02,0.0,0.0,6/3/2024,Ewallet,8.4
1942,1942,Los Angeles,Los Angeles,Normal,Female,Food & Beverages,Food & Beverages,5.61,1.0,0.28,5.89,0.0,0.0,6/3/2024,Credit card,6.0
1943,1943,Los Angeles,Los Angeles,Normal,Female,Health & Beauty,Health & Beauty,33.17,2.0,3.32,69.66,0.0,0.0,6/4/2024,Ewallet,8.1
1944,1944,Chicago,Chicago,Member,Female,Home & Lifestyle,Home & Lifestyle,68.5,5.0,17.12,359.62,0.0,0.0,6/4/2024,Cash,7.1
1945,1945,Los Angeles,Los Angeles,Member,Female,Health & Beauty,Health & Beauty,36.4,4.0,7.28,152.88,0.0,0.0,6/4/2024,Credit card,7.8
1946,1946,New York,New York,Normal,Female,Health & Beauty,Health & Beauty,37.7,4.0,7.54,158.34,0.0,0.0,6/4/2024,Ewallet,6.9
1947,1947,Los Angeles,Los Angeles,Normal,Male,Electronics,Electronics,95.88,2.0,9.59,201.35,0.0,0.0,6/4/2024,Cash,6.8
1948,1948,New York,New York,Normal,Male,Sports & Travel,Sports & Travel,71.08,2.0,7.11,149.27,0.0,0.0,6/4/2024,Ewallet,7.7
1949,1949,Chicago,Chicago,Normal,Female,Food & Beverages,Food & Beverages,7.77,2.0,0.78,16.32,0.0,0.0,6/4/2024,Ewallet,9.1
1950,1950,New York,New York,Member,Female,Food & Beverages,Food & Beverages,5.01,5.0,1.25,26.3,0.0,0.0,6/4/2024,Credit card,8.5
1951,1951,Chicago,Chicago,Normal,Female,Food & Beverages,Food & Beverages,2.66,6.0,0.8,16.76,0.0,0.0,6/4/2024,Cash,8.3
1952,1952,Chicago,Chicago,Normal,Female,Fashion & Accs,Fashion & Accs,15.59,3.0,2.34,49.11,0.0,0.0,6/4/2024,Cash,5.2
1953,1953,Chicago,Chicago,Member,Female,Health & Beauty,Health & Beauty,17.77,3.0,2.67,55.98,0.0,0.0,6/4/2024,Credit card,7.5
1954,1954,Los Angeles,Los Angeles,Normal,Male,Home & Lifestyle,Home & Lifestyle,70.55,5.0,17.64,370.39,0.0,0.0,6/4/2024,Ewallet,5.6
1955,1955,Chicago,Chicago,Normal,Female,Food & Beverages,Food & Beverages,7.8,1.0,0.39,8.19,0.0,0.0,6/4/2024,Cash,8.7
1956,1956,New York,New York,Member,Male,Food & Beverages,Food & Beverages,5.2,4.0,1.04,21.84,0.0,0.0,6/4/2024,Ewallet,8.5
1957,1957,Los Angeles,Los Angeles,Member,Male,Food & Beverages,Food & Beverages,5.9,4.0,1.18,24.78,0.0,0.0,6/4/2024,Ewallet,9.2
1958,1958,New York,New York,Member,Male,Fashion & Accs,Fashion & Accs,9.95,1.0,0.5,10.45,0.0,0.0,6/4/2024,Cash,8.8
1959,1959,Los Angeles,Los Angeles,Normal,Male,Food & Beverages,Food & Beverages,6.87,5.0,1.72,36.07,0.0,0.0,6/4/2024,Credit card,7.7
1960,1960,Chicago,Chicago,Normal,Female,Food & Beverages,Food & Beverages,3.05,4.0,0.61,12.81,0.0,0.0,6/4/2024,Ewallet,7.4
1961,1961,Los Angeles,Los Angeles,Normal,Male,Sports & Travel,Sports & Travel,66.99,3.0,10.05,211.02,0.0,0.0,6/4/2024,Cash,8.9
1962,1962,Los Angeles,Los Angeles,Normal,Male,Food & Beverages,Food & Beverages,7.34,1.0,0.37,7.71,0.0,0.0,6/4/2024,Credit card,8.8
1963,1963,Los Angeles,Los Angeles,Normal,Male,Health & Beauty,Health & Beauty,23.87,2.0,2.39,50.13,0.0,0.0,6/4/2024,Cash,5.3
1964,1964,New York,New York,Member,Female,Food & Beverages,Food & Beverages,6.39,2.0,0.64,13.42,0.0,0.0,6/5/2024,Cash,8.2
1965,1965,Los Angeles,Los Angeles,Normal,Female,Health & Beauty,Health & Beauty,34.48,2.0,3.45,72.41,0.0,0.0,6/5/2024,Ewallet,4.5
1966,1966,Chicago,Chicago,Normal,Female,Electronics,Electronics,88.12,1.0,4.41,92.53,0.0,0.0,6/5/2024,Ewallet,6.8
1967,1967,Chicago,Chicago,Member,Male,Home & Lifestyle,Home & Lifestyle,62.53,1.0,3.13,65.66,0.0,0.0,6/5/2024,Cash,6.7
1968,1968,Los Angeles,Los Angeles,Normal,Male,Home & Lifestyle,Home & Lifestyle,62.89,5.0,15.72,330.17,0.0,0.0,6/5/2024,Ewallet,4.9
1969,1969,Chicago,Chicago,Member,Male,Fashion & Accs,Fashion & Accs,19.0,1.0,0.95,19.95,0.0,0.0,6/5/2024,Cash,9.1
1970,1970,Chicago,Chicago,Member,Female,Food & Beverages,Food & Beverages,7.46,1.0,0.37,7.83,0.0,0.0,6/5/2024,Cash,8.9
1971,1971,Los Angeles,Los Angeles,Normal,Female,Sports & Travel,Sports & Travel,47.83,2.0,4.78,100.44,0.0,0.0,6/5/2024,Ewallet,8.0
1972,1972,New York,New York,Member,Female,Health & Beauty,Health & Beauty,18.15,2.0,1.82,38.12,0.0,0.0,6/5/2024,Ewallet,6.0
1973,1973,Chicago,Chicago,Normal,Male,Food & Beverages,Food & Beverages,4.48,3.0,0.67,14.11,0.0,0.0,6/5/2024,Cash,8.1
1974,1974,Los Angeles,Los Angeles,Member,Male,Home & Lifestyle,Home & Lifestyle,64.48,3.0,9.67,203.11,0.0,0.0,6/5/2024,Credit card,6.4
1975,1975,New York,New York,Normal,Female,Food & Beverages,Food & Beverages,5.51,1.0,0.28,5.79,0.0,0.0,6/5/2024,Ewallet,8.2
1976,1976,Chicago,Chicago,Member,Female,Food & Beverages,Food & Beverages,5.27,3.0,0.79,16.6,0.0,0.0,6/5/2024,Cash,7.8
1977,1977,Chicago,Chicago,Normal,Male,Health & Beauty,Health & Beauty,20.53,3.0,3.08,64.67,0.0,0.0,6/5/2024,Cash,7.9
1978,1978,New York,New York,Normal,Male,Health & Beauty,Health & Beauty,33.88,1.0,1.69,35.57,0.0,0.0,6/5/2024,Cash,7.8
1979,1979,Chicago,Chicago,Member,Female,Food & Beverages,Food & Beverages,6.25,2.0,0.62,13.12,0.0,0.0,6/5/2024,Cash,7.3
1980,1980,New York,New York,Normal,Female,Home & Lifestyle,Home & Lifestyle,70.36,3.0,10.55,221.63,0.0,0.0,6/5/2024,Ewallet,7.8
1981,1981,Los Angeles,Los Angeles,Member,Male,Fashion & Accs,Fashion & Accs,19.41,2.0,1.94,40.76,0.0,0.0,6/5/2024,Credit card,8.3
1982,1982,New York,New York,Normal,Female,Home & Lifestyle,Home & Lifestyle,57.03,4.0,11.41,239.53,0.0,0.0,6/5/2024,Cash,6.4
1983,1983,Chicago,Chicago,Normal,Male,Fashion & Accs,Fashion & Accs,11.44,1.0,0.57,12.01,0.0,0.0,6/6/2024,Ewallet,8.4
1984,1984,New York,New York,Normal,Female,Fashion & Accs,Fashion & Accs,16.89,3.0,2.53,53.2,0.0,0.0,6/6/2024,Ewallet,5.4
1985,1985,Los Angeles,Los Angeles,Normal,Female,Food & Beverages,Food & Beverages,6.91,3.0,1.04,21.77,0.0,0.0,6/6/2024,Cash,6.0
1986,1986,Los Angeles,Los Angeles,Normal,Female,Fashion & Accs,Fashion & Accs,11.36,1.0,0.57,11.93,0.0,0.0,6/6/2024,Credit card,6.6
1987,1987,Chicago,Chicago,Normal,Male,Home & Lifestyle,Home & Lifestyle,66.12,2.0,6.61,138.85,0.0,0.0,6/6/2024,Ewallet,8.0
1988,1988,Los Angeles,Los Angeles,Normal,Male,Food & Beverages,Food & Beverages,2.46,5.0,0.62,12.92,0.0,0.0,6/6/2024,Credit card,7.7
1989,1989,Los Angeles,Los Angeles,Normal,Male,Food & Beverages,Food & Beverages,3.77,2.0,0.38,7.92,0.0,0.0,6/6/2024,Credit card,7.7
1990,1990,Chicago,Chicago,Normal,Male,Food & Beverages,Food & Beverages,4.24,1.0,0.21,4.45,0.0,0.0,6/6/2024,Credit card,8.4
1991,1991,Los Angeles,Los Angeles,Normal,Male,Home & Lifestyle,Home & Lifestyle,74.29,4.0,14.86,312.02,0.0,0.0,6/6/2024,Credit card,5.5
1992,1992,Los Angeles,Los Angeles,Normal,Female,Fashion & Accs,Fashion & Accs,11.99,1.0,0.6,12.59,0.0,0.0,6/6/2024,Cash,9.8
1993,1993,Chicago,Chicago,Member,Male,Food & Beverages,Food & Beverages,3.92,2.0,0.39,8.23,0.0,0.0,6/6/2024,Ewallet,7.7
1994,1994,Chicago,Chicago,Normal,Female,Fashion & Accs,Fashion & Accs,8.56,2.0,0.86,17.98,0.0,0.0,6/6/2024,Ewallet,6.7
1995,1995,Chicago,Chicago,Normal,Female,Home & Lifestyle,Home & Lifestyle,67.76,5.0,16.94,355.74,0.0,0.0,6/6/2024,Ewallet,8.0
1996,1996,Chicago,Chicago,Member,Female,Food & Beverages,Food & Beverages,4.28,1.0,0.21,4.49,0.0,0.0,6/6/2024,Ewallet,6.8
1997,1997,Chicago,Chicago,Normal,Female,Food & Beverages,Food & Beverages,6.59,3.0,0.99,20.76,0.0,0.0,6/6/2024,Cash,7.5
1998,1998,Chicago,Chicago,Normal,Male,Food & Beverages,Food & Beverages,4.07,3.0,0.61,12.82,0.0,0.0,6/7/2024,Cash,5.6
1999,1999,Chicago,Chicago,Normal,Female,Food & Beverages,Food & Beverages,6.43,5.0,1.61,33.76,0.0,0.0,6/7/2024,Credit card,7.6
2000,2000,Los Angeles,Los Angeles,Normal,Male,Food & Beverages,Food & Beverages,4.4,4.0,0.88,18.48,0.0,0.0,6/7/2024,Cash,7.3
2001,2001,Los Angeles,Los Angeles,Normal,Female,Home & Lifestyle,Home & Lifestyle,61.34,1.0,3.07,64.41,0.0,0.0,6/7/2024,Cash,8.3
2002,2002,Chicago,Chicago,Normal,Male,Fashion & Accs,Fashion & Accs,13.33,3.0,2.0,41.99,0.0,0.0,6/7/2024,Ewallet,7.0
2003,2003,New York,New York,Normal,Male,Food & Beverages,Food & Beverages,6.2,2.0,0.62,13.02,0.0,0.0,6/7/2024,Ewallet,7.5
2004,2004,Los Angeles,Los Angeles,Normal,Female,Sports & Travel,Sports & Travel,53.13,2.0,5.31,111.57,0.0,0.0,6/7/2024,Credit card,7.0
2005,2005,Chicago,Chicago,Normal,Female,Food & Beverages,Food & Beverages,7.28,5.0,1.82,38.22,0.0,0.0,6/7/2024,Credit card,7.4
2006,2006,Los Angeles,Los Angeles,Member,Male,Food & Beverages,Food & Beverages,4.74,2.0,0.47,9.95,0.0,0.0,6/7/2024,Ewallet,8.0
2007,2007,Chicago,Chicago,Member,Male,Food & Beverages,Food & Beverages,6.57,3.0,0.99,20.7,0.0,0.0,6/7/2024,Cash,7.3
2008,2008,New York,New York,Normal,Male,Food & Beverages,Food & Beverages,4.54,2.0,0.45,9.53,0.0,0.0,6/7/2024,Ewallet,5.4
2009,2009,New York,New York,Member,Male,Health & Beauty,Health & Beauty,30.61,1.0,1.53,32.14,0.0,0.0,6/7/2024,Ewallet,6.9
2010,2010,Chicago,Chicago,Member,Female,Food & Beverages,Food & Beverages,6.35,2.0,0.64,13.34,0.0,0.0,6/7/2024,Cash,6.2
2011,2011,New York,New York,Normal,Male,Home & Lifestyle,Home & Lifestyle,63.0,4.0,12.6,264.6,0.0,0.0,6/7/2024,Cash,6.9
2012,2012,Chicago,Chicago,Member,Female,Home & Lifestyle,Home & Lifestyle,56.67,2.0,5.67,119.01,0.0,0.0,6/8/2024,Ewallet,7.3
2013,2013,New York,New York,Normal,Female,Health & Beauty,Health & Beauty,23.25,3.0,3.49,73.24,0.0,0.0,6/8/2024,Cash,5.1
2014,2014,Los Angeles,Los Angeles,Member,Female,Sports & Travel,Sports & Travel,69.24,3.0,10.39,218.11,0.0,0.0,6/8/2024,Cash,8.8
2015,2015,Los Angeles,Los Angeles,Member,Male,Sports & Travel,Sports & Travel,49.08,3.0,7.36,154.6,0.0,0.0,6/8/2024,Cash,6.5
2016,2016,New York,New York,Normal,Male,Food & Beverages,Food & Beverages,7.4,3.0,1.11,23.31,0.0,0.0,6/8/2024,Ewallet,7.8
2017,2017,New York,New York,Normal,Female,Sports & Travel,Sports & Travel,59.01,1.0,2.95,61.96,0.0,0.0,6/8/2024,Ewallet,5.6
2018,2018,Los Angeles,Los Angeles,Member,Female,Health & Beauty,Health & Beauty,28.07,3.0,4.21,88.42,0.0,0.0,6/8/2024,Cash,7.1
2019,2019,Los Angeles,Los Angeles,Normal,Male,Food & Beverages,Food & Beverages,5.39,4.0,1.08,22.64,0.0,0.0,6/8/2024,Cash,7.8
2020,2020,Chicago,Chicago,Normal,Male,Food & Beverages,Food & Beverages,7.3,4.0,1.46,30.66,0.0,0.0,6/8/2024,Cash,8.2
2021,2021,Chicago,Chicago,Normal,Male,Food & Beverages,Food & Beverages,6.98,3.0,1.05,21.99,0.0,0.0,6/8/2024,Ewallet,7.3
2022,2022,New York,New York,Normal,Male,Sports & Travel,Sports & Travel,71.83,1.0,3.59,75.42,0.0,0.0,6/8/2024,Ewallet,6.3
2023,2023,Los Angeles,Los Angeles,Member,Male,Health & Beauty,Health & Beauty,18.51,2.0,1.85,38.87,0.0,0.0,6/8/2024,Cash,7.7
2024,2024,Chicago,Chicago,Normal,Female,Fashion & Accs,Fashion & Accs,17.91,3.0,2.69,56.42,0.0,0.0,6/8/2024,Credit card,8.9
2025,2025,Los Angeles,Los Angeles,Normal,Male,Health & Beauty,Health & Beauty,24.29,1.0,1.21,25.5,0.0,0.0,6/9/2024,Credit card,7.5
2026,2026,Chicago,Chicago,Normal,Male,Health & Beauty,Health & Beauty,33.52,4.0,6.7,140.78,0.0,0.0,6/9/2024,Ewallet,7.4
2027,2027,New York,New York,Member,Male,Food & Beverages,Food & Beverages,2.89,3.0,0.43,9.1,0.0,0.0,6/9/2024,Ewallet,9.6
2028,2028,Chicago,Chicago,Normal,Female,Food & Beverages,Food & Beverages,7.62,2.0,0.76,16.0,0.0,0.0,6/9/2024,Ewallet,7.0
2029,2029,New York,New York,Normal,Male,Sports & Travel,Sports & Travel,58.84,1.0,2.94,61.78,0.0,0.0,6/9/2024,Credit card,6.9
2030,2030,Chicago,Chicago,Member,Male,Food & Beverages,Food & Beverages,3.17,2.0,0.32,6.66,0.0,0.0,6/9/2024,Ewallet,9.2
2031,2031,Los Angeles,Los Angeles,Member,Male,Food & Beverages,Food & Beverages,4.24,2.0,0.42,8.9,0.0,0.0,6/9/2024,Cash,8.5
2032,2032,Chicago,Chicago,Normal,Male,Home & Lifestyle,Home & Lifestyle,52.56,5.0,13.14,275.94,0.0,0.0,6/9/2024,Cash,6.9
2033,2033,Chicago,Chicago,Normal,Female,Sports & Travel,Sports & Travel,56.97,1.0,2.85,59.82,0.0,0.0,6/9/2024,Ewallet,6.1
2034,2034,Los Angeles,Los Angeles,Normal,Male,Health & Beauty,Health & Beauty,34.56,2.0,3.46,72.58,0.0,0.0,6/9/2024,Cash,7.5
2035,2035,New York,New York,Normal,Female,Electronics,Electronics,96.62,1.0,4.83,101.45,0.0,0.0,6/9/2024,Ewallet,7.4
2036,2036,Chicago,Chicago,Normal,Male,Fashion & Accs,Fashion & Accs,11.68,2.0,1.17,24.53,0.0,0.0,6/9/2024,Cash,7.5
2037,2037,Los Angeles,Los Angeles,Member,Male,Food & Beverages,Food & Beverages,4.89,3.0,0.73,15.4,0.0,0.0,6/10/2024,Ewallet,6.2
2038,2038,Chicago,Chicago,Member,Female,Sports & Travel,Sports & Travel,65.41,3.0,9.81,206.04,0.0,0.0,6/10/2024,Cash,7.4
2039,2039,Los Angeles,Los Angeles,Normal,Male,Food & Beverages,Food & Beverages,6.0,3.0,0.9,18.9,0.0,0.0,6/10/2024,Cash,8.3
2040,2040,Los Angeles,Los Angeles,Normal,Male,Food & Beverages,Food & Beverages,6.53,4.0,1.31,27.43,0.0,0.0,6/10/2024,Cash,8.8
2041,2041,New York,New York,Member,Female,Health & Beauty,Health & Beauty,27.05,4.0,5.41,113.61,0.0,0.0,6/10/2024,Cash,6.3
2042,2042,New York,New York,Member,Female,Home & Lifestyle,Home & Lifestyle,56.14,4.0,11.23,235.79,0.0,0.0,6/10/2024,Ewallet,7.2
2043,2043,Chicago,Chicago,Normal,Female,Food & Beverages,Food & Beverages,4.3,2.0,0.43,9.03,0.0,0.0,6/10/2024,Ewallet,7.3
2044,2044,Chicago,Chicago,Member,Female,Health & Beauty,Health & Beauty,30.9,1.0,1.54,32.44,0.0,0.0,6/10/2024,Credit card,7.1
2045,2045,Chicago,Chicago,Member,Female,Home & Lifestyle,Home & Lifestyle,67.67,1.0,3.38,71.05,0.0,0.0,6/10/2024,Cash,7.4
2046,2046,Chicago,Chicago,Normal,Female,Home & Lifestyle,Home & Lifestyle,70.94,3.0,10.64,223.46,0.0,0.0,6/10/2024,Cash,5.5
2047,2047,Los Angeles,Los Angeles,Member,Male,Food & Beverages,Food & Beverages,4.07,4.0,0.81,17.09,0.0,0.0,6/11/2024,Ewallet,6.6
2048,2048,Chicago,Chicago,Normal,Female,Health & Beauty,Health & Beauty,25.25,3.0,3.79,79.54,0.0,0.0,6/11/2024,Cash,9.2
2049,2049,Chicago,Chicago,Normal,Female,Food & Beverages,Food & Beverages,5.57,4.0,1.11,23.39,0.0,0.0,6/11/2024,Ewallet,7.2
2050,2050,New York,New York,Normal,Male,Health & Beauty,Health & Beauty,25.6,1.0,1.28,26.88,0.0,0.0,6/11/2024,Ewallet,6.5
2051,2051,Chicago,Chicago,Member,Male,Food & Beverages,Food & Beverages,3.35,3.0,0.5,10.55,0.0,0.0,6/11/2024,Cash,7.4
2052,2052,Los Angeles,Los Angeles,Normal,Male,Fashion & Accs,Fashion & Accs,15.68,2.0,1.57,32.93,0.0,0.0,6/11/2024,Credit card,6.7
2053,2053,New York,New York,Normal,Female,Food & Beverages,Food & Beverages,3.6,5.0,0.9,18.9,0.0,0.0,6/11/2024,Cash,6.8
2054,2054,Los Angeles,Los Angeles,Normal,Female,Fashion & Accs,Fashion & Accs,10.2,2.0,1.02,21.42,0.0,0.0,6/11/2024,Ewallet,5.6
2055,2055,Chicago,Chicago,Normal,Male,Health & Beauty,Health & Beauty,23.09,1.0,1.15,24.24,0.0,0.0,6/11/2024,Cash,8.4
2056,2056,New York,New York,Member,Male,Health & Beauty,Health & Beauty,23.06,3.0,3.46,72.64,0.0,0.0,6/12/2024,Ewallet,8.1
2057,2057,Los Angeles,Los Angeles,Member,Female,Fashion & Accs,Fashion & Accs,17.57,2.0,1.76,36.9,0.0,0.0,6/12/2024,Credit card,6.4
2058,2058,New York,New York,Member,Female,Food & Beverages,Food & Beverages,4.69,3.0,0.7,14.77,0.0,0.0,6/12/2024,Cash,8.9
2059,2059,Los Angeles,Los Angeles,Normal,Male,Fashion & Accs,Fashion & Accs,9.97,3.0,1.5,31.41,0.0,0.0,6/12/2024,Ewallet,7.2
2060,2060,Chicago,Chicago,Normal,Male,Food & Beverages,Food & Beverages,4.75,2.0,0.48,9.98,0.0,0.0,6/12/2024,Cash,7.7
2061,2061,Los Angeles,Los Angeles,Member,Male,Sports & Travel,Sports & Travel,74.12,2.0,7.41,155.65,0.0,0.0,6/12/2024,Ewallet,8.9
2062,2062,Los Angeles,Los Angeles,Member,Female,Food & Beverages,Food & Beverages,3.81,3.0,0.57,12.0,0.0,0.0,6/12/2024,Ewallet,5.4
2063,2063,Chicago,Chicago,Normal,Female,Home & Lifestyle,Home & Lifestyle,70.37,2.0,7.04,147.78,0.0,0.0,6/12/2024,Cash,8.0
2064,2064,Los Angeles,Los Angeles,Normal,Male,Electronics,Electronics,75.96,1.0,3.8,79.76,0.0,0.0,6/13/2024,Ewallet,6.7
2065,2065,New York,New York,Normal,Female,Food & Beverages,Food & Beverages,5.37,3.0,0.81,16.92,0.0,0.0,6/13/2024,Cash,6.1
2066,2066,Chicago,Chicago,Member,Female,Fashion & Accs,Fashion & Accs,13.26,1.0,0.66,13.92,0.0,0.0,6/13/2024,Ewallet,5.7
2067,2067,Los Angeles,Los Angeles,Normal,Female,Food & Beverages,Food & Beverages,4.72,3.0,0.71,14.87,0.0,0.0,6/13/2024,Cash,8.7
2068,2068,New York,New York,Member,Female,Fashion & Accs,Fashion & Accs,7.75,1.0,0.39,8.14,0.0,0.0,6/13/2024,Ewallet,7.2
2069,2069,Los Angeles,Los Angeles,Normal,Female,Sports & Travel,Sports & Travel,59.6,1.0,2.98,62.58,0.0,0.0,6/13/2024,Credit card,8.4
2070,2070,Los Angeles,Los Angeles,Member,Female,Fashion & Accs,Fashion & Accs,10.28,1.0,0.51,10.79,0.0,0.0,6/13/2024,Cash,8.3
2071,2071,Los Angeles,Los Angeles,Member,Male,Fashion & Accs,Fashion & Accs,16.61,1.0,0.83,17.44,0.0,0.0,6/13/2024,Cash,8.7
2072,2072,Chicago,Chicago,Member,Female,Sports & Travel,Sports & Travel,44.24,2.0,4.42,92.9,0.0,0.0,6/13/2024,Cash,7.8
2073,2073,New York,New York,Member,Female,Fashion & Accs,Fashion & Accs,13.96,2.0,1.4,29.32,0.0,0.0,6/13/2024,Cash,6.0
2074,2074,New York,New York,Member,Female,Fashion & Accs,Fashion & Accs,6.58,1.0,0.33,6.91,0.0,0.0,6/14/2024,Ewallet,7.1
2075,2075,Los Angeles,Los Angeles,Member,Male,Health & Beauty,Health & Beauty,33.45,3.0,5.02,105.37,0.0,0.0,6/14/2024,Cash,8.7
2076,2076,Los Angeles,Los Angeles,Normal,Female,Sports & Travel,Sports & Travel,49.6,1.0,2.48,52.08,0.0,0.0,6/14/2024,Cash,6.1
2077,2077,Los Angeles,Los Angeles,Normal,Female,Home & Lifestyle,Home & Lifestyle,66.63,1.0,3.33,69.96,0.0,0.0,6/14/2024,Cash,7.0
2078,2078,Chicago,Chicago,Normal,Male,Food & Beverages,Food & Beverages,4.37,4.0,0.87,18.35,0.0,0.0,6/14/2024,Cash,9.3
2079,2079,Los Angeles,Los Angeles,Member,Female,Food & Beverages,Food & Beverages,4.39,1.0,0.22,4.61,0.0,0.0,6/14/2024,Cash,8.9
2080,2080,Los Angeles,Los Angeles,Member,Female,Home & Lifestyle,Home & Lifestyle,56.22,4.0,11.24,236.12,0.0,0.0,6/14/2024,Cash,8.6
2081,2081,Los Angeles,Los Angeles,Member,Female,Health & Beauty,Health & Beauty,20.49,2.0,2.05,43.03,0.0,0.0,6/14/2024,Cash,8.9
2082,2082,Chicago,Chicago,Normal,Female,Food & Beverages,Food & Beverages,5.41,4.0,1.08,22.72,0.0,0.0,6/14/2024,Ewallet,8.4
2083,2083,Los Angeles,Los Angeles,Normal,Female,Food & Beverages,Food & Beverages,4.73,6.0,1.42,29.8,0.0,0.0,6/14/2024,Ewallet,8.4
2084,2084,Los Angeles,Los Angeles,Normal,Male,Fashion & Accs,Fashion & Accs,13.56,1.0,0.68,14.24,0.0,0.0,6/14/2024,Ewallet,7.2
2085,2085,New York,New York,Normal,Male,Food & Beverages,Food & Beverages,7.55,6.0,2.26,47.56,0.0,0.0,6/15/2024,Ewallet,9.3
2086,2086,Chicago,Chicago,Normal,Male,Food & Beverages,Food & Beverages,6.85,2.0,0.68,14.38,0.0,0.0,6/15/2024,Cash,6.9
2087,2087,New York,New York,Normal,Male,Health & Beauty,Health & Beauty,26.68,2.0,2.67,56.03,0.0,0.0,6/15/2024,Cash,6.4
2088,2088,New York,New York,Member,Female,Food & Beverages,Food & Beverages,6.08,3.0,0.91,19.15,0.0,0.0,6/15/2024,Cash,9.8
2089,2089,Los Angeles,Los Angeles,Normal,Female,Food & Beverages,Food & Beverages,7.68,5.0,1.92,40.32,0.0,0.0,6/15/2024,Cash,9.5
2090,2090,Chicago,Chicago,Normal,Female,Electronics,Electronics,80.74,2.0,8.07,169.55,0.0,0.0,6/15/2024,Credit card,6.8
2091,2091,New York,New York,Normal,Male,Sports & Travel,Sports & Travel,54.37,2.0,5.44,114.18,0.0,0.0,6/15/2024,Ewallet,6.8
2092,2092,New York,New York,Normal,Female,Home & Lifestyle,Home & Lifestyle,47.71,1.0,2.39,50.1,0.0,0.0,6/15/2024,Cash,8.1
2093,2093,Los Angeles,Los Angeles,Normal,Male,Food & Beverages,Food & Beverages,7.32,5.0,1.83,38.43,0.0,0.0,6/15/2024,Cash,9.0
2094,2094,Los Angeles,Los Angeles,Normal,Male,Health & Beauty,Health & Beauty,31.6,4.0,6.32,132.72,0.0,0.0,6/15/2024,Ewallet,6.0
2095,2095,New York,New York,Normal,Female,Home & Lifestyle,Home & Lifestyle,73.46,2.0,7.35,154.27,0.0,0.0,6/15/2024,Ewallet,8.8
2096,2096,Los Angeles,Los Angeles,Member,Female,Food & Beverages,Food & Beverages,7.54,1.0,0.38,7.92,0.0,0.0,6/15/2024,Ewallet,8.6
2097,2097,Chicago,Chicago,Normal,Female,Health & Beauty,Health & Beauty,38.29,1.0,1.91,40.2,0.0,0.0,6/15/2024,Ewallet,7.3
2098,2098,Chicago,Chicago,Normal,Female,Home & Lifestyle,Home & Lifestyle,67.45,2.0,6.75,141.65,0.0,0.0,6/15/2024,Credit card,6.7
2099,2099,Los Angeles,Los Angeles,Member,Male,Food & Beverages,Food & Beverages,5.81,3.0,0.87,18.3,0.0,0.0,6/15/2024,Cash,9.1
2100,2100,New York,New York,Member,Female,Home & Lifestyle,Home & Lifestyle,56.69,1.0,2.83,59.52,0.0,0.0,6/15/2024,Ewallet,7.6
2101,2101,New York,New York,Member,Female,Food & Beverages,Food & Beverages,5.03,2.0,0.5,10.56,0.0,0.0,6/15/2024,Ewallet,7.5
2102,2102,Los Angeles,Los Angeles,Normal,Female,Food & Beverages,Food & Beverages,6.93,2.0,0.69,14.55,0.0,0.0,6/15/2024,Ewallet,7.8
2103,2103,Los Angeles,Los Angeles,Normal,Female,Sports & Travel,Sports & Travel,67.2,1.0,3.36,70.56,0.0,0.0,6/16/2024,Ewallet,7.2
2104,2104,New York,New York,Normal,Female,Food & Beverages,Food & Beverages,6.99,1.0,0.35,7.34,0.0,0.0,6/16/2024,Cash,8.0
2105,2105,New York,New York,Normal,Male,Sports & Travel,Sports & Travel,45.1,3.0,6.76,142.06,0.0,0.0,6/16/2024,Ewallet,6.2
2106,2106,Los Angeles,Los Angeles,Member,Male,Sports & Travel,Sports & Travel,46.14,1.0,2.31,48.45,0.0,0.0,6/16/2024,Ewallet,7.9
2107,2107,Chicago,Chicago,Normal,Male,Electronics,Electronics,88.25,1.0,4.41,92.66,0.0,0.0,6/16/2024,Credit card,8.5
2108,2108,Los Angeles,Los Angeles,Member,Male,Food & Beverages,Food & Beverages,5.1,4.0,1.02,21.42,0.0,0.0,6/16/2024,Ewallet,8.1
2109,2109,Los Angeles,Los Angeles,Normal,Female,Home & Lifestyle,Home & Lifestyle,56.23,2.0,5.62,118.08,0.0,0.0,6/16/2024,Credit card,4.9
2110,2110,New York,New York,Member,Female,Health & Beauty,Health & Beauty,30.11,3.0,4.52,94.85,0.0,0.0,6/16/2024,Cash,7.2
2111,2111,Los Angeles,Los Angeles,Normal,Male,Electronics,Electronics,87.54,1.0,4.38,91.92,0.0,0.0,6/16/2024,Ewallet,9.4
2112,2112,New York,New York,Normal,Male,Fashion & Accs,Fashion & Accs,10.23,3.0,1.53,32.22,0.0,0.0,6/16/2024,Credit card,7.9
2113,2113,Chicago,Chicago,Normal,Male,Electronics,Electronics,80.78,2.0,8.08,169.64,0.0,0.0,6/16/2024,Cash,6.8
2114,2114,Los Angeles,Los Angeles,Normal,Male,Home & Lifestyle,Home & Lifestyle,74.86,1.0,3.74,78.6,0.0,0.0,6/16/2024,Ewallet,8.0
2115,2115,Los Angeles,Los Angeles,Normal,Female,Food & Beverages,Food & Beverages,7.0,1.0,0.35,7.35,0.0,0.0,6/17/2024,Cash,6.2
2116,2116,Los Angeles,Los Angeles,Normal,Male,Electronics,Electronics,90.57,2.0,9.06,190.2,0.0,0.0,6/17/2024,Credit card,8.2
2117,2117,Los Angeles,Los Angeles,Normal,Male,Fashion & Accs,Fashion & Accs,10.0,3.0,1.5,31.5,0.0,0.0,6/17/2024,Credit card,8.5
2118,2118,Chicago,Chicago,Member,Male,Home & Lifestyle,Home & Lifestyle,61.15,4.0,12.23,256.83,0.0,0.0,6/17/2024,Ewallet,8.5
2119,2119,Chicago,Chicago,Member,Male,Food & Beverages,Food & Beverages,4.56,3.0,0.68,14.36,0.0,0.0,6/17/2024,Credit card,9.8
2120,2120,Chicago,Chicago,Normal,Female,Home & Lifestyle,Home & Lifestyle,67.29,4.0,13.46,282.62,0.0,0.0,6/17/2024,Credit card,8.0
2121,2121,New York,New York,Normal,Female,Sports & Travel,Sports & Travel,61.98,3.0,9.3,195.24,0.0,0.0,6/17/2024,Ewallet,7.5
2122,2122,New York,New York,Normal,Female,Home & Lifestyle,Home & Lifestyle,67.48,5.0,16.87,354.27,0.0,0.0,6/17/2024,Cash,8.7
2123,2123,New York,New York,Member,Female,Food & Beverages,Food & Beverages,4.0,1.0,0.2,4.2,0.0,0.0,6/17/2024,Credit card,7.6
2124,2124,Los Angeles,Los Angeles,Member,Male,Food & Beverages,Food & Beverages,6.05,1.0,0.3,6.35,0.0,0.0,6/17/2024,Credit card,8.5
2125,2125,Los Angeles,Los Angeles,Normal,Male,Food & Beverages,Food & Beverages,7.1,3.0,1.06,22.36,0.0,0.0,6/17/2024,Ewallet,7.1
2126,2126,New York,New York,Normal,Male,Food & Beverages,Food & Beverages,5.23,3.0,0.78,16.47,0.0,0.0,6/18/2024,Credit card,8.1
2127,2127,Los Angeles,Los Angeles,Normal,Male,Home & Lifestyle,Home & Lifestyle,69.2,4.0,13.84,290.64,0.0,0.0,6/18/2024,Ewallet,7.5
2128,2128,Los Angeles,Los Angeles,Normal,Female,Home & Lifestyle,Home & Lifestyle,50.9,2.0,5.09,106.89,0.0,0.0,6/18/2024,Cash,6.0
2129,2129,New York,New York,Normal,Female,Electronics,Electronics,93.8,1.0,4.69,98.49,0.0,0.0,6/18/2024,Ewallet,7.8
2130,2130,Chicago,Chicago,Normal,Male,Food & Beverages,Food & Beverages,7.23,2.0,0.72,15.18,0.0,0.0,6/18/2024,Credit card,8.8
2131,2131,Chicago,Chicago,Normal,Female,Health & Beauty,Health & Beauty,34.92,4.0,6.98,146.66,0.0,0.0,6/18/2024,Ewallet,8.3
2132,2132,Chicago,Chicago,Normal,Male,Food & Beverages,Food & Beverages,3.98,2.0,0.4,8.36,0.0,0.0,6/18/2024,Cash,6.9
2133,2133,Chicago,Chicago,Member,Female,Electronics,Electronics,96.4,2.0,9.64,202.44,0.0,0.0,6/18/2024,Ewallet,8.0
2134,2134,Los Angeles,Los Angeles,Member,Female,Sports & Travel,Sports & Travel,69.24,2.0,6.92,145.4,0.0,0.0,6/18/2024,Credit card,4.9
2135,2135,Los Angeles,Los Angeles,Normal,Male,Food & Beverages,Food & Beverages,2.32,3.0,0.35,7.31,0.0,0.0,6/18/2024,Ewallet,5.9
2136,2136,New York,New York,Member,Female,Food & Beverages,Food & Beverages,6.71,3.0,1.01,21.14,0.0,0.0,6/19/2024,Cash,7.0
2137,2137,Chicago,Chicago,Normal,Female,Food & Beverages,Food & Beverages,4.16,3.0,0.62,13.1,0.0,0.0,6/19/2024,Ewallet,8.2
2138,2138,Chicago,Chicago,Normal,Male,Food & Beverages,Food & Beverages,5.28,3.0,0.79,16.63,0.0,0.0,6/19/2024,Credit card,8.2
2139,2139,Los Angeles,Los Angeles,Normal,Female,Health & Beauty,Health & Beauty,38.16,1.0,1.91,40.07,0.0,0.0,6/19/2024,Ewallet,6.9
2140,2140,Los Angeles,Los Angeles,Normal,Female,Home & Lifestyle,Home & Lifestyle,70.07,5.0,17.52,367.87,0.0,0.0,6/19/2024,Ewallet,7.4
2141,2141,New York,New York,Normal,Male,Health & Beauty,Health & Beauty,17.49,2.0,1.75,36.73,0.0,0.0,6/19/2024,Credit card,6.8
2142,2142,New York,New York,Member,Female,Health & Beauty,Health & Beauty,33.35,2.0,3.34,70.04,0.0,0.0,6/19/2024,Ewallet,7.7
2143,2143,Los Angeles,Los Angeles,Member,Female,Food & Beverages,Food & Beverages,4.95,3.0,0.74,15.59,0.0,0.0,6/19/2024,Credit card,7.0
2144,2144,Los Angeles,Los Angeles,Normal,Male,Health & Beauty,Health & Beauty,32.59,3.0,4.89,102.66,0.0,0.0,6/20/2024,Ewallet,7.2
2145,2145,Los Angeles,Los Angeles,Normal,Female,Home & Lifestyle,Home & Lifestyle,55.89,2.0,5.59,117.37,0.0,0.0,6/20/2024,Credit card,7.3
2146,2146,Los Angeles,Los Angeles,Normal,Female,Home & Lifestyle,Home & Lifestyle,71.64,3.0,10.75,225.67,0.0,0.0,6/20/2024,Credit card,6.5
2147,2147,Chicago,Chicago,Member,Male,Health & Beauty,Health & Beauty,33.53,3.0,5.03,105.62,0.0,0.0,6/20/2024,Ewallet,7.5
2148,2148,Chicago,Chicago,Member,Female,Health & Beauty,Health & Beauty,23.41,1.0,1.17,24.58,0.0,0.0,6/20/2024,Credit card,5.7
2149,2149,New York,New York,Normal,Female,Food & Beverages,Food & Beverages,7.5,2.0,0.75,15.75,0.0,0.0,6/20/2024,Cash,7.3
2150,2150,Los Angeles,Los Angeles,Normal,Female,Home & Lifestyle,Home & Lifestyle,72.37,2.0,7.24,151.98,0.0,0.0,6/20/2024,Ewallet,8.2
2151,2151,Los Angeles,Los Angeles,Normal,Female,Food & Beverages,Food & Beverages,5.26,5.0,1.32,27.62,0.0,0.0,6/21/2024,Cash,8.4
2152,2152,Chicago,Chicago,Normal,Male,Fashion & Accs,Fashion & Accs,14.25,3.0,2.14,44.89,0.0,0.0,6/21/2024,Credit card,8.1
2153,2153,Los Angeles,Los Angeles,Normal,Male,Home & Lifestyle,Home & Lifestyle,67.09,3.0,10.06,211.33,0.0,0.0,6/21/2024,Ewallet,6.3
2154,2154,Los Angeles,Los Angeles,Normal,Male,Health & Beauty,Health & Beauty,27.7,3.0,4.16,87.26,0.0,0.0,6/21/2024,Credit card,6.2
2155,2155,Los Angeles,Los Angeles,Normal,Female,Food & Beverages,Food & Beverages,6.02,2.0,0.6,12.64,0.0,0.0,6/21/2024,Ewallet,7.5
2156,2156,Chicago,Chicago,Normal,Male,Home & Lifestyle,Home & Lifestyle,70.86,4.0,14.17,297.61,0.0,0.0,6/21/2024,Cash,6.4
2157,2157,Los Angeles,Los Angeles,Normal,Female,Electronics,Electronics,79.12,1.0,3.96,83.08,0.0,0.0,6/21/2024,Ewallet,7.7
2158,2158,Chicago,Chicago,Normal,Male,Food & Beverages,Food & Beverages,4.54,3.0,0.68,14.3,0.0,0.0,6/21/2024,Credit card,7.4
2159,2159,Los Angeles,Los Angeles,Member,Female,Fashion & Accs,Fashion & Accs,6.52,3.0,0.98,20.54,0.0,0.0,6/21/2024,Credit card,5.3
2160,2160,Los Angeles,Los Angeles,Normal,Female,Home & Lifestyle,Home & Lifestyle,48.6,5.0,12.15,255.15,0.0,0.0,6/21/2024,Cash,6.3
2161,2161,Chicago,Chicago,Normal,Female,Food & Beverages,Food & Beverages,4.13,1.0,0.21,4.34,0.0,0.0,6/21/2024,Ewallet,8.7
2162,2162,New York,New York,Normal,Male,Health & Beauty,Health & Beauty,20.56,3.0,3.08,64.76,0.0,0.0,6/21/2024,Ewallet,6.7
2163,2163,New York,New York,Member,Female,Food & Beverages,Food & Beverages,5.18,3.0,0.78,16.32,0.0,0.0,6/21/2024,Credit card,6.9
2164,2164,New York,New York,Normal,Female,Food & Beverages,Food & Beverages,5.99,1.0,0.3,6.29,0.0,0.0,6/22/2024,Cash,9.3
2165,2165,New York,New York,Normal,Male,Food & Beverages,Food & Beverages,2.24,4.0,0.45,9.41,0.0,0.0,6/22/2024,Cash,8.8
2166,2166,New York,New York,Member,Male,Home & Lifestyle,Home & Lifestyle,64.48,5.0,16.12,338.52,0.0,0.0,6/22/2024,Cash,7.3
2167,2167,Los Angeles,Los Angeles,Member,Male,Food & Beverages,Food & Beverages,4.42,3.0,0.66,13.92,0.0,0.0,6/22/2024,Cash,8.0
2168,2168,Los Angeles,Los Angeles,Normal,Male,Food & Beverages,Food & Beverages,7.3,5.0,1.83,38.33,0.0,0.0,6/22/2024,Cash,5.6
2169,2169,Los Angeles,Los Angeles,Member,Female,Health & Beauty,Health & Beauty,18.15,3.0,2.72,57.17,0.0,0.0,6/22/2024,Cash,8.5
2170,2170,Chicago,Chicago,Normal,Female,Health & Beauty,Health & Beauty,38.76,2.0,3.88,81.4,0.0,0.0,6/22/2024,Ewallet,6.9
2171,2171,New York,New York,Normal,Male,Food & Beverages,Food & Beverages,7.49,1.0,0.37,7.86,0.0,0.0,6/22/2024,Cash,7.1
2172,2172,Chicago,Chicago,Member,Female,Home & Lifestyle,Home & Lifestyle,69.49,1.0,3.47,72.96,0.0,0.0,6/22/2024,Ewallet,7.5
2173,2173,Los Angeles,Los Angeles,Normal,Male,Food & Beverages,Food & Beverages,5.41,3.0,0.81,17.04,0.0,0.0,6/22/2024,Ewallet,9.2
2174,2174,Chicago,Chicago,Normal,Female,Electronics,Electronics,87.31,2.0,8.73,183.35,0.0,0.0,6/22/2024,Ewallet,6.1
2175,2175,Chicago,Chicago,Member,Female,Health & Beauty,Health & Beauty,31.18,1.0,1.56,32.74,0.0,0.0,6/22/2024,Ewallet,8.7
2176,2176,Los Angeles,Los Angeles,Normal,Male,Health & Beauty,Health & Beauty,35.28,4.0,7.06,148.18,0.0,0.0,6/22/2024,Ewallet,8.1
2177,2177,Chicago,Chicago,Normal,Male,Food & Beverages,Food & Beverages,4.34,4.0,0.87,18.23,0.0,0.0,6/22/2024,Ewallet,7.7
2178,2178,New York,New York,Normal,Female,Food & Beverages,Food & Beverages,6.67,2.0,0.67,14.01,0.0,0.0,6/22/2024,Cash,9.1
2179,2179,Chicago,Chicago,Normal,Female,Food & Beverages,Food & Beverages,3.63,1.0,0.18,3.81,0.0,0.0,6/23/2024,Ewallet,7.4
2180,2180,Los Angeles,Los Angeles,Normal,Female,Sports & Travel,Sports & Travel,65.99,1.0,3.3,69.29,0.0,0.0,6/23/2024,Credit card,4.2
2181,2181,New York,New York,Normal,Female,Home & Lifestyle,Home & Lifestyle,66.27,5.0,16.57,347.92,0.0,0.0,6/23/2024,Ewallet,6.8
2182,2182,Los Angeles,Los Angeles,Normal,Male,Home & Lifestyle,Home & Lifestyle,65.32,2.0,6.53,137.17,0.0,0.0,6/23/2024,Ewallet,6.9
2183,2183,Los Angeles,Los Angeles,Normal,Male,Health & Beauty,Health & Beauty,35.49,4.0,7.1,149.06,0.0,0.0,6/23/2024,Credit card,9.1
2184,2184,New York,New York,Member,Male,Food & Beverages,Food & Beverages,5.88,3.0,0.88,18.52,0.0,0.0,6/23/2024,Ewallet,6.6
2185,2185,Los Angeles,Los Angeles,Normal,Male,Food & Beverages,Food & Beverages,6.88,4.0,1.38,28.9,0.0,0.0,6/23/2024,Credit card,7.6
2186,2186,Chicago,Chicago,Member,Female,Fashion & Accs,Fashion & Accs,12.13,2.0,1.21,25.47,0.0,0.0,6/23/2024,Cash,7.7
2187,2187,New York,New York,Member,Male,Health & Beauty,Health & Beauty,37.36,4.0,7.47,156.91,0.0,0.0,6/23/2024,Cash,7.6
2188,2188,Chicago,Chicago,Member,Male,Food & Beverages,Food & Beverages,6.88,1.0,0.34,7.22,0.0,0.0,6/23/2024,Cash,8.5
2189,2189,Chicago,Chicago,Member,Male,Food & Beverages,Food & Beverages,4.97,5.0,1.24,26.09,0.0,0.0,6/23/2024,Cash,9.8
2190,2190,Los Angeles,Los Angeles,Member,Male,Electronics,Electronics,76.14,2.0,7.61,159.89,0.0,0.0,6/23/2024,Ewallet,7.0
2191,2191,Chicago,Chicago,Normal,Female,Food & Beverages,Food & Beverages,3.56,1.0,0.18,3.74,0.0,0.0,6/23/2024,Ewallet,8.4
2192,2192,Chicago,Chicago,Normal,Male,Electronics,Electronics,94.81,2.0,9.48,199.1,0.0,0.0,6/23/2024,Credit card,9.0
2193,2193,Chicago,Chicago,Normal,Male,Fashion & Accs,Fashion & Accs,12.85,3.0,1.93,40.48,0.0,0.0,6/24/2024,Credit card,7.6
2194,2194,New York,New York,Member,Female,Food & Beverages,Food & Beverages,4.78,2.0,0.48,10.04,0.0,0.0,6/24/2024,Ewallet,8.4
2195,2195,Chicago,Chicago,Normal,Female,Home & Lifestyle,Home & Lifestyle,53.81,4.0,10.76,226.0,0.0,0.0,6/24/2024,Ewallet,6.5
2196,2196,New York,New York,Normal,Male,Food & Beverages,Food & Beverages,7.27,3.0,1.09,22.9,0.0,0.0,6/24/2024,Cash,8.1
2197,2197,Los Angeles,Los Angeles,Normal,Male,Home & Lifestyle,Home & Lifestyle,55.14,1.0,2.76,57.9,0.0,0.0,6/24/2024,Cash,6.6
2198,2198,New York,New York,Member,Female,Home & Lifestyle,Home & Lifestyle,65.14,1.0,3.26,68.4,0.0,0.0,6/24/2024,Credit card,9.8
2199,2199,Los Angeles,Los Angeles,Normal,Male,Sports & Travel,Sports & Travel,57.8,1.0,2.89,60.69,0.0,0.0,6/24/2024,Ewallet,5.4
2200,2200,Los Angeles,Los Angeles,Member,Male,Health & Beauty,Health & Beauty,33.52,3.0,5.03,105.59,0.0,0.0,6/24/2024,Ewallet,8.0
2201,2201,New York,New York,Normal,Female,Home & Lifestyle,Home & Lifestyle,53.69,5.0,13.42,281.87,0.0,0.0,6/24/2024,Credit card,8.3
2202,2202,New York,New York,Normal,Female,Health & Beauty,Health & Beauty,36.65,1.0,1.83,38.48,0.0,0.0,6/24/2024,Ewallet,8.4
2203,2203,New York,New York,Normal,Female,Food & Beverages,Food & Beverages,7.12,6.0,2.14,44.86,0.0,0.0,6/24/2024,Cash,7.8
2204,2204,New York,New York,Normal,Female,Food & Beverages,Food & Beverages,7.12,6.0,2.14,44.86,0.0,0.0,6/24/2024,Ewallet,8.5
2205,2205,Los Angeles,Los Angeles,Member,Male,Fashion & Accs,Fashion & Accs,13.82,2.0,1.38,29.02,0.0,0.0,6/25/2024,Credit card,6.8
2206,2206,Los Angeles,Los Angeles,Normal,Female,Food & Beverages,Food & Beverages,5.14,5.0,1.28,26.98,0.0,0.0,6/25/2024,Cash,8.7
2207,2207,Chicago,Chicago,Normal,Male,Food & Beverages,Food & Beverages,2.73,1.0,0.14,2.87,0.0,0.0,6/25/2024,Ewallet,5.9
2208,2208,Los Angeles,Los Angeles,Normal,Female,Health & Beauty,Health & Beauty,33.54,4.0,6.71,140.87,0.0,0.0,6/25/2024,Ewallet,6.0
2209,2209,Los Angeles,Los Angeles,Normal,Female,Home & Lifestyle,Home & Lifestyle,71.77,1.0,3.59,75.36,0.0,0.0,6/25/2024,Ewallet,7.9
2210,2210,Los Angeles,Los Angeles,Normal,Male,Health & Beauty,Health & Beauty,31.06,1.0,1.55,32.61,0.0,0.0,6/25/2024,Credit card,8.2
2211,2211,Chicago,Chicago,Member,Female,Food & Beverages,Food & Beverages,6.37,1.0,0.32,6.69,0.0,0.0,6/25/2024,Cash,9.8
2212,2212,Chicago,Chicago,Normal,Male,Health & Beauty,Health & Beauty,26.05,1.0,1.3,27.35,0.0,0.0,6/25/2024,Cash,7.8
2213,2213,Los Angeles,Los Angeles,Normal,Male,Home & Lifestyle,Home & Lifestyle,68.13,1.0,3.41,71.54,0.0,0.0,6/25/2024,Cash,8.4
2214,2214,New York,New York,Normal,Male,Food & Beverages,Food & Beverages,5.99,3.0,0.9,18.87,0.0,0.0,6/25/2024,Cash,7.0
2215,2215,New York,New York,Normal,Male,Health & Beauty,Health & Beauty,39.3,3.0,5.9,123.8,0.0,0.0,6/26/2024,Credit card,7.4
2216,2216,Los Angeles,Los Angeles,Normal,Female,Food & Beverages,Food & Beverages,6.4,3.0,0.96,20.16,0.0,0.0,6/26/2024,Ewallet,9.3
2217,2217,Los Angeles,Los Angeles,Normal,Female,Food & Beverages,Food & Beverages,5.09,4.0,1.02,21.38,0.0,0.0,6/26/2024,Credit card,6.8
2218,2218,Chicago,Chicago,Normal,Male,Home & Lifestyle,Home & Lifestyle,53.94,1.0,2.7,56.64,0.0,0.0,6/26/2024,Ewallet,7.7
2219,2219,New York,New York,Member,Male,Fashion & Accs,Fashion & Accs,10.91,2.0,1.09,22.91,0.0,0.0,6/26/2024,Ewallet,8.2
2220,2220,Chicago,Chicago,Member,Female,Home & Lifestyle,Home & Lifestyle,59.13,2.0,5.91,124.17,0.0,0.0,6/26/2024,Cash,8.9
2221,2221,Chicago,Chicago,Normal,Male,Food & Beverages,Food & Beverages,3.76,2.0,0.38,7.9,0.0,0.0,6/26/2024,Ewallet,6.1
2222,2222,Chicago,Chicago,Member,Male,Food & Beverages,Food & Beverages,7.4,7.0,2.59,54.39,0.0,0.0,6/26/2024,Cash,6.3
2223,2223,Los Angeles,Los Angeles,Normal,Male,Food & Beverages,Food & Beverages,6.38,4.0,1.28,26.8,0.0,0.0,6/26/2024,Ewallet,7.6
2224,2224,New York,New York,Member,Female,Food & Beverages,Food & Beverages,6.4,2.0,0.64,13.44,0.0,0.0,6/26/2024,Ewallet,6.2
2225,2225,Los Angeles,Los Angeles,Normal,Male,Food & Beverages,Food & Beverages,7.26,1.0,0.36,7.62,0.0,0.0,6/26/2024,Cash,9.2
2226,2226,Chicago,Chicago,Member,Male,Health & Beauty,Health & Beauty,25.46,3.0,3.82,80.2,0.0,0.0,6/26/2024,Credit card,9.1
2227,2227,New York,New York,Normal,Male,Health & Beauty,Health & Beauty,28.91,4.0,5.78,121.42,0.0,0.0,6/26/2024,Cash,6.2
2228,2228,New York,New York,Normal,Female,Sports & Travel,Sports & Travel,62.69,2.0,6.27,131.65,0.0,0.0,6/26/2024,Ewallet,5.3
2229,2229,Los Angeles,Los Angeles,Normal,Male,Sports & Travel,Sports & Travel,68.46,2.0,6.85,143.77,0.0,0.0,6/26/2024,Cash,8.8
2230,2230,New York,New York,Normal,Female,Fashion & Accs,Fashion & Accs,14.45,1.0,0.72,15.17,0.0,0.0,6/26/2024,Ewallet,8.2
2231,2231,Los Angeles,Los Angeles,Normal,Female,Food & Beverages,Food & Beverages,6.47,3.0,0.97,20.38,0.0,0.0,6/27/2024,Cash,6.7
2232,2232,Los Angeles,Los Angeles,Normal,Male,Food & Beverages,Food & Beverages,3.71,3.0,0.56,11.69,0.0,0.0,6/27/2024,Ewallet,8.3
2233,2233,Los Angeles,Los Angeles,Member,Male,Food & Beverages,Food & Beverages,2.48,1.0,0.12,2.6,0.0,0.0,6/27/2024,Ewallet,9.2
2234,2234,Los Angeles,Los Angeles,Member,Female,Health & Beauty,Health & Beauty,31.2,1.0,1.56,32.76,0.0,0.0,6/27/2024,Credit card,6.6
2235,2235,Los Angeles,Los Angeles,Normal,Female,Sports & Travel,Sports & Travel,49.85,1.0,2.49,52.34,0.0,0.0,6/27/2024,Cash,7.6
2236,2236,Chicago,Chicago,Normal,Female,Food & Beverages,Food & Beverages,7.62,3.0,1.14,24.0,0.0,0.0,6/27/2024,Cash,6.7
2237,2237,New York,New York,Normal,Female,Sports & Travel,Sports & Travel,67.76,1.0,3.39,71.15,0.0,0.0,6/27/2024,Ewallet,7.3
2238,2238,Los Angeles,Los Angeles,Normal,Male,Food & Beverages,Food & Beverages,3.97,4.0,0.79,16.67,0.0,0.0,6/27/2024,Credit card,7.3
2239,2239,Chicago,Chicago,Normal,Female,Food & Beverages,Food & Beverages,3.17,3.0,0.48,9.99,0.0,0.0,6/27/2024,Ewallet,7.2
2240,2240,New York,New York,Normal,Male,Fashion & Accs,Fashion & Accs,11.26,3.0,1.69,35.47,0.0,0.0,6/27/2024,Cash,4.4
2241,2241,Los Angeles,Los Angeles,Normal,Male,Food & Beverages,Food & Beverages,5.07,5.0,1.27,26.62,0.0,0.0,6/27/2024,Credit card,9.1
2242,2242,Los Angeles,Los Angeles,Normal,Male,Health & Beauty,Health & Beauty,24.74,2.0,2.47,51.95,0.0,0.0,6/27/2024,Cash,8.3
2243,2243,New York,New York,Member,Female,Sports & Travel,Sports & Travel,68.47,2.0,6.85,143.79,0.0,0.0,6/27/2024,Cash,9.2
2244,2244,Los Angeles,Los Angeles,Member,Male,Home & Lifestyle,Home & Lifestyle,66.2,4.0,13.24,278.04,0.0,0.0,6/27/2024,Cash,8.5
2245,2245,Chicago,Chicago,Normal,Female,Food & Beverages,Food & Beverages,4.57,5.0,1.14,23.99,0.0,0.0,6/27/2024,Cash,7.9
2246,2246,Chicago,Chicago,Normal,Male,Health & Beauty,Health & Beauty,25.27,2.0,2.53,53.07,0.0,0.0,6/27/2024,Ewallet,9.8
2247,2247,Los Angeles,Los Angeles,Normal,Female,Food & Beverages,Food & Beverages,7.47,1.0,0.37,7.84,0.0,0.0,6/27/2024,Cash,6.6
2248,2248,Los Angeles,Los Angeles,Normal,Male,Health & Beauty,Health & Beauty,36.47,1.0,1.82,38.29,0.0,0.0,6/28/2024,Credit card,8.2
2249,2249,New York,New York,Normal,Female,Health & Beauty,Health & Beauty,32.7,3.0,4.91,103.01,0.0,0.0,6/28/2024,Credit card,8.6
2250,2250,Chicago,Chicago,Member,Male,Food & Beverages,Food & Beverages,5.3,4.0,1.06,22.26,0.0,0.0,6/28/2024,Credit card,6.9
2251,2251,New York,New York,Normal,Male,Health & Beauty,Health & Beauty,22.77,3.0,3.42,71.73,0.0,0.0,6/28/2024,Cash,6.2
2252,2252,Chicago,Chicago,Normal,Male,Home & Lifestyle,Home & Lifestyle,68.83,4.0,13.77,289.09,0.0,0.0,6/28/2024,Credit card,8.3
2253,2253,Los Angeles,Los Angeles,Normal,Male,Health & Beauty,Health & Beauty,30.23,4.0,6.05,126.97,0.0,0.0,6/28/2024,Ewallet,7.5
2254,2254,Los Angeles,Los Angeles,Normal,Female,Fashion & Accs,Fashion & Accs,5.06,2.0,0.51,10.63,0.0,0.0,6/28/2024,Cash,7.4
2255,2255,Los Angeles,Los Angeles,Member,Female,Health & Beauty,Health & Beauty,30.28,1.0,1.51,31.79,0.0,0.0,6/28/2024,Cash,8.1
2256,2256,Los Angeles,Los Angeles,Normal,Female,Sports & Travel,Sports & Travel,74.92,2.0,7.49,157.33,0.0,0.0,6/28/2024,Cash,6.6
2257,2257,Chicago,Chicago,Normal,Female,Health & Beauty,Health & Beauty,30.51,4.0,6.1,128.14,0.0,0.0,6/28/2024,Cash,7.9
2258,2258,New York,New York,Member,Female,Food & Beverages,Food & Beverages,6.35,1.0,0.32,6.67,0.0,0.0,6/28/2024,Credit card,7.4
2259,2259,New York,New York,Normal,Male,Food & Beverages,Food & Beverages,5.82,2.0,0.58,12.22,0.0,0.0,6/28/2024,Credit card,7.6
2260,2260,Los Angeles,Los Angeles,Normal,Male,Sports & Travel,Sports & Travel,45.6,3.0,6.84,143.64,0.0,0.0,6/28/2024,Credit card,6.7
2261,2261,Los Angeles,Los Angeles,Member,Male,Fashion & Accs,Fashion & Accs,14.67,2.0,1.47,30.81,0.0,0.0,6/28/2024,Ewallet,7.2
2262,2262,Chicago,Chicago,Normal,Male,Fashion & Accs,Fashion & Accs,13.46,1.0,0.67,14.13,0.0,0.0,6/28/2024,Credit card,9.2
2263,2263,Chicago,Chicago,Member,Female,Food & Beverages,Food & Beverages,6.25,2.0,0.62,13.12,0.0,0.0,6/29/2024,Credit card,9.8
2264,2264,Los Angeles,Los Angeles,Member,Female,Food & Beverages,Food & Beverages,5.1,1.0,0.26,5.36,0.0,0.0,6/29/2024,Ewallet,8.9
2265,2265,Los Angeles,Los Angeles,Normal,Female,Food & Beverages,Food & Beverages,7.09,4.0,1.42,29.78,0.0,0.0,6/29/2024,Credit card,5.9
2266,2266,Los Angeles,Los Angeles,Normal,Female,Home & Lifestyle,Home & Lifestyle,52.1,4.0,10.42,218.82,0.0,0.0,6/29/2024,Ewallet,8.0
2267,2267,Chicago,Chicago,Normal,Female,Food & Beverages,Food & Beverages,6.71,3.0,1.01,21.14,0.0,0.0,6/29/2024,Ewallet,8.1
2268,2268,Chicago,Chicago,Normal,Male,Food & Beverages,Food & Beverages,6.82,2.0,0.68,14.32,0.0,0.0,6/29/2024,Ewallet,8.2
2269,2269,Los Angeles,Los Angeles,Member,Male,Health & Beauty,Health & Beauty,36.6,3.0,5.49,115.29,0.0,0.0,6/29/2024,Ewallet,8.0
2270,2270,Chicago,Chicago,Member,Female,Health & Beauty,Health & Beauty,31.8,2.0,3.18,66.78,0.0,0.0,6/29/2024,Ewallet,7.6
2271,2271,New York,New York,Normal,Female,Home & Lifestyle,Home & Lifestyle,68.67,2.0,6.87,144.21,0.0,0.0,6/29/2024,Ewallet,8.0
2272,2272,New York,New York,Normal,Male,Fashion & Accs,Fashion & Accs,17.54,1.0,0.88,18.42,0.0,0.0,6/29/2024,Ewallet,6.8
2273,2273,Los Angeles,Los Angeles,Normal,Female,Fashion & Accs,Fashion & Accs,17.63,2.0,1.76,37.02,0.0,0.0,6/29/2024,Ewallet,5.5
2274,2274,Chicago,Chicago,Normal,Male,Home & Lifestyle,Home & Lifestyle,63.74,1.0,3.19,66.93,0.0,0.0,6/29/2024,Ewallet,7.1
2275,2275,Chicago,Chicago,Normal,Male,Health & Beauty,Health & Beauty,16.96,3.0,2.54,53.42,0.0,0.0,6/29/2024,Credit card,6.8
2276,2276,New York,New York,Member,Male,Food & Beverages,Food & Beverages,6.12,1.0,0.31,6.43,0.0,0.0,6/29/2024,Ewallet,8.7
2277,2277,Chicago,Chicago,Normal,Female,Food & Beverages,Food & Beverages,6.13,2.0,0.61,12.87,0.0,0.0,6/30/2024,Ewallet,9.8
2278,2278,Los Angeles,Los Angeles,Member,Female,Food & Beverages,Food & Beverages,5.02,2.0,0.5,10.54,0.0,0.0,6/30/2024,Cash,8.2
2279,2279,New York,New York,Normal,Female,Food & Beverages,Food & Beverages,6.69,2.0,0.67,14.05,0.0,0.0,6/30/2024,Ewallet,7.9
2280,2280,Los Angeles,Los Angeles,Member,Male,Fashion & Accs,Fashion & Accs,8.9,1.0,0.45,9.35,0.0,0.0,6/30/2024,Cash,9.4
2281,2281,Los Angeles,Los Angeles,Normal,Male,Sports & Travel,Sports & Travel,59.24,2.0,5.92,124.4,0.0,0.0,6/30/2024,Credit card,7.1
2282,2282,Los Angeles,Los Angeles,Member,Male,Health & Beauty,Health & Beauty,20.84,4.0,4.17,87.53,0.0,0.0,6/30/2024,Cash,7.1
2283,2283,New York,New York,Normal,Female,Home & Lifestyle,Home & Lifestyle,53.43,3.0,8.01,168.3,0.0,0.0,6/30/2024,Ewallet,9.5
2284,2284,Chicago,Chicago,Normal,Female,Home & Lifestyle,Home & Lifestyle,54.1,2.0,5.41,113.61,0.0,0.0,6/30/2024,Credit card,8.5
2285,2285,New York,New York,Member,Female,Health & Beauty,Health & Beauty,18.74,2.0,1.87,39.35,0.0,0.0,6/30/2024,Cash,8.5
2286,2286,Los Angeles,Los Angeles,Normal,Female,Food & Beverages,Food & Beverages,5.94,4.0,1.19,24.95,0.0,0.0,6/30/2024,Ewallet,8.0
2287,2287,Los Angeles,Los Angeles,Normal,Male,Health & Beauty,Health & Beauty,32.61,2.0,3.26,68.48,0.0,0.0,6/30/2024,Credit card,7.6
2288,2288,Chicago,Chicago,Normal,Male,Food & Beverages,Food & Beverages,3.73,2.0,0.37,7.83,0.0,0.0,6/30/2024,Cash,8.1
2289,2289,Los Angeles,Los Angeles,Normal,Female,Food & Beverages,Food & Beverages,3.96,2.0,0.4,8.32,0.0,0.0,7/1/2024,Ewallet,7.9
2290,2290,New York,New York,Member,Male,Health & Beauty,Health & Beauty,32.14,1.0,1.61,33.75,0.0,0.0,7/1/2024,Cash,7.1
2291,2291,Los Angeles,Los Angeles,Normal,Male,Fashion & Accs,Fashion & Accs,12.4,1.0,0.62,13.02,0.0,0.0,7/1/2024,Ewallet,6.8
2292,2292,New York,New York,Normal,Female,Home & Lifestyle,Home & Lifestyle,63.54,4.0,12.71,266.87,0.0,0.0,7/1/2024,Cash,7.1
2293,2293,Los Angeles,Los Angeles,Normal,Male,Food & Beverages,Food & Beverages,3.36,3.0,0.5,10.58,0.0,0.0,7/1/2024,Cash,6.1
2294,2294,Los Angeles,Los Angeles,Member,Male,Electronics,Electronics,85.1,1.0,4.26,89.36,0.0,0.0,7/1/2024,Ewallet,8.8
2295,2295,Los Angeles,Los Angeles,Member,Female,Food & Beverages,Food & Beverages,6.68,2.0,0.67,14.03,0.0,0.0,7/1/2024,Credit card,8.6
2296,2296,Los Angeles,Los Angeles,Normal,Female,Food & Beverages,Food & Beverages,6.36,3.0,0.95,20.03,0.0,0.0,7/1/2024,Ewallet,7.3
2297,2297,Chicago,Chicago,Normal,Male,Food & Beverages,Food & Beverages,7.8,2.0,0.78,16.38,0.0,0.0,7/1/2024,Ewallet,8.9
2298,2298,Los Angeles,Los Angeles,Normal,Male,Food & Beverages,Food & Beverages,6.02,2.0,0.6,12.64,0.0,0.0,7/1/2024,Credit card,8.4
2299,2299,Chicago,Chicago,Normal,Female,Fashion & Accs,Fashion & Accs,14.14,2.0,1.41,29.69,0.0,0.0,7/1/2024,Ewallet,5.4
2300,2300,Los Angeles,Los Angeles,Normal,Female,Fashion & Accs,Fashion & Accs,19.42,3.0,2.91,61.17,0.0,0.0,7/1/2024,Cash,5.2
2301,2301,New York,New York,Normal,Female,Food & Beverages,Food & Beverages,6.74,2.0,0.67,14.15,0.0,0.0,7/1/2024,Ewallet,6.4
2302,2302,Chicago,Chicago,Normal,Female,Health & Beauty,Health & Beauty,32.94,3.0,4.94,103.76,0.0,0.0,7/1/2024,Ewallet,7.3
2303,2303,Chicago,Chicago,Normal,Male,Food & Beverages,Food & Beverages,2.75,6.0,0.82,17.32,0.0,0.0,7/1/2024,Credit card,7.2
2304,2304,Chicago,Chicago,Normal,Female,Home & Lifestyle,Home & Lifestyle,51.31,1.0,2.57,53.88,0.0,0.0,7/1/2024,Cash,6.0
2305,2305,New York,New York,Normal,Male,Food & Beverages,Food & Beverages,4.88,3.0,0.73,15.37,0.0,0.0,7/1/2024,Ewallet,7.9
2306,2306,New York,New York,Member,Male,Health & Beauty,Health & Beauty,26.23,3.0,3.93,82.62,0.0,0.0,7/2/2024,Cash,8.9
2307,2307,New York,New York,Normal,Male,Sports & Travel,Sports & Travel,71.67,1.0,3.58,75.25,0.0,0.0,7/2/2024,Cash,7.5
2308,2308,New York,New York,Normal,Female,Home & Lifestyle,Home & Lifestyle,56.04,4.0,11.21,235.37,0.0,0.0,7/2/2024,Cash,7.8
2309,2309,Chicago,Chicago,Normal,Female,Food & Beverages,Food & Beverages,4.29,4.0,0.86,18.02,0.0,0.0,7/2/2024,Ewallet,6.5
2310,2310,Los Angeles,Los Angeles,Normal,Male,Food & Beverages,Food & Beverages,6.0,3.0,0.9,18.9,0.0,0.0,7/2/2024,Cash,7.6
2311,2311,Chicago,Chicago,Normal,Male,Home & Lifestyle,Home & Lifestyle,61.04,5.0,15.26,320.46,0.0,0.0,7/2/2024,Credit card,7.1
2312,2312,Chicago,Chicago,Normal,Female,Food & Beverages,Food & Beverages,3.46,3.0,0.52,10.9,0.0,0.0,7/2/2024,Credit card,6.0
2313,2313,Chicago,Chicago,Member,Female,Electronics,Electronics,96.28,2.0,9.63,202.19,0.0,0.0,7/2/2024,Ewallet,8.4
2314,2314,Chicago,Chicago,Member,Male,Food & Beverages,Food & Beverages,4.14,4.0,0.83,17.39,0.0,0.0,7/2/2024,Ewallet,7.2
2315,2315,Los Angeles,Los Angeles,Normal,Male,Food & Beverages,Food & Beverages,4.55,2.0,0.46,9.56,0.0,0.0,7/2/2024,Ewallet,7.6
2316,2316,Los Angeles,Los Angeles,Member,Female,Food & Beverages,Food & Beverages,6.32,5.0,1.58,33.18,0.0,0.0,7/3/2024,Cash,7.2
2317,2317,New York,New York,Normal,Female,Food & Beverages,Food & Beverages,7.28,4.0,1.46,30.58,0.0,0.0,7/3/2024,Cash,7.6
2318,2318,New York,New York,Normal,Male,Health & Beauty,Health & Beauty,33.32,4.0,6.66,139.94,0.0,0.0,7/3/2024,Ewallet,6.8
2319,2319,Los Angeles,Los Angeles,Normal,Female,Food & Beverages,Food & Beverages,4.35,1.0,0.22,4.57,0.0,0.0,7/3/2024,Cash,6.3
2320,2320,New York,New York,Member,Female,Food & Beverages,Food & Beverages,3.59,2.0,0.36,7.54,0.0,0.0,7/3/2024,Cash,7.4
2321,2321,Los Angeles,Los Angeles,Normal,Female,Health & Beauty,Health & Beauty,29.56,2.0,2.96,62.08,0.0,0.0,7/3/2024,Credit card,7.8
2322,2322,Los Angeles,Los Angeles,Normal,Female,Food & Beverages,Food & Beverages,6.55,3.0,0.98,20.63,0.0,0.0,7/3/2024,Cash,7.4
2323,2323,Los Angeles,Los Angeles,Normal,Male,Food & Beverages,Food & Beverages,4.28,2.0,0.43,8.99,0.0,0.0,7/3/2024,Credit card,6.3
2324,2324,Chicago,Chicago,Normal,Male,Home & Lifestyle,Home & Lifestyle,70.27,4.0,14.05,295.13,0.0,0.0,7/3/2024,Credit card,8.6
2325,2325,Chicago,Chicago,Normal,Male,Food & Beverages,Food & Beverages,6.09,2.0,0.61,12.79,0.0,0.0,7/3/2024,Cash,7.4
2326,2326,Chicago,Chicago,Member,Female,Fashion & Accs,Fashion & Accs,13.06,1.0,0.65,13.71,0.0,0.0,7/3/2024,Credit card,8.1
2327,2327,Los Angeles,Los Angeles,Normal,Female,Health & Beauty,Health & Beauty,34.74,3.0,5.21,109.43,0.0,0.0,7/3/2024,Ewallet,8.1
2328,2328,Chicago,Chicago,Member,Male,Health & Beauty,Health & Beauty,33.43,3.0,5.01,105.3,0.0,0.0,7/3/2024,Credit card,7.0
2329,2329,Los Angeles,Los Angeles,Normal,Male,Health & Beauty,Health & Beauty,26.12,3.0,3.92,82.28,0.0,0.0,7/3/2024,Credit card,8.4
2330,2330,New York,New York,Normal,Female,Food & Beverages,Food & Beverages,7.73,8.0,3.09,64.93,0.0,0.0,7/3/2024,Ewallet,9.8
2331,2331,Chicago,Chicago,Normal,Male,Food & Beverages,Food & Beverages,5.8,3.0,0.87,18.27,0.0,0.0,7/3/2024,Ewallet,7.3
2332,2332,Los Angeles,Los Angeles,Normal,Male,Health & Beauty,Health & Beauty,38.86,2.0,3.89,81.61,0.0,0.0,7/4/2024,Cash,7.7
2333,2333,Los Angeles,Los Angeles,Normal,Male,Home & Lifestyle,Home & Lifestyle,63.94,4.0,12.79,268.55,0.0,0.0,7/4/2024,Cash,6.3
2334,2334,New York,New York,Normal,Female,Sports & Travel,Sports & Travel,69.12,1.0,3.46,72.58,0.0,0.0,7/4/2024,Credit card,8.4
2335,2335,Chicago,Chicago,Normal,Female,Fashion & Accs,Fashion & Accs,12.47,3.0,1.87,39.28,0.0,0.0,7/4/2024,Cash,6.8
2336,2336,Los Angeles,Los Angeles,Normal,Female,Food & Beverages,Food & Beverages,4.84,1.0,0.24,5.08,0.0,0.0,7/4/2024,Credit card,6.7
2337,2337,Chicago,Chicago,Normal,Male,Food & Beverages,Food & Beverages,2.57,2.0,0.26,5.4,0.0,0.0,7/4/2024,Cash,8.8
2338,2338,Chicago,Chicago,Normal,Male,Food & Beverages,Food & Beverages,7.81,3.0,1.17,24.6,0.0,0.0,7/4/2024,Cash,6.8
2339,2339,Los Angeles,Los Angeles,Normal,Male,Food & Beverages,Food & Beverages,7.05,4.0,1.41,29.61,0.0,0.0,7/4/2024,Credit card,7.9
2340,2340,New York,New York,Normal,Female,Food & Beverages,Food & Beverages,4.33,2.0,0.43,9.09,0.0,0.0,7/4/2024,Credit card,7.2
2341,2341,Chicago,Chicago,Normal,Female,Sports & Travel,Sports & Travel,62.05,1.0,3.1,65.15,0.0,0.0,7/4/2024,Cash,7.7
2342,2342,Chicago,Chicago,Member,Female,Home & Lifestyle,Home & Lifestyle,73.54,3.0,11.03,231.65,0.0,0.0,7/4/2024,Ewallet,7.8
2343,2343,Los Angeles,Los Angeles,Normal,Male,Food & Beverages,Food & Beverages,7.25,2.0,0.73,15.23,0.0,0.0,7/5/2024,Ewallet,7.5
2344,2344,Chicago,Chicago,Normal,Male,Health & Beauty,Health & Beauty,22.46,4.0,4.49,94.33,0.0,0.0,7/5/2024,Ewallet,5.7
2345,2345,New York,New York,Normal,Male,Food & Beverages,Food & Beverages,7.5,2.0,0.75,15.75,0.0,0.0,7/5/2024,Ewallet,8.2
2346,2346,Chicago,Chicago,Normal,Female,Food & Beverages,Food & Beverages,7.53,2.0,0.75,15.81,0.0,0.0,7/5/2024,Ewallet,6.5
2347,2347,Los Angeles,Los Angeles,Member,Female,Food & Beverages,Food & Beverages,5.25,1.0,0.26,5.51,0.0,0.0,7/5/2024,Ewallet,6.8
2348,2348,New York,New York,Normal,Female,Health & Beauty,Health & Beauty,29.87,2.0,2.99,62.73,0.0,0.0,7/5/2024,Cash,8.1
2349,2349,Chicago,Chicago,Normal,Male,Home & Lifestyle,Home & Lifestyle,72.72,1.0,3.64,76.36,0.0,0.0,7/5/2024,Cash,7.1
2350,2350,Los Angeles,Los Angeles,Normal,Male,Health & Beauty,Health & Beauty,28.9,3.0,4.34,91.04,0.0,0.0,7/5/2024,Credit card,8.8
2351,2351,Chicago,Chicago,Normal,Female,Health & Beauty,Health & Beauty,30.95,3.0,4.64,97.49,0.0,0.0,7/5/2024,Ewallet,8.2
2352,2352,Los Angeles,Los Angeles,Normal,Female,Home & Lifestyle,Home & Lifestyle,65.27,4.0,13.05,274.13,0.0,0.0,7/5/2024,Cash,6.2
2353,2353,New York,New York,Normal,Female,Health & Beauty,Health & Beauty,16.65,2.0,1.66,34.96,0.0,0.0,7/5/2024,Ewallet,6.0
2354,2354,Chicago,Chicago,Member,Female,Food & Beverages,Food & Beverages,7.22,6.0,2.17,45.49,0.0,0.0,7/5/2024,Credit card,6.9
2355,2355,Los Angeles,Los Angeles,Normal,Male,Health & Beauty,Health & Beauty,27.8,3.0,4.17,87.57,0.0,0.0,7/5/2024,Cash,6.3
2356,2356,New York,New York,Normal,Male,Health & Beauty,Health & Beauty,32.99,3.0,4.95,103.92,0.0,0.0,7/5/2024,Cash,6.0
2357,2357,Los Angeles,Los Angeles,Normal,Male,Food & Beverages,Food & Beverages,6.22,5.0,1.56,32.66,0.0,0.0,7/5/2024,Ewallet,8.2
2358,2358,Chicago,Chicago,Normal,Female,Sports & Travel,Sports & Travel,74.49,1.0,3.72,78.21,0.0,0.0,7/5/2024,Cash,7.7
2359,2359,Chicago,Chicago,Normal,Male,Sports & Travel,Sports & Travel,58.27,2.0,5.83,122.37,0.0,0.0,7/5/2024,Cash,6.0
2360,2360,New York,New York,Normal,Female,Food & Beverages,Food & Beverages,3.15,3.0,0.47,9.92,0.0,0.0,7/6/2024,Ewallet,6.0
2361,2361,Los Angeles,Los Angeles,Normal,Male,Sports & Travel,Sports & Travel,70.9,1.0,3.55,74.45,0.0,0.0,7/6/2024,Credit card,8.0
2362,2362,Los Angeles,Los Angeles,Normal,Male,Food & Beverages,Food & Beverages,4.09,2.0,0.41,8.59,0.0,0.0,7/6/2024,Cash,7.5
2363,2363,Los Angeles,Los Angeles,Member,Male,Home & Lifestyle,Home & Lifestyle,70.74,3.0,10.61,222.83,0.0,0.0,7/6/2024,Credit card,8.5
2364,2364,Chicago,Chicago,Member,Male,Health & Beauty,Health & Beauty,34.91,2.0,3.49,73.31,0.0,0.0,7/6/2024,Cash,6.1
2365,2365,Los Angeles,Los Angeles,Member,Female,Fashion & Accs,Fashion & Accs,18.34,3.0,2.75,57.77,0.0,0.0,7/6/2024,Ewallet,7.6
2366,2366,Los Angeles,Los Angeles,Normal,Male,Food & Beverages,Food & Beverages,3.52,2.0,0.35,7.39,0.0,0.0,7/6/2024,Ewallet,6.5
2367,2367,Chicago,Chicago,Member,Female,Food & Beverages,Food & Beverages,5.38,3.0,0.81,16.95,0.0,0.0,7/6/2024,Cash,5.7
2368,2368,Chicago,Chicago,Normal,Male,Food & Beverages,Food & Beverages,2.52,2.0,0.25,5.29,0.0,0.0,7/6/2024,Ewallet,8.5
2369,2369,New York,New York,Normal,Male,Food & Beverages,Food & Beverages,6.29,3.0,0.94,19.81,0.0,0.0,7/7/2024,Ewallet,6.0
2370,2370,Los Angeles,Los Angeles,Normal,Male,Health & Beauty,Health & Beauty,22.56,1.0,1.13,23.69,0.0,0.0,7/7/2024,Ewallet,6.8
2371,2371,Chicago,Chicago,Member,Female,Health & Beauty,Health & Beauty,29.69,2.0,2.97,62.35,0.0,0.0,7/7/2024,Cash,6.2
2372,2372,Los Angeles,Los Angeles,Normal,Male,Fashion & Accs,Fashion & Accs,11.74,2.0,1.17,24.65,0.0,0.0,7/7/2024,Cash,6.8
2373,2373,Chicago,Chicago,Member,Male,Home & Lifestyle,Home & Lifestyle,55.23,5.0,13.81,289.96,0.0,0.0,7/7/2024,Cash,8.1
2374,2374,New York,New York,Normal,Female,Food & Beverages,Food & Beverages,6.89,2.0,0.69,14.47,0.0,0.0,7/7/2024,Cash,8.6
2375,2375,Chicago,Chicago,Normal,Female,Food & Beverages,Food & Beverages,3.37,5.0,0.84,17.69,0.0,0.0,7/7/2024,Credit card,5.8
2376,2376,Chicago,Chicago,Normal,Male,Food & Beverages,Food & Beverages,5.05,2.0,0.5,10.6,0.0,0.0,7/7/2024,Cash,7.6
2377,2377,New York,New York,Normal,Female,Food & Beverages,Food & Beverages,4.17,2.0,0.42,8.76,0.0,0.0,7/7/2024,Credit card,6.7
2378,2378,Chicago,Chicago,Normal,Male,Health & Beauty,Health & Beauty,32.61,3.0,4.89,102.72,0.0,0.0,7/7/2024,Cash,5.4
2379,2379,Los Angeles,Los Angeles,Normal,Male,Food & Beverages,Food & Beverages,3.44,2.0,0.34,7.22,0.0,0.0,7/7/2024,Ewallet,6.8
2380,2380,New York,New York,Normal,Female,Food & Beverages,Food & Beverages,4.01,4.0,0.8,16.84,0.0,0.0,7/7/2024,Ewallet,8.1
2381,2381,Chicago,Chicago,Normal,Female,Home & Lifestyle,Home & Lifestyle,65.05,5.0,16.26,341.51,0.0,0.0,7/7/2024,Ewallet,6.6
2382,2382,Los Angeles,Los Angeles,Member,Female,Food & Beverages,Food & Beverages,6.83,4.0,1.37,28.69,0.0,0.0,7/7/2024,Cash,7.9
2383,2383,Chicago,Chicago,Member,Female,Sports & Travel,Sports & Travel,59.69,1.0,2.98,62.67,0.0,0.0,7/8/2024,Cash,5.6
2384,2384,Chicago,Chicago,Normal,Male,Health & Beauty,Health & Beauty,32.43,1.0,1.62,34.05,0.0,0.0,7/8/2024,Ewallet,9.0
2385,2385,New York,New York,Normal,Female,Food & Beverages,Food & Beverages,5.49,1.0,0.27,5.76,0.0,0.0,7/8/2024,Credit card,7.3
2386,2386,New York,New York,Normal,Female,Food & Beverages,Food & Beverages,4.84,4.0,0.97,20.33,0.0,0.0,7/8/2024,Credit card,6.6
2387,2387,Los Angeles,Los Angeles,Member,Male,Fashion & Accs,Fashion & Accs,9.08,1.0,0.45,9.53,0.0,0.0,7/8/2024,Cash,6.0
2388,2388,Chicago,Chicago,Normal,Female,Health & Beauty,Health & Beauty,28.72,2.0,2.87,60.31,0.0,0.0,7/8/2024,Cash,7.4
2389,2389,Los Angeles,Los Angeles,Normal,Male,Food & Beverages,Food & Beverages,3.78,2.0,0.38,7.94,0.0,0.0,7/8/2024,Ewallet,9.8
2390,2390,Los Angeles,Los Angeles,Normal,Male,Home & Lifestyle,Home & Lifestyle,54.4,2.0,5.44,114.24,0.0,0.0,7/8/2024,Credit card,7.1
2391,2391,Los Angeles,Los Angeles,Normal,Female,Food & Beverages,Food & Beverages,7.5,5.0,1.88,39.38,0.0,0.0,7/8/2024,Credit card,7.9
2392,2392,Los Angeles,Los Angeles,Normal,Male,Electronics,Electronics,95.0,1.0,4.75,99.75,0.0,0.0,7/8/2024,Credit card,6.8
2393,2393,Los Angeles,Los Angeles,Member,Female,Home & Lifestyle,Home & Lifestyle,61.86,4.0,12.37,259.81,0.0,0.0,7/8/2024,Credit card,7.0
2394,2394,Los Angeles,Los Angeles,Normal,Female,Food & Beverages,Food & Beverages,3.17,4.0,0.63,13.31,0.0,0.0,7/8/2024,Cash,7.4
2395,2395,New York,New York,Normal,Female,Health & Beauty,Health & Beauty,35.35,1.0,1.77,37.12,0.0,0.0,7/8/2024,Cash,7.5
2396,2396,Chicago,Chicago,Member,Female,Fashion & Accs,Fashion & Accs,16.06,3.0,2.41,50.59,0.0,0.0,7/8/2024,Cash,6.9
2397,2397,Chicago,Chicago,Normal,Male,Fashion & Accs,Fashion & Accs,14.21,3.0,2.13,44.76,0.0,0.0,7/8/2024,Ewallet,6.1
2398,2398,New York,New York,Member,Female,Health & Beauty,Health & Beauty,28.49,4.0,5.7,119.66,0.0,0.0,7/9/2024,Ewallet,7.0
2399,2399,New York,New York,Normal,Male,Food & Beverages,Food & Beverages,5.43,3.0,0.81,17.1,0.0,0.0,7/9/2024,Cash,6.5
2400,2400,Chicago,Chicago,Normal,Male,Food & Beverages,Food & Beverages,2.88,1.0,0.14,3.02,0.0,0.0,7/9/2024,Ewallet,9.1
2401,2401,Chicago,Chicago,Member,Female,Food & Beverages,Food & Beverages,7.61,4.0,1.52,31.96,0.0,0.0,7/9/2024,Cash,7.3
2402,2402,Chicago,Chicago,Normal,Female,Food & Beverages,Food & Beverages,7.17,3.0,1.08,22.59,0.0,0.0,7/9/2024,Cash,7.3
2403,2403,Los Angeles,Los Angeles,Member,Female,Home & Lifestyle,Home & Lifestyle,53.9,5.0,13.48,282.98,0.0,0.0,7/9/2024,Cash,5.9
2404,2404,Los Angeles,Los Angeles,Normal,Male,Food & Beverages,Food & Beverages,6.43,1.0,0.32,6.75,0.0,0.0,7/9/2024,Cash,7.1
2405,2405,Los Angeles,Los Angeles,Normal,Male,Food & Beverages,Food & Beverages,7.14,5.0,1.78,37.48,0.0,0.0,7/9/2024,Credit card,7.6
2406,2406,Chicago,Chicago,Normal,Male,Sports & Travel,Sports & Travel,56.93,3.0,8.54,179.33,0.0,0.0,7/9/2024,Ewallet,7.2
2407,2407,New York,New York,Normal,Male,Food & Beverages,Food & Beverages,3.58,6.0,1.07,22.55,0.0,0.0,7/9/2024,Cash,6.3
2408,2408,Los Angeles,Los Angeles,Normal,Male,Health & Beauty,Health & Beauty,38.74,1.0,1.94,40.68,0.0,0.0,7/9/2024,Cash,5.9
2409,2409,Los Angeles,Los Angeles,Normal,Female,Food & Beverages,Food & Beverages,4.15,2.0,0.42,8.72,0.0,0.0,7/9/2024,Cash,6.9
2410,2410,Los Angeles,Los Angeles,Normal,Male,Health & Beauty,Health & Beauty,31.21,2.0,3.12,65.54,0.0,0.0,7/9/2024,Ewallet,6.7
2411,2411,Chicago,Chicago,Normal,Male,Food & Beverages,Food & Beverages,4.51,7.0,1.58,33.15,0.0,0.0,7/9/2024,Ewallet,7.6
2412,2412,Los Angeles,Los Angeles,Normal,Female,Food & Beverages,Food & Beverages,5.46,3.0,0.82,17.2,0.0,0.0,7/9/2024,Ewallet,7.0
2413,2413,Los Angeles,Los Angeles,Member,Female,Food & Beverages,Food & Beverages,3.14,4.0,0.63,13.19,0.0,0.0,7/9/2024,Credit card,6.2
2414,2414,Chicago,Chicago,Normal,Female,Fashion & Accs,Fashion & Accs,12.21,2.0,1.22,25.64,0.0,0.0,7/9/2024,Ewallet,5.7
2415,2415,New York,New York,Member,Female,Food & Beverages,Food & Beverages,6.6,6.0,1.98,41.58,0.0,0.0,7/9/2024,Credit card,7.2
2416,2416,Los Angeles,Los Angeles,Normal,Female,Fashion & Accs,Fashion & Accs,7.79,1.0,0.39,8.18,0.0,0.0,7/10/2024,Ewallet,6.5
2417,2417,Los Angeles,Los Angeles,Normal,Male,Health & Beauty,Health & Beauty,26.49,3.0,3.97,83.44,0.0,0.0,7/10/2024,Ewallet,7.2
2418,2418,New York,New York,Normal,Male,Sports & Travel,Sports & Travel,50.63,2.0,5.06,106.32,0.0,0.0,7/10/2024,Ewallet,7.3
2419,2419,New York,New York,Normal,Female,Health & Beauty,Health & Beauty,26.91,1.0,1.35,28.26,0.0,0.0,7/10/2024,Cash,7.2
2420,2420,Chicago,Chicago,Normal,Male,Home & Lifestyle,Home & Lifestyle,65.61,4.0,13.12,275.56,0.0,0.0,7/10/2024,Cash,8.7
2421,2421,New York,New York,Normal,Female,Food & Beverages,Food & Beverages,6.96,1.0,0.35,7.31,0.0,0.0,7/10/2024,Ewallet,7.7
2422,2422,Los Angeles,Los Angeles,Normal,Male,Health & Beauty,Health & Beauty,36.68,2.0,3.67,77.03,0.0,0.0,7/10/2024,Ewallet,6.7
2423,2423,New York,New York,Normal,Female,Home & Lifestyle,Home & Lifestyle,54.82,3.0,8.22,172.68,0.0,0.0,7/10/2024,Cash,5.3
2424,2424,New York,New York,Member,Female,Food & Beverages,Food & Beverages,5.59,3.0,0.84,17.61,0.0,0.0,7/10/2024,Cash,7.5
2425,2425,New York,New York,Normal,Male,Health & Beauty,Health & Beauty,29.13,3.0,4.37,91.76,0.0,0.0,7/10/2024,Cash,6.0
2426,2426,Chicago,Chicago,Normal,Male,Food & Beverages,Food & Beverages,7.58,2.0,0.76,15.92,0.0,0.0,7/10/2024,Credit card,7.5
2427,2427,Los Angeles,Los Angeles,Member,Female,Food & Beverages,Food & Beverages,4.73,1.0,0.24,4.97,0.0,0.0,7/10/2024,Credit card,6.7
2428,2428,Los Angeles,Los Angeles,Member,Male,Food & Beverages,Food & Beverages,5.65,3.0,0.85,17.8,0.0,0.0,7/11/2024,Cash,8.6
2429,2429,Los Angeles,Los Angeles,Normal,Female,Electronics,Electronics,93.36,2.0,9.34,196.06,0.0,0.0,7/11/2024,Ewallet,6.8
2430,2430,Chicago,Chicago,Member,Male,Food & Beverages,Food & Beverages,4.24,4.0,0.85,17.81,0.0,0.0,7/11/2024,Cash,6.9
2431,2431,Los Angeles,Los Angeles,Member,Female,Home & Lifestyle,Home & Lifestyle,54.19,3.0,8.13,170.7,0.0,0.0,7/11/2024,Ewallet,7.5
2432,2432,Chicago,Chicago,Normal,Female,Food & Beverages,Food & Beverages,4.74,3.0,0.71,14.93,0.0,0.0,7/11/2024,Ewallet,6.3
2433,2433,Los Angeles,Los Angeles,Normal,Male,Fashion & Accs,Fashion & Accs,19.71,1.0,0.99,20.7,0.0,0.0,7/11/2024,Cash,7.0
2434,2434,Los Angeles,Los Angeles,Normal,Female,Sports & Travel,Sports & Travel,67.46,2.0,6.75,141.67,0.0,0.0,7/11/2024,Credit card,6.3
2435,2435,Los Angeles,Los Angeles,Member,Female,Food & Beverages,Food & Beverages,7.24,2.0,0.72,15.2,0.0,0.0,7/11/2024,Credit card,8.4
2436,2436,New York,New York,Normal,Female,Food & Beverages,Food & Beverages,6.3,3.0,0.94,19.84,0.0,0.0,7/11/2024,Ewallet,9.7
2437,2437,Chicago,Chicago,Normal,Male,Food & Beverages,Food & Beverages,7.27,2.0,0.73,15.27,0.0,0.0,7/11/2024,Cash,6.7
2438,2438,Chicago,Chicago,Normal,Male,Electronics,Electronics,91.82,2.0,9.18,192.82,0.0,0.0,7/12/2024,Credit card,6.6
2439,2439,Los Angeles,Los Angeles,Normal,Female,Food & Beverages,Food & Beverages,2.39,2.0,0.24,5.02,0.0,0.0,7/12/2024,Credit card,8.0
2440,2440,Los Angeles,Los Angeles,Normal,Female,Home & Lifestyle,Home & Lifestyle,72.42,4.0,14.48,304.16,0.0,0.0,7/12/2024,Cash,6.9
2441,2441,Chicago,Chicago,Normal,Male,Home & Lifestyle,Home & Lifestyle,61.39,4.0,12.28,257.84,0.0,0.0,7/12/2024,Credit card,5.8
2442,2442,Los Angeles,Los Angeles,Normal,Female,Electronics,Electronics,81.42,2.0,8.14,170.98,0.0,0.0,7/12/2024,Credit card,6.1
2443,2443,Los Angeles,Los Angeles,Normal,Female,Health & Beauty,Health & Beauty,26.85,2.0,2.69,56.39,0.0,0.0,7/12/2024,Ewallet,6.6
2444,2444,New York,New York,Normal,Female,Health & Beauty,Health & Beauty,27.29,2.0,2.73,57.31,0.0,0.0,7/12/2024,Ewallet,6.7
2445,2445,New York,New York,Normal,Male,Electronics,Electronics,85.6,2.0,8.56,179.76,0.0,0.0,7/12/2024,Ewallet,5.5
2446,2446,Chicago,Chicago,Member,Female,Food & Beverages,Food & Beverages,7.82,3.0,1.17,24.63,0.0,0.0,7/12/2024,Cash,7.1
2447,2447,Los Angeles,Los Angeles,Normal,Male,Health & Beauty,Health & Beauty,33.1,3.0,4.97,104.27,0.0,0.0,7/12/2024,Credit card,5.8
2448,2448,Chicago,Chicago,Normal,Male,Food & Beverages,Food & Beverages,3.01,2.0,0.3,6.32,0.0,0.0,7/12/2024,Cash,7.4
2449,2449,Chicago,Chicago,Normal,Female,Food & Beverages,Food & Beverages,5.16,3.0,0.77,16.25,0.0,0.0,7/12/2024,Credit card,8.8
2450,2450,Los Angeles,Los Angeles,Normal,Male,Food & Beverages,Food & Beverages,7.64,2.0,0.76,16.04,0.0,0.0,7/12/2024,Credit card,7.6
2451,2451,New York,New York,Member,Male,Food & Beverages,Food & Beverages,7.36,3.0,1.1,23.18,0.0,0.0,7/12/2024,Cash,7.4
2452,2452,Los Angeles,Los Angeles,Normal,Male,Food & Beverages,Food & Beverages,3.88,3.0,0.58,12.22,0.0,0.0,7/12/2024,Credit card,8.1
2453,2453,Los Angeles,Los Angeles,Member,Female,Food & Beverages,Food & Beverages,5.53,3.0,0.83,17.42,0.0,0.0,7/13/2024,Ewallet,8.7
2454,2454,Los Angeles,Los Angeles,Normal,Female,Sports & Travel,Sports & Travel,72.39,1.0,3.62,76.01,0.0,0.0,7/13/2024,Ewallet,5.3
2455,2455,Los Angeles,Los Angeles,Member,Female,Fashion & Accs,Fashion & Accs,12.38,3.0,1.86,39.0,0.0,0.0,7/13/2024,Ewallet,7.2
2456,2456,New York,New York,Normal,Female,Food & Beverages,Food & Beverages,6.27,2.0,0.63,13.17,0.0,0.0,7/13/2024,Cash,7.4
2457,2457,New York,New York,Member,Female,Sports & Travel,Sports & Travel,67.06,1.0,3.35,70.41,0.0,0.0,7/13/2024,Credit card,6.9
2458,2458,Chicago,Chicago,Normal,Male,Food & Beverages,Food & Beverages,7.21,6.0,2.16,45.42,0.0,0.0,7/13/2024,Ewallet,7.9
2459,2459,New York,New York,Normal,Male,Fashion & Accs,Fashion & Accs,17.47,1.0,0.87,18.34,0.0,0.0,7/13/2024,Cash,6.5
2460,2460,Los Angeles,Los Angeles,Normal,Female,Health & Beauty,Health & Beauty,32.79,1.0,1.64,34.43,0.0,0.0,7/13/2024,Credit card,5.8
2461,2461,New York,New York,Normal,Male,Home & Lifestyle,Home & Lifestyle,52.31,2.0,5.23,109.85,0.0,0.0,7/13/2024,Ewallet,6.2
2462,2462,New York,New York,Normal,Male,Fashion & Accs,Fashion & Accs,14.75,1.0,0.74,15.49,0.0,0.0,7/13/2024,Ewallet,7.1
2463,2463,Chicago,Chicago,Normal,Female,Food & Beverages,Food & Beverages,6.81,2.0,0.68,14.3,0.0,0.0,7/13/2024,Cash,9.7
2464,2464,Chicago,Chicago,Member,Male,Health & Beauty,Health & Beauty,24.85,2.0,2.49,52.19,0.0,0.0,7/13/2024,Cash,7.9
2465,2465,Chicago,Chicago,Member,Female,Health & Beauty,Health & Beauty,21.5,2.0,2.15,45.15,0.0,0.0,7/13/2024,Ewallet,9.2
2466,2466,Chicago,Chicago,Member,Female,Health & Beauty,Health & Beauty,32.38,4.0,6.48,136.0,0.0,0.0,7/13/2024,Credit card,7.0
2467,2467,Chicago,Chicago,Normal,Female,Fashion & Accs,Fashion & Accs,13.13,3.0,1.97,41.36,0.0,0.0,7/13/2024,Cash,8.0
2468,2468,New York,New York,Normal,Female,Food & Beverages,Food & Beverages,5.36,3.0,0.8,16.88,0.0,0.0,7/14/2024,Credit card,9.0
2469,2469,New York,New York,Normal,Female,Food & Beverages,Food & Beverages,4.7,3.0,0.7,14.8,0.0,0.0,7/14/2024,Credit card,8.1
2470,2470,Los Angeles,Los Angeles,Normal,Male,Health & Beauty,Health & Beauty,25.37,2.0,2.54,53.28,0.0,0.0,7/14/2024,Cash,5.6
2471,2471,Los Angeles,Los Angeles,Member,Female,Food & Beverages,Food & Beverages,6.2,1.0,0.31,6.51,0.0,0.0,7/14/2024,Cash,8.7
2472,2472,Chicago,Chicago,Member,Female,Home & Lifestyle,Home & Lifestyle,73.55,5.0,18.39,386.14,0.0,0.0,7/14/2024,Credit card,7.4
2473,2473,New York,New York,Member,Male,Food & Beverages,Food & Beverages,5.99,3.0,0.9,18.87,0.0,0.0,7/14/2024,Cash,7.3
2474,2474,New York,New York,Normal,Female,Food & Beverages,Food & Beverages,4.32,5.0,1.08,22.68,0.0,0.0,7/14/2024,Ewallet,6.9
2475,2475,Chicago,Chicago,Normal,Female,Food & Beverages,Food & Beverages,7.9,1.0,0.4,8.3,0.0,0.0,7/14/2024,Cash,8.3
2476,2476,Chicago,Chicago,Member,Female,Food & Beverages,Food & Beverages,7.14,3.0,1.07,22.49,0.0,0.0,7/14/2024,Ewallet,8.4
2477,2477,Los Angeles,Los Angeles,Normal,Female,Health & Beauty,Health & Beauty,31.07,2.0,3.11,65.25,0.0,0.0,7/14/2024,Cash,6.0
2478,2478,Los Angeles,Los Angeles,Member,Female,Fashion & Accs,Fashion & Accs,13.83,3.0,2.07,43.56,0.0,0.0,7/15/2024,Cash,7.2
2479,2479,Chicago,Chicago,Normal,Female,Food & Beverages,Food & Beverages,6.94,2.0,0.69,14.57,0.0,0.0,7/15/2024,Cash,7.3
2480,2480,Los Angeles,Los Angeles,Normal,Male,Health & Beauty,Health & Beauty,30.64,1.0,1.53,32.17,0.0,0.0,7/15/2024,Cash,5.9
2481,2481,Chicago,Chicago,Normal,Female,Food & Beverages,Food & Beverages,7.56,2.0,0.76,15.88,0.0,0.0,7/15/2024,Ewallet,7.4
2482,2482,Chicago,Chicago,Member,Male,Electronics,Electronics,94.92,1.0,4.75,99.67,0.0,0.0,7/15/2024,Cash,9.8
2483,2483,Los Angeles,Los Angeles,Normal,Male,Health & Beauty,Health & Beauty,30.64,3.0,4.6,96.52,0.0,0.0,7/15/2024,Credit card,5.6
2484,2484,Chicago,Chicago,Member,Female,Health & Beauty,Health & Beauty,28.23,4.0,5.65,118.57,0.0,0.0,7/15/2024,Ewallet,8.2
2485,2485,Los Angeles,Los Angeles,Normal,Female,Electronics,Electronics,96.01,1.0,4.8,100.81,0.0,0.0,7/15/2024,Credit card,8.3
2486,2486,Chicago,Chicago,Normal,Female,Food & Beverages,Food & Beverages,5.64,4.0,1.13,23.69,0.0,0.0,7/15/2024,Credit card,8.5
2487,2487,Los Angeles,Los Angeles,Member,Male,Food & Beverages,Food & Beverages,5.45,1.0,0.27,5.72,0.0,0.0,7/16/2024,Ewallet,7.3
2488,2488,Los Angeles,Los Angeles,Normal,Male,Food & Beverages,Food & Beverages,3.53,2.0,0.35,7.41,0.0,0.0,7/16/2024,Cash,7.4
2489,2489,New York,New York,Normal,Male,Fashion & Accs,Fashion & Accs,5.37,2.0,0.54,11.28,0.0,0.0,7/16/2024,Cash,6.8
2490,2490,New York,New York,Normal,Male,Health & Beauty,Health & Beauty,27.11,3.0,4.07,85.4,0.0,0.0,7/16/2024,Cash,8.2
2491,2491,Los Angeles,Los Angeles,Normal,Female,Food & Beverages,Food & Beverages,5.62,4.0,1.12,23.6,0.0,0.0,7/16/2024,Ewallet,7.4
2492,2492,New York,New York,Normal,Female,Food & Beverages,Food & Beverages,5.68,5.0,1.42,29.82,0.0,0.0,7/16/2024,Cash,5.8
2493,2493,New York,New York,Normal,Male,Sports & Travel,Sports & Travel,57.42,2.0,5.74,120.58,0.0,0.0,7/16/2024,Credit card,6.8
2494,2494,Los Angeles,Los Angeles,Member,Female,Health & Beauty,Health & Beauty,33.9,1.0,1.7,35.6,0.0,0.0,7/16/2024,Ewallet,7.5
2495,2495,Los Angeles,Los Angeles,Normal,Female,Food & Beverages,Food & Beverages,3.83,5.0,0.96,20.11,0.0,0.0,7/16/2024,Cash,6.1
2496,2496,Los Angeles,Los Angeles,Member,Male,Health & Beauty,Health & Beauty,39.62,1.0,1.98,41.6,0.0,0.0,7/16/2024,Cash,6.8
2497,2497,Los Angeles,Los Angeles,Normal,Male,Food & Beverages,Food & Beverages,5.41,2.0,0.54,11.36,0.0,0.0,7/17/2024,Ewallet,6.8
2498,2498,Chicago,Chicago,Member,Female,Food & Beverages,Food & Beverages,7.22,4.0,1.44,30.32,0.0,0.0,7/17/2024,Cash,7.4
2499,2499,New York,New York,Normal,Male,Food & Beverages,Food & Beverages,5.01,3.0,0.75,15.78,0.0,0.0,7/17/2024,Cash,7.5
2500,2500,New York,New York,Normal,Male,Food & Beverages,Food & Beverages,5.9,4.0,1.18,24.78,0.0,0.0,7/17/2024,Credit card,7.2
2501,2501,Chicago,Chicago,Normal,Male,Food & Beverages,Food & Beverages,6.03,5.0,1.51,31.66,0.0,0.0,7/17/2024,Cash,8.8
2502,2502,Chicago,Chicago,Normal,Male,Food & Beverages,Food & Beverages,6.42,1.0,0.32,6.74,0.0,0.0,7/17/2024,Ewallet,6.3
2503,2503,Chicago,Chicago,Normal,Male,Health & Beauty,Health & Beauty,29.12,3.0,4.37,91.73,0.0,0.0,7/17/2024,Cash,6.7
2504,2504,New York,New York,Normal,Male,Food & Beverages,Food & Beverages,2.34,4.0,0.47,9.83,0.0,0.0,7/17/2024,Credit card,9.0
2505,2505,Los Angeles,Los Angeles,Normal,Female,Food & Beverages,Food & Beverages,3.43,4.0,0.69,14.41,0.0,0.0,7/17/2024,Ewallet,8.3
2506,2506,Los Angeles,Los Angeles,Normal,Male,Food & Beverages,Food & Beverages,6.57,2.0,0.66,13.8,0.0,0.0,7/17/2024,Ewallet,6.9
2507,2507,Chicago,Chicago,Member,Female,Sports & Travel,Sports & Travel,73.4,2.0,7.34,154.14,0.0,0.0,7/17/2024,Credit card,8.7
2508,2508,Chicago,Chicago,Normal,Female,Fashion & Accs,Fashion & Accs,15.82,1.0,0.79,16.61,0.0,0.0,7/17/2024,Cash,8.3
2509,2509,Los Angeles,Los Angeles,Member,Female,Sports & Travel,Sports & Travel,58.14,2.0,5.81,122.09,0.0,0.0,7/18/2024,Credit card,7.7
2510,2510,Los Angeles,Los Angeles,Member,Male,Food & Beverages,Food & Beverages,6.1,1.0,0.3,6.4,0.0,0.0,7/18/2024,Ewallet,7.7
2511,2511,Los Angeles,Los Angeles,Member,Female,Fashion & Accs,Fashion & Accs,6.81,2.0,0.68,14.3,0.0,0.0,7/18/2024,Ewallet,8.2
2512,2512,Chicago,Chicago,Normal,Male,Food & Beverages,Food & Beverages,7.11,3.0,1.07,22.4,0.0,0.0,7/18/2024,Credit card,7.2
2513,2513,Chicago,Chicago,Normal,Male,Food & Beverages,Food & Beverages,4.79,3.0,0.72,15.09,0.0,0.0,7/18/2024,Ewallet,6.3
2514,2514,Los Angeles,Los Angeles,Member,Male,Health & Beauty,Health & Beauty,33.2,3.0,4.98,104.58,0.0,0.0,7/18/2024,Cash,7.1
2515,2515,Chicago,Chicago,Member,Male,Home & Lifestyle,Home & Lifestyle,69.74,4.0,13.95,292.91,0.0,0.0,7/18/2024,Credit card,6.9
2516,2516,Los Angeles,Los Angeles,Normal,Female,Sports & Travel,Sports & Travel,61.82,2.0,6.18,129.82,0.0,0.0,7/18/2024,Credit card,8.6
2517,2517,Chicago,Chicago,Normal,Female,Home & Lifestyle,Home & Lifestyle,49.71,2.0,4.97,104.39,0.0,0.0,7/18/2024,Ewallet,6.9
2518,2518,New York,New York,Normal,Male,Food & Beverages,Food & Beverages,2.98,3.0,0.45,9.39,0.0,0.0,7/18/2024,Cash,6.1
2519,2519,Chicago,Chicago,Normal,Female,Food & Beverages,Food & Beverages,5.29,5.0,1.32,27.77,0.0,0.0,7/18/2024,Ewallet,6.6
2520,2520,Los Angeles,Los Angeles,Member,Female,Home & Lifestyle,Home & Lifestyle,68.19,2.0,6.82,143.2,0.0,0.0,7/18/2024,Cash,6.2
2521,2521,Chicago,Chicago,Member,Male,Food & Beverages,Food & Beverages,6.49,2.0,0.65,13.63,0.0,0.0,7/18/2024,Credit card,9.0
2522,2522,Chicago,Chicago,Member,Female,Fashion & Accs,Fashion & Accs,14.32,3.0,2.15,45.11,0.0,0.0,7/18/2024,Cash,7.4
2523,2523,Chicago,Chicago,Member,Female,Fashion & Accs,Fashion & Accs,15.19,2.0,1.52,31.9,0.0,0.0,7/18/2024,Credit card,7.5
2524,2524,Chicago,Chicago,Member,Female,Food & Beverages,Food & Beverages,3.24,2.0,0.32,6.8,0.0,0.0,7/19/2024,Credit card,8.3
2525,2525,Chicago,Chicago,Member,Male,Food & Beverages,Food & Beverages,6.69,3.0,1.0,21.07,0.0,0.0,7/19/2024,Credit card,7.4
2526,2526,Chicago,Chicago,Member,Male,Food & Beverages,Food & Beverages,6.78,3.0,1.02,21.36,0.0,0.0,7/19/2024,Credit card,8.7
2527,2527,Los Angeles,Los Angeles,Normal,Male,Food & Beverages,Food & Beverages,2.69,1.0,0.13,2.82,0.0,0.0,7/19/2024,Cash,6.8
2528,2528,Los Angeles,Los Angeles,Member,Female,Home & Lifestyle,Home & Lifestyle,68.73,2.0,6.87,144.33,0.0,0.0,7/19/2024,Credit card,6.6
2529,2529,Chicago,Chicago,Normal,Male,Food & Beverages,Food & Beverages,2.68,4.0,0.54,11.26,0.0,0.0,7/19/2024,Cash,8.1
2530,2530,Los Angeles,Los Angeles,Normal,Female,Food & Beverages,Food & Beverages,5.45,3.0,0.82,17.17,0.0,0.0,7/19/2024,Cash,8.8
2531,2531,Chicago,Chicago,Normal,Female,Home & Lifestyle,Home & Lifestyle,56.98,4.0,11.4,239.32,0.0,0.0,7/19/2024,Credit card,8.0
2532,2532,Chicago,Chicago,Normal,Female,Health & Beauty,Health & Beauty,16.87,3.0,2.53,53.14,0.0,0.0,7/19/2024,Credit card,5.1
2533,2533,New York,New York,Member,Male,Food & Beverages,Food & Beverages,7.4,5.0,1.85,38.85,0.0,0.0,7/19/2024,Ewallet,8.2
2534,2534,Chicago,Chicago,Normal,Male,Food & Beverages,Food & Beverages,5.17,3.0,0.78,16.29,0.0,0.0,7/20/2024,Cash,7.7
2535,2535,Chicago,Chicago,Normal,Male,Health & Beauty,Health & Beauty,27.52,2.0,2.75,57.79,0.0,0.0,7/20/2024,Ewallet,7.3
2536,2536,Chicago,Chicago,Member,Female,Health & Beauty,Health & Beauty,38.89,2.0,3.89,81.67,0.0,0.0,7/20/2024,Ewallet,6.9
2537,2537,New York,New York,Normal,Male,Food & Beverages,Food & Beverages,6.68,3.0,1.0,21.04,0.0,0.0,7/20/2024,Credit card,6.5
2538,2538,New York,New York,Normal,Female,Food & Beverages,Food & Beverages,6.38,4.0,1.28,26.8,0.0,0.0,7/20/2024,Cash,6.5
2539,2539,Los Angeles,Los Angeles,Normal,Male,Food & Beverages,Food & Beverages,5.13,1.0,0.26,5.39,0.0,0.0,7/20/2024,Credit card,7.8
2540,2540,Los Angeles,Los Angeles,Member,Female,Health & Beauty,Health & Beauty,31.79,4.0,6.36,133.52,0.0,0.0,7/20/2024,Cash,6.6
2541,2541,Chicago,Chicago,Normal,Male,Food & Beverages,Food & Beverages,4.81,2.0,0.48,10.1,0.0,0.0,7/20/2024,Credit card,5.9
2542,2542,Chicago,Chicago,Member,Male,Food & Beverages,Food & Beverages,6.23,5.0,1.56,32.71,0.0,0.0,7/20/2024,Ewallet,8.7
2543,2543,Los Angeles,Los Angeles,Normal,Female,Food & Beverages,Food & Beverages,6.93,2.0,0.69,14.55,0.0,0.0,7/20/2024,Credit card,7.2
2544,2544,New York,New York,Normal,Male,Food & Beverages,Food & Beverages,4.08,3.0,0.61,12.85,0.0,0.0,7/20/2024,Credit card,7.0
2545,2545,Los Angeles,Los Angeles,Normal,Female,Food & Beverages,Food & Beverages,6.54,3.0,0.98,20.6,0.0,0.0,7/20/2024,Cash,8.7
2546,2546,New York,New York,Normal,Female,Food & Beverages,Food & Beverages,6.61,2.0,0.66,13.88,0.0,0.0,7/20/2024,Ewallet,7.4
2547,2547,Chicago,Chicago,Normal,Male,Food & Beverages,Food & Beverages,5.37,2.0,0.54,11.28,0.0,0.0,7/20/2024,Ewallet,7.8
2548,2548,Chicago,Chicago,Normal,Male,Sports & Travel,Sports & Travel,69.46,3.0,10.42,218.8,0.0,0.0,7/20/2024,Cash,6.7
2549,2549,Chicago,Chicago,Normal,Male,Food & Beverages,Food & Beverages,5.98,3.0,0.9,18.84,0.0,0.0,7/21/2024,Cash,7.5
2550,2550,Los Angeles,Los Angeles,Normal,Female,Fashion & Accs,Fashion & Accs,15.16,3.0,2.27,47.75,0.0,0.0,7/21/2024,Ewallet,7.1
2551,2551,Chicago,Chicago,Normal,Female,Health & Beauty,Health & Beauty,28.58,4.0,5.72,120.04,0.0,0.0,7/21/2024,Credit card,6.4
2552,2552,Chicago,Chicago,Normal,Male,Food & Beverages,Food & Beverages,6.18,1.0,0.31,6.49,0.0,0.0,7/21/2024,Cash,6.8
2553,2553,New York,New York,Member,Male,Food & Beverages,Food & Beverages,7.14,6.0,2.14,44.98,0.0,0.0,7/21/2024,Credit card,6.8
2554,2554,Los Angeles,Los Angeles,Normal,Male,Health & Beauty,Health & Beauty,23.92,3.0,3.59,75.35,0.0,0.0,7/21/2024,Cash,8.8
2555,2555,Chicago,Chicago,Normal,Male,Food & Beverages,Food & Beverages,5.53,3.0,0.83,17.42,0.0,0.0,7/21/2024,Cash,5.5
2556,2556,New York,New York,Normal,Female,Food & Beverages,Food & Beverages,3.55,1.0,0.18,3.73,0.0,0.0,7/21/2024,Credit card,7.3
2557,2557,Chicago,Chicago,Normal,Male,Food & Beverages,Food & Beverages,6.1,1.0,0.3,6.4,0.0,0.0,7/21/2024,Cash,7.2
2558,2558,Los Angeles,Los Angeles,Normal,Male,Health & Beauty,Health & Beauty,24.15,2.0,2.42,50.72,0.0,0.0,7/22/2024,Credit card,8.1
2559,2559,Los Angeles,Los Angeles,Normal,Female,Fashion & Accs,Fashion & Accs,12.93,1.0,0.65,13.58,0.0,0.0,7/22/2024,Ewallet,8.3
2560,2560,Chicago,Chicago,Normal,Female,Food & Beverages,Food & Beverages,2.5,3.0,0.38,7.88,0.0,0.0,7/22/2024,Cash,6.6
2561,2561,Chicago,Chicago,Normal,Male,Health & Beauty,Health & Beauty,32.65,3.0,4.9,102.85,0.0,0.0,7/22/2024,Cash,4.8
2562,2562,Los Angeles,Los Angeles,Normal,Male,Food & Beverages,Food & Beverages,5.11,2.0,0.51,10.73,0.0,0.0,7/22/2024,Cash,8.6
2563,2563,Chicago,Chicago,Normal,Female,Sports & Travel,Sports & Travel,71.9,1.0,3.6,75.5,0.0,0.0,7/22/2024,Ewallet,7.4
2564,2564,New York,New York,Normal,Male,Food & Beverages,Food & Beverages,6.2,3.0,0.93,19.53,0.0,0.0,7/22/2024,Cash,7.6
2565,2565,Chicago,Chicago,Normal,Female,Health & Beauty,Health & Beauty,31.26,4.0,6.25,131.29,0.0,0.0,7/22/2024,Credit card,7.6
2566,2566,New York,New York,Normal,Female,Food & Beverages,Food & Beverages,6.08,3.0,0.91,19.15,0.0,0.0,7/22/2024,Credit card,8.6
2567,2567,Chicago,Chicago,Normal,Female,Health & Beauty,Health & Beauty,25.68,2.0,2.57,53.93,0.0,0.0,7/22/2024,Cash,6.7
2568,2568,Chicago,Chicago,Normal,Male,Health & Beauty,Health & Beauty,27.81,4.0,5.56,116.8,0.0,0.0,7/22/2024,Credit card,7.8
2569,2569,Los Angeles,Los Angeles,Member,Male,Health & Beauty,Health & Beauty,20.39,3.0,3.06,64.23,0.0,0.0,7/22/2024,Ewallet,7.1
2570,2570,Chicago,Chicago,Normal,Female,Health & Beauty,Health & Beauty,35.09,3.0,5.26,110.53,0.0,0.0,7/22/2024,Credit card,8.6
2571,2571,Los Angeles,Los Angeles,Member,Female,Fashion & Accs,Fashion & Accs,7.16,2.0,0.72,15.04,0.0,0.0,7/22/2024,Cash,4.6
2572,2572,Los Angeles,Los Angeles,Normal,Female,Food & Beverages,Food & Beverages,6.69,5.0,1.67,35.12,0.0,0.0,7/22/2024,Cash,7.0
2573,2573,Los Angeles,Los Angeles,Member,Female,Food & Beverages,Food & Beverages,7.18,2.0,0.72,15.08,0.0,0.0,7/22/2024,Ewallet,7.6
2574,2574,New York,New York,Normal,Male,Food & Beverages,Food & Beverages,7.26,2.0,0.73,15.25,0.0,0.0,7/22/2024,Ewallet,5.9
2575,2575,Los Angeles,Los Angeles,Normal,Female,Food & Beverages,Food & Beverages,2.66,4.0,0.53,11.17,0.0,0.0,7/22/2024,Cash,9.6
2576,2576,New York,New York,Normal,Female,Food & Beverages,Food & Beverages,6.54,5.0,1.64,34.34,0.0,0.0,7/23/2024,Cash,8.4
2577,2577,Chicago,Chicago,Normal,Male,Food & Beverages,Food & Beverages,6.36,4.0,1.27,26.71,0.0,0.0,7/23/2024,Credit card,6.9
2578,2578,Chicago,Chicago,Normal,Female,Food & Beverages,Food & Beverages,7.35,4.0,1.47,30.87,0.0,0.0,7/23/2024,Cash,7.0
2579,2579,Chicago,Chicago,Member,Female,Home & Lifestyle,Home & Lifestyle,50.65,5.0,12.66,265.91,0.0,0.0,7/23/2024,Credit card,6.3
2580,2580,New York,New York,Member,Female,Food & Beverages,Food & Beverages,5.54,6.0,1.66,34.9,0.0,0.0,7/23/2024,Ewallet,7.4
2581,2581,Chicago,Chicago,Member,Male,Electronics,Electronics,87.26,1.0,4.36,91.62,0.0,0.0,7/23/2024,Cash,5.6
2582,2582,Chicago,Chicago,Normal,Female,Food & Beverages,Food & Beverages,7.17,4.0,1.43,30.11,0.0,0.0,7/23/2024,Credit card,7.8
2583,2583,Los Angeles,Los Angeles,Normal,Female,Food & Beverages,Food & Beverages,7.03,3.0,1.05,22.14,0.0,0.0,7/23/2024,Ewallet,8.2
2584,2584,Chicago,Chicago,Normal,Female,Health & Beauty,Health & Beauty,35.27,1.0,1.76,37.03,0.0,0.0,7/23/2024,Ewallet,6.6
2585,2585,New York,New York,Member,Male,Food & Beverages,Food & Beverages,5.12,6.0,1.54,32.26,0.0,0.0,7/24/2024,Cash,7.1
2586,2586,Los Angeles,Los Angeles,Normal,Male,Fashion & Accs,Fashion & Accs,17.43,2.0,1.74,36.6,0.0,0.0,7/24/2024,Credit card,7.8
2587,2587,Chicago,Chicago,Normal,Male,Food & Beverages,Food & Beverages,6.13,4.0,1.23,25.75,0.0,0.0,7/24/2024,Cash,8.3
2588,2588,New York,New York,Normal,Female,Health & Beauty,Health & Beauty,36.61,2.0,3.66,76.88,0.0,0.0,7/24/2024,Credit card,8.6
2589,2589,Los Angeles,Los Angeles,Normal,Female,Health & Beauty,Health & Beauty,32.28,3.0,4.84,101.68,0.0,0.0,7/24/2024,Cash,6.6
2590,2590,Chicago,Chicago,Normal,Female,Food & Beverages,Food & Beverages,5.76,2.0,0.58,12.1,0.0,0.0,7/24/2024,Ewallet,7.3
2591,2591,Chicago,Chicago,Member,Male,Health & Beauty,Health & Beauty,31.41,4.0,6.28,131.92,0.0,0.0,7/24/2024,Cash,7.4
2592,2592,Chicago,Chicago,Member,Male,Fashion & Accs,Fashion & Accs,10.58,1.0,0.53,11.11,0.0,0.0,7/24/2024,Ewallet,7.3
2593,2593,New York,New York,Member,Female,Food & Beverages,Food & Beverages,6.26,2.0,0.63,13.15,0.0,0.0,7/24/2024,Ewallet,6.0
2594,2594,Chicago,Chicago,Member,Male,Food & Beverages,Food & Beverages,6.12,1.0,0.31,6.43,0.0,0.0,7/24/2024,Ewallet,8.8
2595,2595,Los Angeles,Los Angeles,Normal,Male,Health & Beauty,Health & Beauty,37.14,2.0,3.71,77.99,0.0,0.0,7/24/2024,Credit card,7.2
2596,2596,New York,New York,Normal,Male,Food & Beverages,Food & Beverages,2.92,3.0,0.44,9.2,0.0,0.0,7/24/2024,Ewallet,7.9
2597,2597,Los Angeles,Los Angeles,Normal,Female,Food & Beverages,Food & Beverages,6.44,1.0,0.32,6.76,0.0,0.0,7/24/2024,Cash,7.7
2598,2598,Chicago,Chicago,Normal,Female,Food & Beverages,Food & Beverages,6.7,5.0,1.68,35.18,0.0,0.0,7/24/2024,Cash,8.1
2599,2599,Los Angeles,Los Angeles,Normal,Male,Food & Beverages,Food & Beverages,5.6,4.0,1.12,23.52,0.0,0.0,7/24/2024,Ewallet,8.0
2600,2600,Chicago,Chicago,Normal,Female,Food & Beverages,Food & Beverages,4.42,2.0,0.44,9.28,0.0,0.0,7/24/2024,Credit card,6.8
2601,2601,Los Angeles,Los Angeles,Normal,Male,Food & Beverages,Food & Beverages,5.37,1.0,0.27,5.64,0.0,0.0,7/24/2024,Ewallet,6.2
2602,2602,Los Angeles,Los Angeles,Member,Female,Food & Beverages,Food & Beverages,7.62,5.0,1.91,40.01,0.0,0.0,7/25/2024,Cash,5.9
2603,2603,Los Angeles,Los Angeles,Normal,Female,Home & Lifestyle,Home & Lifestyle,60.48,1.0,3.02,63.5,0.0,0.0,7/25/2024,Cash,6.7
2604,2604,Chicago,Chicago,Normal,Male,Health & Beauty,Health & Beauty,34.91,1.0,1.75,36.66,0.0,0.0,7/25/2024,Ewallet,7.2
2605,2605,Los Angeles,Los Angeles,Normal,Male,Food & Beverages,Food & Beverages,6.43,2.0,0.64,13.5,0.0,0.0,7/25/2024,Ewallet,6.8
2606,2606,Chicago,Chicago,Member,Female,Health & Beauty,Health & Beauty,36.97,1.0,1.85,38.82,0.0,0.0,7/25/2024,Cash,7.2
2607,2607,New York,New York,Normal,Male,Food & Beverages,Food & Beverages,5.4,4.0,1.08,22.68,0.0,0.0,7/25/2024,Cash,7.0
2608,2608,Los Angeles,Los Angeles,Normal,Male,Health & Beauty,Health & Beauty,34.3,1.0,1.72,36.02,0.0,0.0,7/25/2024,Cash,7.4
2609,2609,New York,New York,Member,Male,Food & Beverages,Food & Beverages,5.21,2.0,0.52,10.94,0.0,0.0,7/25/2024,Cash,7.2
2610,2610,Los Angeles,Los Angeles,Member,Male,Fashion & Accs,Fashion & Accs,13.73,3.0,2.06,43.25,0.0,0.0,7/25/2024,Credit card,7.1
2611,2611,Los Angeles,Los Angeles,Normal,Male,Health & Beauty,Health & Beauty,22.33,3.0,3.35,70.34,0.0,0.0,7/25/2024,Credit card,6.4
2612,2612,Los Angeles,Los Angeles,Member,Male,Health & Beauty,Health & Beauty,25.22,1.0,1.26,26.48,0.0,0.0,7/25/2024,Credit card,6.8
2613,2613,Chicago,Chicago,Normal,Female,Food & Beverages,Food & Beverages,3.85,4.0,0.77,16.17,0.0,0.0,7/25/2024,Ewallet,7.2
2614,2614,Los Angeles,Los Angeles,Normal,Female,Food & Beverages,Food & Beverages,7.1,2.0,0.71,14.91,0.0,0.0,7/25/2024,Ewallet,7.7
2615,2615,Chicago,Chicago,Member,Male,Health & Beauty,Health & Beauty,27.63,4.0,5.53,116.05,0.0,0.0,7/25/2024,Cash,7.2
2616,2616,New York,New York,Member,Female,Health & Beauty,Health & Beauty,34.46,2.0,3.45,72.37,0.0,0.0,7/25/2024,Ewallet,6.3
2617,2617,Chicago,Chicago,Member,Female,Food & Beverages,Food & Beverages,6.5,2.0,0.65,13.65,0.0,0.0,7/25/2024,Cash,7.3
2618,2618,Los Angeles,Los Angeles,Normal,Female,Health & Beauty,Health & Beauty,22.75,4.0,4.55,95.55,0.0,0.0,7/25/2024,Credit card,8.1
2619,2619,New York,New York,Normal,Female,Food & Beverages,Food & Beverages,5.86,4.0,1.17,24.61,0.0,0.0,7/26/2024,Credit card,6.1
2620,2620,Chicago,Chicago,Normal,Male,Food & Beverages,Food & Beverages,3.18,4.0,0.64,13.36,0.0,0.0,7/26/2024,Credit card,6.0
2621,2621,Los Angeles,Los Angeles,Member,Female,Food & Beverages,Food & Beverages,6.77,4.0,1.35,28.43,0.0,0.0,7/26/2024,Credit card,6.7
2622,2622,Los Angeles,Los Angeles,Normal,Female,Food & Beverages,Food & Beverages,5.74,4.0,1.15,24.11,0.0,0.0,7/26/2024,Ewallet,7.9
2623,2623,Chicago,Chicago,Member,Female,Food & Beverages,Food & Beverages,3.67,3.0,0.55,11.56,0.0,0.0,7/26/2024,Ewallet,7.4
2624,2624,Los Angeles,Los Angeles,Member,Male,Health & Beauty,Health & Beauty,21.08,4.0,4.22,88.54,0.0,0.0,7/26/2024,Credit card,7.7
2625,2625,Los Angeles,Los Angeles,Normal,Female,Fashion & Accs,Fashion & Accs,12.14,1.0,0.61,12.75,0.0,0.0,7/26/2024,Cash,6.4
2626,2626,New York,New York,Member,Female,Health & Beauty,Health & Beauty,33.13,2.0,3.31,69.57,0.0,0.0,7/26/2024,Cash,7.5
2627,2627,New York,New York,Normal,Male,Fashion & Accs,Fashion & Accs,15.15,2.0,1.52,31.82,0.0,0.0,7/26/2024,Credit card,6.5
2628,2628,New York,New York,Normal,Male,Food & Beverages,Food & Beverages,4.49,2.0,0.45,9.43,0.0,0.0,7/26/2024,Cash,8.8
2629,2629,Chicago,Chicago,Member,Male,Health & Beauty,Health & Beauty,36.69,3.0,5.5,115.57,0.0,0.0,7/27/2024,Credit card,6.9
2630,2630,New York,New York,Normal,Male,Fashion & Accs,Fashion & Accs,13.78,2.0,1.38,28.94,0.0,0.0,7/27/2024,Ewallet,7.0
2631,2631,Chicago,Chicago,Member,Female,Health & Beauty,Health & Beauty,16.26,3.0,2.44,51.22,0.0,0.0,7/27/2024,Ewallet,7.9
2632,2632,Los Angeles,Los Angeles,Normal,Male,Food & Beverages,Food & Beverages,6.24,2.0,0.62,13.1,0.0,0.0,7/27/2024,Cash,6.4
2633,2633,Los Angeles,Los Angeles,Normal,Male,Food & Beverages,Food & Beverages,7.67,2.0,0.77,16.11,0.0,0.0,7/27/2024,Credit card,8.7
2634,2634,New York,New York,Normal,Male,Food & Beverages,Food & Beverages,6.7,3.0,1.01,21.11,0.0,0.0,7/27/2024,Cash,7.2
2635,2635,Chicago,Chicago,Normal,Male,Food & Beverages,Food & Beverages,5.35,4.0,1.07,22.47,0.0,0.0,7/27/2024,Ewallet,7.7
2636,2636,Chicago,Chicago,Normal,Male,Food & Beverages,Food & Beverages,6.09,3.0,0.91,19.18,0.0,0.0,7/27/2024,Ewallet,6.4
2637,2637,Los Angeles,Los Angeles,Normal,Female,Health & Beauty,Health & Beauty,16.03,4.0,3.21,67.33,0.0,0.0,7/27/2024,Ewallet,5.7
2638,2638,Los Angeles,Los Angeles,Normal,Female,Food & Beverages,Food & Beverages,3.42,2.0,0.34,7.18,0.0,0.0,7/27/2024,Ewallet,7.5
2639,2639,Los Angeles,Los Angeles,Normal,Female,Food & Beverages,Food & Beverages,6.33,2.0,0.63,13.29,0.0,0.0,7/27/2024,Cash,7.6
2640,2640,New York,New York,Member,Female,Food & Beverages,Food & Beverages,6.91,3.0,1.04,21.77,0.0,0.0,7/27/2024,Cash,8.8
2641,2641,New York,New York,Normal,Male,Food & Beverages,Food & Beverages,7.1,1.0,0.36,7.46,0.0,0.0,7/28/2024,Ewallet,7.2
2642,2642,Los Angeles,Los Angeles,Normal,Female,Health & Beauty,Health & Beauty,25.95,3.0,3.89,81.74,0.0,0.0,7/28/2024,Cash,8.2
2643,2643,Los Angeles,Los Angeles,Normal,Male,Food & Beverages,Food & Beverages,4.91,1.0,0.25,5.16,0.0,0.0,7/28/2024,Credit card,9.3
2644,2644,Chicago,Chicago,Normal,Male,Food & Beverages,Food & Beverages,5.94,2.0,0.59,12.47,0.0,0.0,7/28/2024,Credit card,8.2
2645,2645,Los Angeles,Los Angeles,Member,Female,Food & Beverages,Food & Beverages,3.95,2.0,0.4,8.3,0.0,0.0,7/28/2024,Cash,6.6
2646,2646,Los Angeles,Los Angeles,Normal,Male,Food & Beverages,Food & Beverages,6.83,4.0,1.37,28.69,0.0,0.0,7/28/2024,Ewallet,7.7
2647,2647,New York,New York,Member,Male,Food & Beverages,Food & Beverages,7.58,3.0,1.14,23.88,0.0,0.0,7/28/2024,Cash,8.5
2648,2648,New York,New York,Member,Female,Fashion & Accs,Fashion & Accs,11.54,1.0,0.58,12.12,0.0,0.0,7/28/2024,Credit card,7.3
2649,2649,Los Angeles,Los Angeles,Normal,Female,Health & Beauty,Health & Beauty,24.78,2.0,2.48,52.04,0.0,0.0,7/28/2024,Credit card,6.0
2650,2650,New York,New York,Normal,Male,Electronics,Electronics,94.77,1.0,4.74,99.51,0.0,0.0,7/28/2024,Ewallet,7.6
2651,2651,Los Angeles,Los Angeles,Normal,Male,Food & Beverages,Food & Beverages,3.76,5.0,0.94,19.74,0.0,0.0,7/28/2024,Credit card,6.6
2652,2652,Chicago,Chicago,Normal,Female,Health & Beauty,Health & Beauty,26.01,2.0,2.6,54.62,0.0,0.0,7/28/2024,Credit card,5.4
2653,2653,Chicago,Chicago,Normal,Female,Health & Beauty,Health & Beauty,20.2,2.0,2.02,42.42,0.0,0.0,7/29/2024,Credit card,6.6
2654,2654,New York,New York,Normal,Female,Food & Beverages,Food & Beverages,5.29,1.0,0.26,5.55,0.0,0.0,7/29/2024,Credit card,7.6
2655,2655,New York,New York,Member,Female,Food & Beverages,Food & Beverages,7.42,4.0,1.48,31.16,0.0,0.0,7/29/2024,Credit card,7.2
2656,2656,New York,New York,Normal,Female,Home & Lifestyle,Home & Lifestyle,68.96,5.0,17.24,362.04,0.0,0.0,7/29/2024,Ewallet,7.0
2657,2657,Chicago,Chicago,Member,Female,Home & Lifestyle,Home & Lifestyle,48.4,2.0,4.84,101.64,0.0,0.0,7/29/2024,Credit card,6.6
2658,2658,Chicago,Chicago,Normal,Female,Food & Beverages,Food & Beverages,6.38,2.0,0.64,13.4,0.0,0.0,7/29/2024,Ewallet,8.4
2659,2659,Chicago,Chicago,Normal,Male,Food & Beverages,Food & Beverages,4.54,3.0,0.68,14.3,0.0,0.0,7/29/2024,Cash,9.4
2660,2660,New York,New York,Normal,Male,Electronics,Electronics,79.56,2.0,7.96,167.08,0.0,0.0,7/29/2024,Cash,7.3
2661,2661,Los Angeles,Los Angeles,Normal,Male,Food & Beverages,Food & Beverages,5.9,3.0,0.89,18.59,0.0,0.0,7/29/2024,Credit card,7.2
2662,2662,Los Angeles,Los Angeles,Normal,Female,Fashion & Accs,Fashion & Accs,18.67,1.0,0.93,19.6,0.0,0.0,7/30/2024,Credit card,7.2
2663,2663,Chicago,Chicago,Normal,Male,Sports & Travel,Sports & Travel,57.64,3.0,8.65,181.57,0.0,0.0,7/30/2024,Ewallet,8.7
2664,2664,New York,New York,Normal,Male,Sports & Travel,Sports & Travel,67.03,1.0,3.35,70.38,0.0,0.0,7/30/2024,Ewallet,7.0
2665,2665,Chicago,Chicago,Normal,Male,Food & Beverages,Food & Beverages,7.58,2.0,0.76,15.92,0.0,0.0,7/30/2024,Cash,8.3
2666,2666,Los Angeles,Los Angeles,Normal,Female,Health & Beauty,Health & Beauty,34.82,4.0,6.96,146.24,0.0,0.0,7/30/2024,Cash,6.5
2667,2667,Chicago,Chicago,Member,Female,Health & Beauty,Health & Beauty,24.29,2.0,2.43,51.01,0.0,0.0,7/30/2024,Ewallet,7.4
2668,2668,Los Angeles,Los Angeles,Member,Female,Home & Lifestyle,Home & Lifestyle,65.24,3.0,9.79,205.51,0.0,0.0,7/30/2024,Cash,7.6
2669,2669,Los Angeles,Los Angeles,Normal,Male,Electronics,Electronics,86.1,2.0,8.61,180.81,0.0,0.0,7/30/2024,Cash,7.6
2670,2670,Chicago,Chicago,Normal,Male,Food & Beverages,Food & Beverages,7.93,4.0,1.59,33.31,0.0,0.0,7/30/2024,Credit card,8.4
2671,2671,Los Angeles,Los Angeles,Member,Female,Health & Beauty,Health & Beauty,23.8,1.0,1.19,24.99,0.0,0.0,7/30/2024,Credit card,5.9
2672,2672,Chicago,Chicago,Normal,Female,Home & Lifestyle,Home & Lifestyle,62.07,4.0,12.41,260.69,0.0,0.0,7/30/2024,Ewallet,8.3
2673,2673,Chicago,Chicago,Normal,Male,Food & Beverages,Food & Beverages,7.06,1.0,0.35,7.41,0.0,0.0,7/30/2024,Ewallet,7.3
2674,2674,Los Angeles,Los Angeles,Normal,Male,Health & Beauty,Health & Beauty,20.02,1.0,1.0,21.02,0.0,0.0,7/31/2024,Cash,7.2
2675,2675,Los Angeles,Los Angeles,Normal,Male,Fashion & Accs,Fashion & Accs,19.43,1.0,0.97,20.4,0.0,0.0,7/31/2024,Cash,8.8
2676,2676,Chicago,Chicago,Normal,Male,Food & Beverages,Food & Beverages,7.45,3.0,1.12,23.47,0.0,0.0,7/31/2024,Cash,5.8
2677,2677,Chicago,Chicago,Member,Female,Health & Beauty,Health & Beauty,32.25,4.0,6.45,135.45,0.0,0.0,7/31/2024,Ewallet,5.9
2678,2678,Los Angeles,Los Angeles,Normal,Male,Food & Beverages,Food & Beverages,5.35,3.0,0.8,16.85,0.0,0.0,7/31/2024,Credit card,7.6
2679,2679,New York,New York,Normal,Female,Health & Beauty,Health & Beauty,27.8,1.0,1.39,29.19,0.0,0.0,7/31/2024,Credit card,5.4
2680,2680,Chicago,Chicago,Normal,Male,Food & Beverages,Food & Beverages,7.93,4.0,1.59,33.31,0.0,0.0,7/31/2024,Cash,6.5
2681,2681,Chicago,Chicago,Normal,Female,Food & Beverages,Food & Beverages,6.09,2.0,0.61,12.79,0.0,0.0,7/31/2024,Cash,7.4
2682,2682,Los Angeles,Los Angeles,Normal,Male,Food & Beverages,Food & Beverages,3.93,3.0,0.59,12.38,0.0,0.0,7/31/2024,Credit card,7.6
2683,2683,Los Angeles,Los Angeles,Normal,Female,Health & Beauty,Health & Beauty,34.73,4.0,6.95,145.87,0.0,0.0,7/31/2024,Cash,7.4
2684,2684,Los Angeles,Los Angeles,Normal,Male,Home & Lifestyle,Home & Lifestyle,67.69,5.0,16.92,355.37,0.0,0.0,7/31/2024,Ewallet,6.4
2685,2685,Chicago,Chicago,Normal,Female,Food & Beverages,Food & Beverages,3.25,4.0,0.65,13.65,0.0,0.0,7/31/2024,Ewallet,7.0
2686,2686,Los Angeles,Los Angeles,Normal,Female,Food & Beverages,Food & Beverages,3.88,1.0,0.19,4.07,0.0,0.0,7/31/2024,Ewallet,7.8
2687,2687,Chicago,Chicago,Normal,Female,Food & Beverages,Food & Beverages,2.97,4.0,0.59,12.47,0.0,0.0,7/31/2024,Ewallet,7.5
2688,2688,Los Angeles,Los Angeles,Normal,Female,Home & Lifestyle,Home & Lifestyle,69.24,2.0,6.92,145.4,0.0,0.0,7/31/2024,Ewallet,7.7
2689,2689,Los Angeles,Los Angeles,Normal,Female,Food & Beverages,Food & Beverages,3.96,2.0,0.4,8.32,0.0,0.0,8/1/2024,Ewallet,7.9
2690,2690,New York,New York,Member,Male,Health & Beauty,Health & Beauty,32.14,1.0,1.61,33.75,0.0,0.0,8/1/2024,Cash,7.1
2691,2691,Los Angeles,Los Angeles,Normal,Male,Fashion & Accs,Fashion & Accs,12.4,1.0,0.62,13.02,0.0,0.0,8/1/2024,Ewallet,6.8
2692,2692,New York,New York,Normal,Female,Home & Lifestyle,Home & Lifestyle,63.54,4.0,12.71,266.87,0.0,0.0,8/1/2024,Cash,7.1
2693,2693,Los Angeles,Los Angeles,Normal,Male,Food & Beverages,Food & Beverages,3.36,3.0,0.5,10.58,0.0,0.0,8/1/2024,Cash,6.1
2694,2694,Los Angeles,Los Angeles,Member,Male,Electronics,Electronics,85.1,1.0,4.26,89.36,0.0,0.0,8/1/2024,Ewallet,8.8
2695,2695,Los Angeles,Los Angeles,Member,Female,Food & Beverages,Food & Beverages,6.68,2.0,0.67,14.03,0.0,0.0,8/1/2024,Credit card,8.6
2696,2696,Los Angeles,Los Angeles,Normal,Female,Food & Beverages,Food & Beverages,6.36,3.0,0.95,20.03,0.0,0.0,8/1/2024,Ewallet,7.3
2697,2697,Chicago,Chicago,Normal,Male,Food & Beverages,Food & Beverages,7.8,2.0,0.78,16.38,0.0,0.0,8/1/2024,Ewallet,8.9
2698,2698,Los Angeles,Los Angeles,Normal,Male,Food & Beverages,Food & Beverages,6.02,2.0,0.6,12.64,0.0,0.0,8/1/2024,Credit card,8.4
2699,2699,Chicago,Chicago,Normal,Female,Fashion & Accs,Fashion & Accs,14.14,2.0,1.41,29.69,0.0,0.0,8/1/2024,Ewallet,5.4
2700,2700,Los Angeles,Los Angeles,Normal,Female,Fashion & Accs,Fashion & Accs,19.42,3.0,2.91,61.17,0.0,0.0,8/1/2024,Cash,5.2
2701,2701,New York,New York,Normal,Female,Food & Beverages,Food & Beverages,6.74,2.0,0.67,14.15,0.0,0.0,8/1/2024,Ewallet,6.4
2702,2702,Chicago,Chicago,Normal,Female,Health & Beauty,Health & Beauty,32.94,3.0,4.94,103.76,0.0,0.0,8/1/2024,Ewallet,7.3
2703,2703,Chicago,Chicago,Normal,Male,Food & Beverages,Food & Beverages,2.75,6.0,0.82,17.32,0.0,0.0,8/1/2024,Credit card,7.2
2704,2704,Chicago,Chicago,Normal,Female,Home & Lifestyle,Home & Lifestyle,51.31,1.0,2.57,53.88,0.0,0.0,8/1/2024,Cash,6.0
2705,2705,New York,New York,Normal,Male,Food & Beverages,Food & Beverages,4.88,3.0,0.73,15.37,0.0,0.0,8/2/2024,Ewallet,7.9
2706,2706,New York,New York,Member,Male,Health & Beauty,Health & Beauty,26.23,3.0,3.93,82.62,0.0,0.0,8/2/2024,Cash,8.9
2707,2707,New York,New York,Normal,Male,Sports & Travel,Sports & Travel,71.67,1.0,3.58,75.25,0.0,0.0,8/2/2024,Cash,7.5
2708,2708,New York,New York,Normal,Female,Home & Lifestyle,Home & Lifestyle,56.04,4.0,11.21,235.37,0.0,0.0,8/2/2024,Cash,7.8
2709,2709,Chicago,Chicago,Normal,Female,Food & Beverages,Food & Beverages,4.29,4.0,0.86,18.02,0.0,0.0,8/2/2024,Ewallet,6.5
2710,2710,Los Angeles,Los Angeles,Normal,Male,Food & Beverages,Food & Beverages,6.0,3.0,0.9,18.9,0.0,0.0,8/2/2024,Cash,7.6
2711,2711,Chicago,Chicago,Normal,Male,Home & Lifestyle,Home & Lifestyle,61.04,5.0,15.26,320.46,0.0,0.0,8/2/2024,Credit card,7.1
2712,2712,Chicago,Chicago,Normal,Female,Food & Beverages,Food & Beverages,3.46,3.0,0.52,10.9,0.0,0.0,8/2/2024,Credit card,6.0
2713,2713,Chicago,Chicago,Member,Female,Electronics,Electronics,96.28,2.0,9.63,202.19,0.0,0.0,8/2/2024,Ewallet,8.4
2714,2714,Chicago,Chicago,Member,Male,Food & Beverages,Food & Beverages,4.14,4.0,0.83,17.39,0.0,0.0,8/3/2024,Ewallet,7.2
2715,2715,Los Angeles,Los Angeles,Normal,Male,Food & Beverages,Food & Beverages,4.55,2.0,0.46,9.56,0.0,0.0,8/3/2024,Ewallet,7.6
2716,2716,Los Angeles,Los Angeles,Member,Female,Food & Beverages,Food & Beverages,6.32,5.0,1.58,33.18,0.0,0.0,8/3/2024,Cash,7.2
2717,2717,New York,New York,Normal,Female,Food & Beverages,Food & Beverages,7.28,4.0,1.46,30.58,0.0,0.0,8/3/2024,Cash,7.6
2718,2718,New York,New York,Normal,Male,Health & Beauty,Health & Beauty,33.32,4.0,6.66,139.94,0.0,0.0,8/3/2024,Ewallet,6.8
2719,2719,Los Angeles,Los Angeles,Normal,Female,Food & Beverages,Food & Beverages,4.35,1.0,0.22,4.57,0.0,0.0,8/3/2024,Cash,6.3
2720,2720,New York,New York,Member,Female,Food & Beverages,Food & Beverages,3.59,2.0,0.36,7.54,0.0,0.0,8/3/2024,Cash,7.4
2721,2721,Los Angeles,Los Angeles,Normal,Female,Health & Beauty,Health & Beauty,29.56,2.0,2.96,62.08,0.0,0.0,8/3/2024,Credit card,7.8
2722,2722,Los Angeles,Los Angeles,Normal,Female,Food & Beverages,Food & Beverages,6.55,3.0,0.98,20.63,0.0,0.0,8/3/2024,Cash,7.4
2723,2723,Los Angeles,Los Angeles,Normal,Male,Food & Beverages,Food & Beverages,4.28,2.0,0.43,8.99,0.0,0.0,8/3/2024,Credit card,6.3
2724,2724,Chicago,Chicago,Normal,Male,Home & Lifestyle,Home & Lifestyle,70.27,4.0,14.05,295.13,0.0,0.0,8/3/2024,Credit card,8.6
2725,2725,Chicago,Chicago,Normal,Male,Food & Beverages,Food & Beverages,6.09,2.0,0.61,12.79,0.0,0.0,8/3/2024,Cash,7.4
2726,2726,Chicago,Chicago,Member,Female,Fashion & Accs,Fashion & Accs,13.06,1.0,0.65,13.71,0.0,0.0,8/3/2024,Credit card,8.1
2727,2727,Los Angeles,Los Angeles,Normal,Female,Health & Beauty,Health & Beauty,34.74,3.0,5.21,109.43,0.0,0.0,8/3/2024,Ewallet,8.1
2728,2728,Chicago,Chicago,Member,Male,Health & Beauty,Health & Beauty,33.43,3.0,5.01,105.3,0.0,0.0,8/3/2024,Credit card,7.0
2729,2729,Los Angeles,Los Angeles,Normal,Male,Health & Beauty,Health & Beauty,26.12,3.0,3.92,82.28,0.0,0.0,8/3/2024,Credit card,8.4
2730,2730,New York,New York,Normal,Female,Food & Beverages,Food & Beverages,7.73,8.0,3.09,64.93,0.0,0.0,8/3/2024,Ewallet,9.8
2731,2731,Chicago,Chicago,Normal,Male,Food & Beverages,Food & Beverages,5.8,3.0,0.87,18.27,0.0,0.0,8/3/2024,Ewallet,7.3
2732,2732,Los Angeles,Los Angeles,Normal,Male,Health & Beauty,Health & Beauty,38.86,2.0,3.89,81.61,0.0,0.0,8/4/2024,Cash,7.7
2733,2733,Los Angeles,Los Angeles,Normal,Male,Home & Lifestyle,Home & Lifestyle,63.94,4.0,12.79,268.55,0.0,0.0,8/4/2024,Cash,6.3
2734,2734,New York,New York,Normal,Female,Sports & Travel,Sports & Travel,69.12,1.0,3.46,72.58,0.0,0.0,8/4/2024,Credit card,8.4
2735,2735,Chicago,Chicago,Normal,Female,Fashion & Accs,Fashion & Accs,12.47,3.0,1.87,39.28,0.0,0.0,8/4/2024,Cash,6.8
2736,2736,Los Angeles,Los Angeles,Normal,Female,Food & Beverages,Food & Beverages,4.84,1.0,0.24,5.08,0.0,0.0,8/4/2024,Credit card,6.7
2737,2737,Chicago,Chicago,Normal,Male,Food & Beverages,Food & Beverages,2.57,2.0,0.26,5.4,0.0,0.0,8/4/2024,Cash,8.8
2738,2738,Chicago,Chicago,Normal,Male,Food & Beverages,Food & Beverages,7.81,3.0,1.17,24.6,0.0,0.0,8/4/2024,Cash,6.8
2739,2739,Los Angeles,Los Angeles,Normal,Male,Food & Beverages,Food & Beverages,7.05,4.0,1.41,29.61,0.0,0.0,8/4/2024,Credit card,7.9
2740,2740,New York,New York,Normal,Female,Food & Beverages,Food & Beverages,4.33,2.0,0.43,9.09,0.0,0.0,8/4/2024,Credit card,7.2
2741,2741,Chicago,Chicago,Normal,Female,Sports & Travel,Sports & Travel,62.05,1.0,3.1,65.15,0.0,0.0,8/4/2024,Cash,7.7
2742,2742,Chicago,Chicago,Member,Female,Home & Lifestyle,Home & Lifestyle,73.54,3.0,11.03,231.65,0.0,0.0,8/4/2024,Ewallet,7.8
2743,2743,Los Angeles,Los Angeles,Normal,Male,Food & Beverages,Food & Beverages,7.25,2.0,0.73,15.23,0.0,0.0,8/4/2024,Ewallet,7.5
2744,2744,Chicago,Chicago,Normal,Male,Health & Beauty,Health & Beauty,22.46,4.0,4.49,94.33,0.0,0.0,8/4/2024,Ewallet,5.7
2745,2745,New York,New York,Normal,Male,Food & Beverages,Food & Beverages,7.5,2.0,0.75,15.75,0.0,0.0,8/4/2024,Ewallet,8.2
2746,2746,Chicago,Chicago,Normal,Female,Food & Beverages,Food & Beverages,7.53,2.0,0.75,15.81,0.0,0.0,8/4/2024,Ewallet,6.5
2747,2747,Los Angeles,Los Angeles,Member,Female,Food & Beverages,Food & Beverages,5.25,1.0,0.26,5.51,0.0,0.0,8/5/2024,Ewallet,6.8
2748,2748,New York,New York,Normal,Female,Health & Beauty,Health & Beauty,29.87,2.0,2.99,62.73,0.0,0.0,8/5/2024,Cash,8.1
2749,2749,Chicago,Chicago,Normal,Male,Home & Lifestyle,Home & Lifestyle,72.72,1.0,3.64,76.36,0.0,0.0,8/5/2024,Cash,7.1
2750,2750,Los Angeles,Los Angeles,Normal,Male,Health & Beauty,Health & Beauty,28.9,3.0,4.34,91.04,0.0,0.0,8/5/2024,Credit card,8.8
2751,2751,Chicago,Chicago,Normal,Female,Health & Beauty,Health & Beauty,30.95,3.0,4.64,97.49,0.0,0.0,8/5/2024,Ewallet,8.2
2752,2752,Los Angeles,Los Angeles,Normal,Female,Home & Lifestyle,Home & Lifestyle,65.27,4.0,13.05,274.13,0.0,0.0,8/5/2024,Cash,6.2
2753,2753,New York,New York,Normal,Female,Health & Beauty,Health & Beauty,16.65,2.0,1.66,34.96,0.0,0.0,8/5/2024,Ewallet,6.0
2754,2754,Chicago,Chicago,Member,Female,Food & Beverages,Food & Beverages,7.22,6.0,2.17,45.49,0.0,0.0,8/5/2024,Credit card,6.9
2755,2755,Los Angeles,Los Angeles,Normal,Male,Health & Beauty,Health & Beauty,27.8,3.0,4.17,87.57,0.0,0.0,8/5/2024,Cash,6.3
2756,2756,New York,New York,Normal,Male,Health & Beauty,Health & Beauty,32.99,3.0,4.95,103.92,0.0,0.0,8/5/2024,Cash,6.0
2757,2757,Los Angeles,Los Angeles,Normal,Male,Food & Beverages,Food & Beverages,6.22,5.0,1.56,32.66,0.0,0.0,8/6/2024,Ewallet,8.2
2758,2758,Chicago,Chicago,Normal,Female,Sports & Travel,Sports & Travel,74.49,1.0,3.72,78.21,0.0,0.0,8/6/2024,Cash,7.7
2759,2759,Chicago,Chicago,Normal,Male,Sports & Travel,Sports & Travel,58.27,2.0,5.83,122.37,0.0,0.0,8/6/2024,Cash,6.0
2760,2760,New York,New York,Normal,Female,Food & Beverages,Food & Beverages,3.15,3.0,0.47,9.92,0.0,0.0,8/6/2024,Ewallet,6.0
2761,2761,Los Angeles,Los Angeles,Normal,Male,Sports & Travel,Sports & Travel,70.9,1.0,3.55,74.45,0.0,0.0,8/6/2024,Credit card,8.0
2762,2762,Los Angeles,Los Angeles,Normal,Male,Food & Beverages,Food & Beverages,4.09,2.0,0.41,8.59,0.0,0.0,8/6/2024,Cash,7.5
2763,2763,Los Angeles,Los Angeles,Member,Male,Home & Lifestyle,Home & Lifestyle,70.74,3.0,10.61,222.83,0.0,0.0,8/6/2024,Credit card,8.5
2764,2764,Chicago,Chicago,Member,Male,Health & Beauty,Health & Beauty,34.91,2.0,3.49,73.31,0.0,0.0,8/6/2024,Cash,6.1
2765,2765,Los Angeles,Los Angeles,Member,Female,Fashion & Accs,Fashion & Accs,18.34,3.0,2.75,57.77,0.0,0.0,8/6/2024,Ewallet,7.6
2766,2766,Los Angeles,Los Angeles,Normal,Male,Food & Beverages,Food & Beverages,3.52,2.0,0.35,7.39,0.0,0.0,8/6/2024,Ewallet,6.5
2767,2767,Chicago,Chicago,Member,Female,Food & Beverages,Food & Beverages,5.38,3.0,0.81,16.95,0.0,0.0,8/6/2024,Cash,5.7
2768,2768,Chicago,Chicago,Normal,Male,Food & Beverages,Food & Beverages,2.52,2.0,0.25,5.29,0.0,0.0,8/6/2024,Ewallet,8.5
2769,2769,New York,New York,Normal,Male,Food & Beverages,Food & Beverages,6.29,3.0,0.94,19.81,0.0,0.0,8/6/2024,Ewallet,6.0
2770,2770,Los Angeles,Los Angeles,Normal,Male,Health & Beauty,Health & Beauty,22.56,1.0,1.13,23.69,0.0,0.0,8/6/2024,Ewallet,6.8
2771,2771,Chicago,Chicago,Member,Female,Health & Beauty,Health & Beauty,29.69,2.0,2.97,62.35,0.0,0.0,8/6/2024,Cash,6.2
2772,2772,Los Angeles,Los Angeles,Normal,Male,Fashion & Accs,Fashion & Accs,11.74,2.0,1.17,24.65,0.0,0.0,8/6/2024,Cash,6.8
2773,2773,Chicago,Chicago,Member,Male,Home & Lifestyle,Home & Lifestyle,55.23,5.0,13.81,289.96,0.0,0.0,8/7/2024,Cash,8.1
2774,2774,New York,New York,Normal,Female,Food & Beverages,Food & Beverages,6.89,2.0,0.69,14.47,0.0,0.0,8/7/2024,Cash,8.6
2775,2775,Chicago,Chicago,Normal,Female,Food & Beverages,Food & Beverages,3.37,5.0,0.84,17.69,0.0,0.0,8/7/2024,Credit card,5.8
2776,2776,Chicago,Chicago,Normal,Male,Food & Beverages,Food & Beverages,5.05,2.0,0.5,10.6,0.0,0.0,8/7/2024,Cash,7.6
2777,2777,New York,New York,Normal,Female,Food & Beverages,Food & Beverages,4.17,2.0,0.42,8.76,0.0,0.0,8/7/2024,Credit card,6.7
2778,2778,Chicago,Chicago,Normal,Male,Health & Beauty,Health & Beauty,32.61,3.0,4.89,102.72,0.0,0.0,8/7/2024,Cash,5.4
2779,2779,Los Angeles,Los Angeles,Normal,Male,Food & Beverages,Food & Beverages,3.44,2.0,0.34,7.22,0.0,0.0,8/7/2024,Ewallet,6.8
2780,2780,New York,New York,Normal,Female,Food & Beverages,Food & Beverages,4.01,4.0,0.8,16.84,0.0,0.0,8/7/2024,Ewallet,8.1
2781,2781,Chicago,Chicago,Normal,Female,Home & Lifestyle,Home & Lifestyle,65.05,5.0,16.26,341.51,0.0,0.0,8/8/2024,Ewallet,6.6
2782,2782,Los Angeles,Los Angeles,Member,Female,Food & Beverages,Food & Beverages,6.83,4.0,1.37,28.69,0.0,0.0,8/8/2024,Cash,7.9
2783,2783,Chicago,Chicago,Member,Female,Sports & Travel,Sports & Travel,59.69,1.0,2.98,62.67,0.0,0.0,8/8/2024,Cash,5.6
2784,2784,Chicago,Chicago,Normal,Male,Health & Beauty,Health & Beauty,32.43,1.0,1.62,34.05,0.0,0.0,8/8/2024,Ewallet,9.0
2785,2785,New York,New York,Normal,Female,Food & Beverages,Food & Beverages,5.49,1.0,0.27,5.76,0.0,0.0,8/8/2024,Credit card,7.3
2786,2786,New York,New York,Normal,Female,Food & Beverages,Food & Beverages,4.84,4.0,0.97,20.33,0.0,0.0,8/8/2024,Credit card,6.6
2787,2787,Los Angeles,Los Angeles,Member,Male,Fashion & Accs,Fashion & Accs,9.08,1.0,0.45,9.53,0.0,0.0,8/8/2024,Cash,6.0
2788,2788,Chicago,Chicago,Normal,Female,Health & Beauty,Health & Beauty,28.72,2.0,2.87,60.31,0.0,0.0,8/8/2024,Cash,7.4
2789,2789,Los Angeles,Los Angeles,Normal,Male,Food & Beverages,Food & Beverages,3.78,2.0,0.38,7.94,0.0,0.0,8/8/2024,Ewallet,9.8
2790,2790,Los Angeles,Los Angeles,Normal,Male,Home & Lifestyle,Home & Lifestyle,54.4,2.0,5.44,114.24,0.0,0.0,8/8/2024,Credit card,7.1
2791,2791,Los Angeles,Los Angeles,Normal,Female,Food & Beverages,Food & Beverages,7.5,5.0,1.88,39.38,0.0,0.0,8/8/2024,Credit card,7.9
2792,2792,Los Angeles,Los Angeles,Normal,Male,Electronics,Electronics,95.0,1.0,4.75,99.75,0.0,0.0,8/8/2024,Credit card,6.8
2793,2793,Los Angeles,Los Angeles,Member,Female,Home & Lifestyle,Home & Lifestyle,61.86,4.0,12.37,259.81,0.0,0.0,8/8/2024,Credit card,7.0
2794,2794,Los Angeles,Los Angeles,Normal,Female,Food & Beverages,Food & Beverages,3.17,4.0,0.63,13.31,0.0,0.0,8/9/2024,Cash,7.4
2795,2795,New York,New York,Normal,Female,Health & Beauty,Health & Beauty,35.35,1.0,1.77,37.12,0.0,0.0,8/9/2024,Cash,7.5
2796,2796,Chicago,Chicago,Member,Female,Fashion & Accs,Fashion & Accs,16.06,3.0,2.41,50.59,0.0,0.0,8/9/2024,Cash,6.9
2797,2797,Chicago,Chicago,Normal,Male,Fashion & Accs,Fashion & Accs,14.21,3.0,2.13,44.76,0.0,0.0,8/9/2024,Ewallet,6.1
2798,2798,New York,New York,Member,Female,Health & Beauty,Health & Beauty,28.49,4.0,5.7,119.66,0.0,0.0,8/9/2024,Ewallet,7.0
2799,2799,New York,New York,Normal,Male,Food & Beverages,Food & Beverages,5.43,3.0,0.81,17.1,0.0,0.0,8/9/2024,Cash,6.5
2800,2800,Chicago,Chicago,Normal,Male,Food & Beverages,Food & Beverages,2.88,1.0,0.14,3.02,0.0,0.0,8/9/2024,Ewallet,9.1
2801,2801,Chicago,Chicago,Member,Female,Food & Beverages,Food & Beverages,7.61,4.0,1.52,31.96,0.0,0.0,8/9/2024,Cash,7.3
2802,2802,Chicago,Chicago,Normal,Female,Food & Beverages,Food & Beverages,7.17,3.0,1.08,22.59,0.0,0.0,8/9/2024,Cash,7.3
2803,2803,Los Angeles,Los Angeles,Member,Female,Home & Lifestyle,Home & Lifestyle,53.9,5.0,13.48,282.98,0.0,0.0,8/9/2024,Cash,5.9
2804,2804,Los Angeles,Los Angeles,Normal,Male,Food & Beverages,Food & Beverages,6.43,1.0,0.32,6.75,0.0,0.0,8/9/2024,Cash,7.1
2805,2805,Los Angeles,Los Angeles,Normal,Male,Food & Beverages,Food & Beverages,7.14,5.0,1.78,37.48,0.0,0.0,8/9/2024,Credit card,7.6
2806,2806,Chicago,Chicago,Normal,Male,Sports & Travel,Sports & Travel,56.93,3.0,8.54,179.33,0.0,0.0,8/9/2024,Ewallet,7.2
2807,2807,New York,New York,Normal,Male,Food & Beverages,Food & Beverages,3.58,6.0,1.07,22.55,0.0,0.0,8/9/2024,Cash,6.3
2808,2808,Los Angeles,Los Angeles,Normal,Male,Health & Beauty,Health & Beauty,38.74,1.0,1.94,40.68,0.0,0.0,8/10/2024,Cash,5.9
2809,2809,Los Angeles,Los Angeles,Normal,Female,Food & Beverages,Food & Beverages,4.15,2.0,0.42,8.72,0.0,0.0,8/10/2024,Cash,6.9
2810,2810,Los Angeles,Los Angeles,Normal,Male,Health & Beauty,Health & Beauty,31.21,2.0,3.12,65.54,0.0,0.0,8/10/2024,Ewallet,6.7
2811,2811,Chicago,Chicago,Normal,Male,Food & Beverages,Food & Beverages,4.51,7.0,1.58,33.15,0.0,0.0,8/10/2024,Ewallet,7.6
2812,2812,Los Angeles,Los Angeles,Normal,Female,Food & Beverages,Food & Beverages,5.46,3.0,0.82,17.2,0.0,0.0,8/10/2024,Ewallet,7.0
2813,2813,Los Angeles,Los Angeles,Member,Female,Food & Beverages,Food & Beverages,3.14,4.0,0.63,13.19,0.0,0.0,8/10/2024,Credit card,6.2
2814,2814,Chicago,Chicago,Normal,Female,Fashion & Accs,Fashion & Accs,12.21,2.0,1.22,25.64,0.0,0.0,8/10/2024,Ewallet,5.7
2815,2815,New York,New York,Member,Female,Food & Beverages,Food & Beverages,6.6,6.0,1.98,41.58,0.0,0.0,8/10/2024,Credit card,7.2
2816,2816,Los Angeles,Los Angeles,Normal,Female,Fashion & Accs,Fashion & Accs,7.79,1.0,0.39,8.18,0.0,0.0,8/10/2024,Ewallet,6.5
2817,2817,Los Angeles,Los Angeles,Normal,Male,Health & Beauty,Health & Beauty,26.49,3.0,3.97,83.44,0.0,0.0,8/10/2024,Ewallet,7.2
2818,2818,New York,New York,Normal,Male,Sports & Travel,Sports & Travel,50.63,2.0,5.06,106.32,0.0,0.0,8/10/2024,Ewallet,7.3
2819,2819,New York,New York,Normal,Female,Health & Beauty,Health & Beauty,26.91,1.0,1.35,28.26,0.0,0.0,8/10/2024,Cash,7.2
2820,2820,Chicago,Chicago,Normal,Male,Home & Lifestyle,Home & Lifestyle,65.61,4.0,13.12,275.56,0.0,0.0,8/10/2024,Cash,8.7
2821,2821,New York,New York,Normal,Female,Food & Beverages,Food & Beverages,6.96,1.0,0.35,7.31,0.0,0.0,8/10/2024,Ewallet,7.7
2822,2822,Los Angeles,Los Angeles,Normal,Male,Health & Beauty,Health & Beauty,36.68,2.0,3.67,77.03,0.0,0.0,8/10/2024,Ewallet,6.7
2823,2823,New York,New York,Normal,Female,Home & Lifestyle,Home & Lifestyle,54.82,3.0,8.22,172.68,0.0,0.0,8/10/2024,Cash,5.3
2824,2824,New York,New York,Member,Female,Food & Beverages,Food & Beverages,5.59,3.0,0.84,17.61,0.0,0.0,8/10/2024,Cash,7.5
2825,2825,New York,New York,Normal,Male,Health & Beauty,Health & Beauty,29.13,3.0,4.37,91.76,0.0,0.0,8/11/2024,Cash,6.0
2826,2826,Chicago,Chicago,Normal,Male,Food & Beverages,Food & Beverages,7.58,2.0,0.76,15.92,0.0,0.0,8/11/2024,Credit card,7.5
2827,2827,Los Angeles,Los Angeles,Member,Female,Food & Beverages,Food & Beverages,4.73,1.0,0.24,4.97,0.0,0.0,8/11/2024,Credit card,6.7
2828,2828,Los Angeles,Los Angeles,Member,Male,Food & Beverages,Food & Beverages,5.65,3.0,0.85,17.8,0.0,0.0,8/11/2024,Cash,8.6
2829,2829,Los Angeles,Los Angeles,Normal,Female,Electronics,Electronics,93.36,2.0,9.34,196.06,0.0,0.0,8/11/2024,Ewallet,6.8
2830,2830,Chicago,Chicago,Member,Male,Food & Beverages,Food & Beverages,4.24,4.0,0.85,17.81,0.0,0.0,8/11/2024,Cash,6.9
2831,2831,Los Angeles,Los Angeles,Member,Female,Home & Lifestyle,Home & Lifestyle,54.19,3.0,8.13,170.7,0.0,0.0,8/11/2024,Ewallet,7.5
2832,2832,Chicago,Chicago,Normal,Female,Food & Beverages,Food & Beverages,4.74,3.0,0.71,14.93,0.0,0.0,8/11/2024,Ewallet,6.3
2833,2833,Los Angeles,Los Angeles,Normal,Male,Fashion & Accs,Fashion & Accs,19.71,1.0,0.99,20.7,0.0,0.0,8/11/2024,Cash,7.0
2834,2834,Los Angeles,Los Angeles,Normal,Female,Sports & Travel,Sports & Travel,67.46,2.0,6.75,141.67,0.0,0.0,8/11/2024,Credit card,6.3
2835,2835,Los Angeles,Los Angeles,Member,Female,Food & Beverages,Food & Beverages,7.24,2.0,0.72,15.2,0.0,0.0,8/11/2024,Credit card,8.4
2836,2836,New York,New York,Normal,Female,Food & Beverages,Food & Beverages,6.3,3.0,0.94,19.84,0.0,0.0,8/12/2024,Ewallet,9.7
2837,2837,Chicago,Chicago,Normal,Male,Food & Beverages,Food & Beverages,7.27,2.0,0.73,15.27,0.0,0.0,8/12/2024,Cash,6.7
2838,2838,Chicago,Chicago,Normal,Male,Electronics,Electronics,91.82,2.0,9.18,192.82,0.0,0.0,8/12/2024,Credit card,6.6
2839,2839,Los Angeles,Los Angeles,Normal,Female,Food & Beverages,Food & Beverages,2.39,2.0,0.24,5.02,0.0,0.0,8/12/2024,Credit card,8.0
2840,2840,Los Angeles,Los Angeles,Normal,Female,Home & Lifestyle,Home & Lifestyle,72.42,4.0,14.48,304.16,0.0,0.0,8/12/2024,Cash,6.9
2841,2841,Chicago,Chicago,Normal,Male,Home & Lifestyle,Home & Lifestyle,61.39,4.0,12.28,257.84,0.0,0.0,8/12/2024,Credit card,5.8
2842,2842,Los Angeles,Los Angeles,Normal,Female,Electronics,Electronics,81.42,2.0,8.14,170.98,0.0,0.0,8/12/2024,Credit card,6.1
2843,2843,Los Angeles,Los Angeles,Normal,Female,Health & Beauty,Health & Beauty,26.85,2.0,2.69,56.39,0.0,0.0,8/12/2024,Ewallet,6.6
2844,2844,New York,New York,Normal,Female,Health & Beauty,Health & Beauty,27.29,2.0,2.73,57.31,0.0,0.0,8/12/2024,Ewallet,6.7
2845,2845,New York,New York,Normal,Male,Electronics,Electronics,85.6,2.0,8.56,179.76,0.0,0.0,8/13/2024,Ewallet,5.5
2846,2846,Chicago,Chicago,Member,Female,Food & Beverages,Food & Beverages,7.82,3.0,1.17,24.63,0.0,0.0,8/13/2024,Cash,7.1
2847,2847,Los Angeles,Los Angeles,Normal,Male,Health & Beauty,Health & Beauty,33.1,3.0,4.97,104.27,0.0,0.0,8/13/2024,Credit card,5.8
2848,2848,Chicago,Chicago,Normal,Male,Food & Beverages,Food & Beverages,3.01,2.0,0.3,6.32,0.0,0.0,8/13/2024,Cash,7.4
2849,2849,Chicago,Chicago,Normal,Female,Food & Beverages,Food & Beverages,5.16,3.0,0.77,16.25,0.0,0.0,8/13/2024,Credit card,8.8
2850,2850,Los Angeles,Los Angeles,Normal,Male,Food & Beverages,Food & Beverages,7.64,2.0,0.76,16.04,0.0,0.0,8/13/2024,Credit card,7.6
2851,2851,New York,New York,Member,Male,Food & Beverages,Food & Beverages,7.36,3.0,1.1,23.18,0.0,0.0,8/13/2024,Cash,7.4
2852,2852,Los Angeles,Los Angeles,Normal,Male,Food & Beverages,Food & Beverages,3.88,3.0,0.58,12.22,0.0,0.0,8/13/2024,Credit card,8.1
2853,2853,Los Angeles,Los Angeles,Member,Female,Food & Beverages,Food & Beverages,5.53,3.0,0.83,17.42,0.0,0.0,8/13/2024,Ewallet,8.7
2854,2854,Los Angeles,Los Angeles,Normal,Female,Sports & Travel,Sports & Travel,72.39,1.0,3.62,76.01,0.0,0.0,8/13/2024,Ewallet,5.3
2855,2855,Los Angeles,Los Angeles,Member,Female,Fashion & Accs,Fashion & Accs,12.38,3.0,1.86,39.0,0.0,0.0,8/13/2024,Ewallet,7.2
2856,2856,New York,New York,Normal,Female,Food & Beverages,Food & Beverages,6.27,2.0,0.63,13.17,0.0,0.0,8/13/2024,Cash,7.4
2857,2857,New York,New York,Member,Female,Sports & Travel,Sports & Travel,67.06,1.0,3.35,70.41,0.0,0.0,8/13/2024,Credit card,6.9
2858,2858,Chicago,Chicago,Normal,Male,Food & Beverages,Food & Beverages,7.21,6.0,2.16,45.42,0.0,0.0,8/13/2024,Ewallet,7.9
2859,2859,New York,New York,Normal,Male,Fashion & Accs,Fashion & Accs,17.47,1.0,0.87,18.34,0.0,0.0,8/14/2024,Cash,6.5
2860,2860,Los Angeles,Los Angeles,Normal,Female,Health & Beauty,Health & Beauty,32.79,1.0,1.64,34.43,0.0,0.0,8/14/2024,Credit card,5.8
2861,2861,New York,New York,Normal,Male,Home & Lifestyle,Home & Lifestyle,52.31,2.0,5.23,109.85,0.0,0.0,8/14/2024,Ewallet,6.2
2862,2862,New York,New York,Normal,Male,Fashion & Accs,Fashion & Accs,14.75,1.0,0.74,15.49,0.0,0.0,8/14/2024,Ewallet,7.1
2863,2863,Chicago,Chicago,Normal,Female,Food & Beverages,Food & Beverages,6.81,2.0,0.68,14.3,0.0,0.0,8/14/2024,Cash,9.7
2864,2864,Chicago,Chicago,Member,Male,Health & Beauty,Health & Beauty,24.85,2.0,2.49,52.19,0.0,0.0,8/14/2024,Cash,7.9
2865,2865,Chicago,Chicago,Member,Female,Health & Beauty,Health & Beauty,21.5,2.0,2.15,45.15,0.0,0.0,8/14/2024,Ewallet,9.2
2866,2866,Chicago,Chicago,Member,Female,Health & Beauty,Health & Beauty,32.38,4.0,6.48,136.0,0.0,0.0,8/14/2024,Credit card,7.0
2867,2867,Chicago,Chicago,Normal,Female,Fashion & Accs,Fashion & Accs,13.13,3.0,1.97,41.36,0.0,0.0,8/14/2024,Cash,8.0
2868,2868,New York,New York,Normal,Female,Food & Beverages,Food & Beverages,5.36,3.0,0.8,16.88,0.0,0.0,8/14/2024,Credit card,9.0
2869,2869,New York,New York,Normal,Female,Food & Beverages,Food & Beverages,4.7,3.0,0.7,14.8,0.0,0.0,8/14/2024,Credit card,8.1
2870,2870,Los Angeles,Los Angeles,Normal,Male,Health & Beauty,Health & Beauty,25.37,2.0,2.54,53.28,0.0,0.0,8/14/2024,Cash,5.6
2871,2871,Los Angeles,Los Angeles,Member,Female,Food & Beverages,Food & Beverages,6.2,1.0,0.31,6.51,0.0,0.0,8/14/2024,Cash,8.7
2872,2872,Chicago,Chicago,Member,Female,Home & Lifestyle,Home & Lifestyle,73.55,5.0,18.39,386.14,0.0,0.0,8/14/2024,Credit card,7.4
2873,2873,New York,New York,Member,Male,Food & Beverages,Food & Beverages,5.99,3.0,0.9,18.87,0.0,0.0,8/15/2024,Cash,7.3
2874,2874,New York,New York,Normal,Female,Food & Beverages,Food & Beverages,4.32,5.0,1.08,22.68,0.0,0.0,8/15/2024,Ewallet,6.9
2875,2875,Chicago,Chicago,Normal,Female,Food & Beverages,Food & Beverages,7.9,1.0,0.4,8.3,0.0,0.0,8/15/2024,Cash,8.3
2876,2876,Chicago,Chicago,Member,Female,Food & Beverages,Food & Beverages,7.14,3.0,1.07,22.49,0.0,0.0,8/15/2024,Ewallet,8.4
2877,2877,Los Angeles,Los Angeles,Normal,Female,Health & Beauty,Health & Beauty,31.07,2.0,3.11,65.25,0.0,0.0,8/15/2024,Cash,6.0
2878,2878,Los Angeles,Los Angeles,Member,Female,Fashion & Accs,Fashion & Accs,13.83,3.0,2.07,43.56,0.0,0.0,8/15/2024,Cash,7.2
2879,2879,Chicago,Chicago,Normal,Female,Food & Beverages,Food & Beverages,6.94,2.0,0.69,14.57,0.0,0.0,8/15/2024,Cash,7.3
2880,2880,Los Angeles,Los Angeles,Normal,Male,Health & Beauty,Health & Beauty,30.64,1.0,1.53,32.17,0.0,0.0,8/15/2024,Cash,5.9
2881,2881,Chicago,Chicago,Normal,Female,Food & Beverages,Food & Beverages,7.56,2.0,0.76,15.88,0.0,0.0,8/15/2024,Ewallet,7.4
2882,2882,Chicago,Chicago,Member,Male,Electronics,Electronics,94.92,1.0,4.75,99.67,0.0,0.0,8/16/2024,Cash,9.8
2883,2883,Los Angeles,Los Angeles,Normal,Male,Health & Beauty,Health & Beauty,30.64,3.0,4.6,96.52,0.0,0.0,8/16/2024,Credit card,5.6
2884,2884,Chicago,Chicago,Member,Female,Health & Beauty,Health & Beauty,28.23,4.0,5.65,118.57,0.0,0.0,8/16/2024,Ewallet,8.2
2885,2885,Los Angeles,Los Angeles,Normal,Female,Electronics,Electronics,96.01,1.0,4.8,100.81,0.0,0.0,8/16/2024,Credit card,8.3
2886,2886,Chicago,Chicago,Normal,Female,Food & Beverages,Food & Beverages,5.64,4.0,1.13,23.69,0.0,0.0,8/16/2024,Credit card,8.5
2887,2887,Los Angeles,Los Angeles,Member,Male,Food & Beverages,Food & Beverages,5.45,1.0,0.27,5.72,0.0,0.0,8/16/2024,Ewallet,7.3
2888,2888,Los Angeles,Los Angeles,Normal,Male,Food & Beverages,Food & Beverages,3.53,2.0,0.35,7.41,0.0,0.0,8/16/2024,Cash,7.4
2889,2889,New York,New York,Normal,Male,Fashion & Accs,Fashion & Accs,5.37,2.0,0.54,11.28,0.0,0.0,8/16/2024,Cash,6.8
2890,2890,New York,New York,Normal,Male,Health & Beauty,Health & Beauty,27.11,3.0,4.07,85.4,0.0,0.0,8/17/2024,Cash,8.2
2891,2891,Los Angeles,Los Angeles,Normal,Female,Food & Beverages,Food & Beverages,5.62,4.0,1.12,23.6,0.0,0.0,8/17/2024,Ewallet,7.4
2892,2892,New York,New York,Normal,Female,Food & Beverages,Food & Beverages,5.68,5.0,1.42,29.82,0.0,0.0,8/17/2024,Cash,5.8
2893,2893,New York,New York,Normal,Male,Sports & Travel,Sports & Travel,57.42,2.0,5.74,120.58,0.0,0.0,8/17/2024,Credit card,6.8
2894,2894,Los Angeles,Los Angeles,Member,Female,Health & Beauty,Health & Beauty,33.9,1.0,1.7,35.6,0.0,0.0,8/17/2024,Ewallet,7.5
2895,2895,Los Angeles,Los Angeles,Normal,Female,Food & Beverages,Food & Beverages,3.83,5.0,0.96,20.11,0.0,0.0,8/17/2024,Cash,6.1
2896,2896,Los Angeles,Los Angeles,Member,Male,Health & Beauty,Health & Beauty,39.62,1.0,1.98,41.6,0.0,0.0,8/17/2024,Cash,6.8
2897,2897,Los Angeles,Los Angeles,Normal,Male,Food & Beverages,Food & Beverages,5.41,2.0,0.54,11.36,0.0,0.0,8/17/2024,Ewallet,6.8
2898,2898,Chicago,Chicago,Member,Female,Food & Beverages,Food & Beverages,7.22,4.0,1.44,30.32,0.0,0.0,8/17/2024,Cash,7.4
2899,2899,New York,New York,Normal,Male,Food & Beverages,Food & Beverages,5.01,3.0,0.75,15.78,0.0,0.0,8/18/2024,Cash,7.5
2900,2900,New York,New York,Normal,Male,Food & Beverages,Food & Beverages,5.9,4.0,1.18,24.78,0.0,0.0,8/18/2024,Credit card,7.2
2901,2901,Chicago,Chicago,Normal,Male,Food & Beverages,Food & Beverages,6.03,5.0,1.51,31.66,0.0,0.0,8/18/2024,Cash,8.8
2902,2902,Chicago,Chicago,Normal,Male,Food & Beverages,Food & Beverages,6.42,1.0,0.32,6.74,0.0,0.0,8/18/2024,Ewallet,6.3
2903,2903,Chicago,Chicago,Normal,Male,Health & Beauty,Health & Beauty,29.12,3.0,4.37,91.73,0.0,0.0,8/18/2024,Cash,6.7
2904,2904,New York,New York,Normal,Male,Food & Beverages,Food & Beverages,2.34,4.0,0.47,9.83,0.0,0.0,8/18/2024,Credit card,9.0
2905,2905,Los Angeles,Los Angeles,Normal,Female,Food & Beverages,Food & Beverages,3.43,4.0,0.69,14.41,0.0,0.0,8/18/2024,Ewallet,8.3
2906,2906,Los Angeles,Los Angeles,Normal,Male,Food & Beverages,Food & Beverages,6.57,2.0,0.66,13.8,0.0,0.0,8/18/2024,Ewallet,6.9
2907,2907,Chicago,Chicago,Member,Female,Sports & Travel,Sports & Travel,73.4,2.0,7.34,154.14,0.0,0.0,8/18/2024,Credit card,8.7
2908,2908,Chicago,Chicago,Normal,Female,Fashion & Accs,Fashion & Accs,15.82,1.0,0.79,16.61,0.0,0.0,8/18/2024,Cash,8.3
2909,2909,Los Angeles,Los Angeles,Member,Female,Sports & Travel,Sports & Travel,58.14,2.0,5.81,122.09,0.0,0.0,8/18/2024,Credit card,7.7
2910,2910,Los Angeles,Los Angeles,Member,Male,Food & Beverages,Food & Beverages,6.1,1.0,0.3,6.4,0.0,0.0,8/19/2024,Ewallet,7.7
2911,2911,Los Angeles,Los Angeles,Member,Female,Fashion & Accs,Fashion & Accs,6.81,2.0,0.68,14.3,0.0,0.0,8/19/2024,Ewallet,8.2
2912,2912,Chicago,Chicago,Normal,Male,Food & Beverages,Food & Beverages,7.11,3.0,1.07,22.4,0.0,0.0,8/19/2024,Credit card,7.2
2913,2913,Chicago,Chicago,Normal,Male,Food & Beverages,Food & Beverages,4.79,3.0,0.72,15.09,0.0,0.0,8/19/2024,Ewallet,6.3
2914,2914,Los Angeles,Los Angeles,Member,Male,Health & Beauty,Health & Beauty,33.2,3.0,4.98,104.58,0.0,0.0,8/19/2024,Cash,7.1
2915,2915,Chicago,Chicago,Member,Male,Home & Lifestyle,Home & Lifestyle,69.74,4.0,13.95,292.91,0.0,0.0,8/19/2024,Credit card,6.9
2916,2916,Los Angeles,Los Angeles,Normal,Female,Sports & Travel,Sports & Travel,61.82,2.0,6.18,129.82,0.0,0.0,8/19/2024,Credit card,8.6
2917,2917,Chicago,Chicago,Normal,Female,Home & Lifestyle,Home & Lifestyle,49.71,2.0,4.97,104.39,0.0,0.0,8/19/2024,Ewallet,6.9
2918,2918,New York,New York,Normal,Male,Food & Beverages,Food & Beverages,2.98,3.0,0.45,9.39,0.0,0.0,8/19/2024,Cash,6.1
2919,2919,Chicago,Chicago,Normal,Female,Food & Beverages,Food & Beverages,5.29,5.0,1.32,27.77,0.0,0.0,8/19/2024,Ewallet,6.6
2920,2920,Los Angeles,Los Angeles,Member,Female,Home & Lifestyle,Home & Lifestyle,68.19,2.0,6.82,143.2,0.0,0.0,8/19/2024,Cash,6.2
2921,2921,Chicago,Chicago,Member,Male,Food & Beverages,Food & Beverages,6.49,2.0,0.65,13.63,0.0,0.0,8/19/2024,Credit card,9.0
2922,2922,Chicago,Chicago,Member,Female,Fashion & Accs,Fashion & Accs,14.32,3.0,2.15,45.11,0.0,0.0,8/19/2024,Cash,7.4
2923,2923,Chicago,Chicago,Member,Female,Fashion & Accs,Fashion & Accs,15.19,2.0,1.52,31.9,0.0,0.0,8/19/2024,Credit card,7.5
2924,2924,Chicago,Chicago,Member,Female,Food & Beverages,Food & Beverages,3.24,2.0,0.32,6.8,0.0,0.0,8/20/2024,Credit card,8.3
2925,2925,Chicago,Chicago,Member,Male,Food & Beverages,Food & Beverages,6.69,3.0,1.0,21.07,0.0,0.0,8/20/2024,Credit card,7.4
2926,2926,Chicago,Chicago,Member,Male,Food & Beverages,Food & Beverages,6.78,3.0,1.02,21.36,0.0,0.0,8/20/2024,Credit card,8.7
2927,2927,Los Angeles,Los Angeles,Normal,Male,Food & Beverages,Food & Beverages,2.69,1.0,0.13,2.82,0.0,0.0,8/20/2024,Cash,6.8
2928,2928,Los Angeles,Los Angeles,Member,Female,Home & Lifestyle,Home & Lifestyle,68.73,2.0,6.87,144.33,0.0,0.0,8/20/2024,Credit card,6.6
2929,2929,Chicago,Chicago,Normal,Male,Food & Beverages,Food & Beverages,2.68,4.0,0.54,11.26,0.0,0.0,8/20/2024,Cash,8.1
2930,2930,Los Angeles,Los Angeles,Normal,Female,Food & Beverages,Food & Beverages,5.45,3.0,0.82,17.17,0.0,0.0,8/20/2024,Cash,8.8
2931,2931,Chicago,Chicago,Normal,Female,Home & Lifestyle,Home & Lifestyle,56.98,4.0,11.4,239.32,0.0,0.0,8/20/2024,Credit card,8.0
2932,2932,Chicago,Chicago,Normal,Female,Health & Beauty,Health & Beauty,16.87,3.0,2.53,53.14,0.0,0.0,8/20/2024,Credit card,5.1
2933,2933,New York,New York,Member,Male,Food & Beverages,Food & Beverages,7.4,5.0,1.85,38.85,0.0,0.0,8/21/2024,Ewallet,8.2
2934,2934,Chicago,Chicago,Normal,Male,Food & Beverages,Food & Beverages,5.17,3.0,0.78,16.29,0.0,0.0,8/21/2024,Cash,7.7
2935,2935,Chicago,Chicago,Normal,Male,Health & Beauty,Health & Beauty,27.52,2.0,2.75,57.79,0.0,0.0,8/21/2024,Ewallet,7.3
2936,2936,Chicago,Chicago,Member,Female,Health & Beauty,Health & Beauty,38.89,2.0,3.89,81.67,0.0,0.0,8/21/2024,Ewallet,6.9
2937,2937,New York,New York,Normal,Male,Food & Beverages,Food & Beverages,6.68,3.0,1.0,21.04,0.0,0.0,8/21/2024,Credit card,6.5
2938,2938,New York,New York,Normal,Female,Food & Beverages,Food & Beverages,6.38,4.0,1.28,26.8,0.0,0.0,8/21/2024,Cash,6.5
2939,2939,Los Angeles,Los Angeles,Normal,Male,Food & Beverages,Food & Beverages,5.13,1.0,0.26,5.39,0.0,0.0,8/21/2024,Credit card,7.8
2940,2940,Los Angeles,Los Angeles,Member,Female,Health & Beauty,Health & Beauty,31.79,4.0,6.36,133.52,0.0,0.0,8/21/2024,Cash,6.6
2941,2941,Chicago,Chicago,Normal,Male,Food & Beverages,Food & Beverages,4.81,2.0,0.48,10.1,0.0,0.0,8/21/2024,Credit card,5.9
2942,2942,Chicago,Chicago,Member,Male,Food & Beverages,Food & Beverages,6.23,5.0,1.56,32.71,0.0,0.0,8/21/2024,Ewallet,8.7
2943,2943,Los Angeles,Los Angeles,Normal,Female,Food & Beverages,Food & Beverages,6.93,2.0,0.69,14.55,0.0,0.0,8/21/2024,Credit card,7.2
2944,2944,New York,New York,Normal,Male,Food & Beverages,Food & Beverages,4.08,3.0,0.61,12.85,0.0,0.0,8/21/2024,Credit card,7.0
2945,2945,Los Angeles,Los Angeles,Normal,Female,Food & Beverages,Food & Beverages,6.54,3.0,0.98,20.6,0.0,0.0,8/21/2024,Cash,8.7
2946,2946,New York,New York,Normal,Female,Food & Beverages,Food & Beverages,6.61,2.0,0.66,13.88,0.0,0.0,8/21/2024,Ewallet,7.4
2947,2947,Chicago,Chicago,Normal,Male,Food & Beverages,Food & Beverages,5.37,2.0,0.54,11.28,0.0,0.0,8/22/2024,Ewallet,7.8
2948,2948,Chicago,Chicago,Normal,Male,Sports & Travel,Sports & Travel,69.46,3.0,10.42,218.8,0.0,0.0,8/22/2024,Cash,6.7
2949,2949,Chicago,Chicago,Normal,Male,Food & Beverages,Food & Beverages,5.98,3.0,0.9,18.84,0.0,0.0,8/22/2024,Cash,7.5
2950,2950,Los Angeles,Los Angeles,Normal,Female,Fashion & Accs,Fashion & Accs,15.16,3.0,2.27,47.75,0.0,0.0,8/22/2024,Ewallet,7.1
2951,2951,Chicago,Chicago,Normal,Female,Health & Beauty,Health & Beauty,28.58,4.0,5.72,120.04,0.0,0.0,8/22/2024,Credit card,6.4
2952,2952,Chicago,Chicago,Normal,Male,Food & Beverages,Food & Beverages,6.18,1.0,0.31,6.49,0.0,0.0,8/22/2024,Cash,6.8
2953,2953,New York,New York,Member,Male,Food & Beverages,Food & Beverages,7.14,6.0,2.14,44.98,0.0,0.0,8/22/2024,Credit card,6.8
2954,2954,Los Angeles,Los Angeles,Normal,Male,Health & Beauty,Health & Beauty,23.92,3.0,3.59,75.35,0.0,0.0,8/22/2024,Cash,8.8
2955,2955,Chicago,Chicago,Normal,Male,Food & Beverages,Food & Beverages,5.53,3.0,0.83,17.42,0.0,0.0,8/23/2024,Cash,5.5
2956,2956,New York,New York,Normal,Female,Food & Beverages,Food & Beverages,3.55,1.0,0.18,3.73,0.0,0.0,8/23/2024,Credit card,7.3
2957,2957,Chicago,Chicago,Normal,Male,Food & Beverages,Food & Beverages,6.1,1.0,0.3,6.4,0.0,0.0,8/23/2024,Cash,7.2
2958,2958,Los Angeles,Los Angeles,Normal,Male,Health & Beauty,Health & Beauty,24.15,2.0,2.42,50.72,0.0,0.0,8/23/2024,Credit card,8.1
2959,2959,Los Angeles,Los Angeles,Normal,Female,Fashion & Accs,Fashion & Accs,12.93,1.0,0.65,13.58,0.0,0.0,8/23/2024,Ewallet,8.3
2960,2960,Chicago,Chicago,Normal,Female,Food & Beverages,Food & Beverages,2.5,3.0,0.38,7.88,0.0,0.0,8/23/2024,Cash,6.6
2961,2961,Chicago,Chicago,Normal,Male,Health & Beauty,Health & Beauty,32.65,3.0,4.9,102.85,0.0,0.0,8/23/2024,Cash,4.8
2962,2962,Los Angeles,Los Angeles,Normal,Male,Food & Beverages,Food & Beverages,5.11,2.0,0.51,10.73,0.0,0.0,8/23/2024,Cash,8.6
2963,2963,Chicago,Chicago,Normal,Female,Sports & Travel,Sports & Travel,71.9,1.0,3.6,75.5,0.0,0.0,8/23/2024,Ewallet,7.4
2964,2964,New York,New York,Normal,Male,Food & Beverages,Food & Beverages,6.2,3.0,0.93,19.53,0.0,0.0,8/23/2024,Cash,7.6
2965,2965,Chicago,Chicago,Normal,Female,Health & Beauty,Health & Beauty,31.26,4.0,6.25,131.29,0.0,0.0,8/23/2024,Credit card,7.6
2966,2966,New York,New York,Normal,Female,Food & Beverages,Food & Beverages,6.08,3.0,0.91,19.15,0.0,0.0,8/23/2024,Credit card,8.6
2967,2967,Chicago,Chicago,Normal,Female,Health & Beauty,Health & Beauty,25.68,2.0,2.57,53.93,0.0,0.0,8/23/2024,Cash,6.7
2968,2968,Chicago,Chicago,Normal,Male,Health & Beauty,Health & Beauty,27.81,4.0,5.56,116.8,0.0,0.0,8/23/2024,Credit card,7.8
2969,2969,Los Angeles,Los Angeles,Member,Male,Health & Beauty,Health & Beauty,20.39,3.0,3.06,64.23,0.0,0.0,8/23/2024,Ewallet,7.1
2970,2970,Chicago,Chicago,Normal,Female,Health & Beauty,Health & Beauty,35.09,3.0,5.26,110.53,0.0,0.0,8/23/2024,Credit card,8.6
2971,2971,Los Angeles,Los Angeles,Member,Female,Fashion & Accs,Fashion & Accs,7.16,2.0,0.72,15.04,0.0,0.0,8/23/2024,Cash,4.6
2972,2972,Los Angeles,Los Angeles,Normal,Female,Food & Beverages,Food & Beverages,6.69,5.0,1.67,35.12,0.0,0.0,8/24/2024,Cash,7.0
2973,2973,Los Angeles,Los Angeles,Member,Female,Food & Beverages,Food & Beverages,7.18,2.0,0.72,15.08,0.0,0.0,8/24/2024,Ewallet,7.6
2974,2974,New York,New York,Normal,Male,Food & Beverages,Food & Beverages,7.26,2.0,0.73,15.25,0.0,0.0,8/24/2024,Ewallet,5.9
2975,2975,Los Angeles,Los Angeles,Normal,Female,Food & Beverages,Food & Beverages,2.66,4.0,0.53,11.17,0.0,0.0,8/24/2024,Cash,9.6
2976,2976,New York,New York,Normal,Female,Food & Beverages,Food & Beverages,6.54,5.0,1.64,34.34,0.0,0.0,8/24/2024,Cash,8.4
2977,2977,Chicago,Chicago,Normal,Male,Food & Beverages,Food & Beverages,6.36,4.0,1.27,26.71,0.0,0.0,8/24/2024,Credit card,6.9
2978,2978,Chicago,Chicago,Normal,Female,Food & Beverages,Food & Beverages,7.35,4.0,1.47,30.87,0.0,0.0,8/24/2024,Cash,7.0
2979,2979,Chicago,Chicago,Member,Female,Home & Lifestyle,Home & Lifestyle,50.65,5.0,12.66,265.91,0.0,0.0,8/24/2024,Credit card,6.3
2980,2980,New York,New York,Member,Female,Food & Beverages,Food & Beverages,5.54,6.0,1.66,34.9,0.0,0.0,8/25/2024,Ewallet,7.4
2981,2981,Chicago,Chicago,Member,Male,Electronics,Electronics,87.26,1.0,4.36,91.62,0.0,0.0,8/25/2024,Cash,5.6
2982,2982,Chicago,Chicago,Normal,Female,Food & Beverages,Food & Beverages,7.17,4.0,1.43,30.11,0.0,0.0,8/25/2024,Credit card,7.8
2983,2983,Los Angeles,Los Angeles,Normal,Female,Food & Beverages,Food & Beverages,7.03,3.0,1.05,22.14,0.0,0.0,8/25/2024,Ewallet,8.2
2984,2984,Chicago,Chicago,Normal,Female,Health & Beauty,Health & Beauty,35.27,1.0,1.76,37.03,0.0,0.0,8/25/2024,Ewallet,6.6
2985,2985,New York,New York,Member,Male,Food & Beverages,Food & Beverages,5.12,6.0,1.54,32.26,0.0,0.0,8/25/2024,Cash,7.1
2986,2986,Los Angeles,Los Angeles,Normal,Male,Fashion & Accs,Fashion & Accs,17.43,2.0,1.74,36.6,0.0,0.0,8/25/2024,Credit card,7.8
2987,2987,Chicago,Chicago,Normal,Male,Food & Beverages,Food & Beverages,6.13,4.0,1.23,25.75,0.0,0.0,8/25/2024,Cash,8.3
2988,2988,New York,New York,Normal,Female,Health & Beauty,Health & Beauty,36.61,2.0,3.66,76.88,0.0,0.0,8/25/2024,Credit card,8.6
2989,2989,Los Angeles,Los Angeles,Normal,Female,Health & Beauty,Health & Beauty,32.28,3.0,4.84,101.68,0.0,0.0,8/25/2024,Cash,6.6
2990,2990,Chicago,Chicago,Normal,Female,Food & Beverages,Food & Beverages,5.76,2.0,0.58,12.1,0.0,0.0,8/25/2024,Ewallet,7.3
2991,2991,Chicago,Chicago,Member,Male,Health & Beauty,Health & Beauty,31.41,4.0,6.28,131.92,0.0,0.0,8/25/2024,Cash,7.4
2992,2992,Chicago,Chicago,Member,Male,Fashion & Accs,Fashion & Accs,10.58,1.0,0.53,11.11,0.0,0.0,8/25/2024,Ewallet,7.3
2993,2993,New York,New York,Member,Female,Food & Beverages,Food & Beverages,6.26,2.0,0.63,13.15,0.0,0.0,8/25/2024,Ewallet,6.0
2994,2994,Chicago,Chicago,Member,Male,Food & Beverages,Food & Beverages,6.12,1.0,0.31,6.43,0.0,0.0,8/25/2024,Ewallet,8.8
2995,2995,Los Angeles,Los Angeles,Normal,Male,Health & Beauty,Health & Beauty,37.14,2.0,3.71,77.99,0.0,0.0,8/25/2024,Credit card,7.2
2996,2996,New York,New York,Normal,Male,Food & Beverages,Food & Beverages,2.92,3.0,0.44,9.2,0.0,0.0,8/26/2024,Ewallet,7.9
2997,2997,Los Angeles,Los Angeles,Normal,Female,Food & Beverages,Food & Beverages,6.44,1.0,0.32,6.76,0.0,0.0,8/26/2024,Cash,7.7
2998,2998,Chicago,Chicago,Normal,Female,Food & Beverages,Food & Beverages,6.7,5.0,1.68,35.18,0.0,0.0,8/26/2024,Cash,8.1
2999,2999,Los Angeles,Los Angeles,Normal,Male,Food & Beverages,Food & Beverages,5.6,4.0,1.12,23.52,0.0,0.0,8/26/2024,Ewallet,8.0
3000,3000,Chicago,Chicago,Normal,Female,Food & Beverages,Food & Beverages,4.42,2.0,0.44,9.28,0.0,0.0,8/26/2024,Credit card,6.8
3001,3001,Los Angeles,Los Angeles,Normal,Male,Food & Beverages,Food & Beverages,5.37,1.0,0.27,5.64,0.0,0.0,8/26/2024,Ewallet,6.2
3002,3002,Los Angeles,Los Angeles,Member,Female,Food & Beverages,Food & Beverages,7.62,5.0,1.91,40.01,0.0,0.0,8/26/2024,Cash,5.9
3003,3003,Los Angeles,Los Angeles,Normal,Female,Home & Lifestyle,Home & Lifestyle,60.48,1.0,3.02,63.5,0.0,0.0,8/26/2024,Cash,6.7
3004,3004,Chicago,Chicago,Normal,Male,Health & Beauty,Health & Beauty,34.91,1.0,1.75,36.66,0.0,0.0,8/26/2024,Ewallet,7.2
3005,3005,Los Angeles,Los Angeles,Normal,Male,Food & Beverages,Food & Beverages,6.43,2.0,0.64,13.5,0.0,0.0,8/26/2024,Ewallet,6.8
3006,3006,Chicago,Chicago,Member,Female,Health & Beauty,Health & Beauty,36.97,1.0,1.85,38.82,0.0,0.0,8/26/2024,Cash,7.2
3007,3007,New York,New York,Normal,Male,Food & Beverages,Food & Beverages,5.4,4.0,1.08,22.68,0.0,0.0,8/26/2024,Cash,7.0
3008,3008,Los Angeles,Los Angeles,Normal,Male,Health & Beauty,Health & Beauty,34.3,1.0,1.72,36.02,0.0,0.0,8/26/2024,Cash,7.4
3009,3009,New York,New York,Member,Male,Food & Beverages,Food & Beverages,5.21,2.0,0.52,10.94,0.0,0.0,8/26/2024,Cash,7.2
3010,3010,Los Angeles,Los Angeles,Member,Male,Fashion & Accs,Fashion & Accs,13.73,3.0,2.06,43.25,0.0,0.0,8/26/2024,Credit card,7.1
3011,3011,Los Angeles,Los Angeles,Normal,Male,Health & Beauty,Health & Beauty,22.33,3.0,3.35,70.34,0.0,0.0,8/26/2024,Credit card,6.4
3012,3012,Los Angeles,Los Angeles,Member,Male,Health & Beauty,Health & Beauty,25.22,1.0,1.26,26.48,0.0,0.0,8/27/2024,Credit card,6.8
3013,3013,Chicago,Chicago,Normal,Female,Food & Beverages,Food & Beverages,3.85,4.0,0.77,16.17,0.0,0.0,8/27/2024,Ewallet,7.2
3014,3014,Los Angeles,Los Angeles,Normal,Female,Food & Beverages,Food & Beverages,7.1,2.0,0.71,14.91,0.0,0.0,8/27/2024,Ewallet,7.7
3015,3015,Chicago,Chicago,Member,Male,Health & Beauty,Health & Beauty,27.63,4.0,5.53,116.05,0.0,0.0,8/27/2024,Cash,7.2
3016,3016,New York,New York,Member,Female,Health & Beauty,Health & Beauty,34.46,2.0,3.45,72.37,0.0,0.0,8/27/2024,Ewallet,6.3
3017,3017,Chicago,Chicago,Member,Female,Food & Beverages,Food & Beverages,6.5,2.0,0.65,13.65,0.0,0.0,8/27/2024,Cash,7.3
3018,3018,Los Angeles,Los Angeles,Normal,Female,Health & Beauty,Health & Beauty,22.75,4.0,4.55,95.55,0.0,0.0,8/27/2024,Credit card,8.1
3019,3019,New York,New York,Normal,Female,Food & Beverages,Food & Beverages,5.86,4.0,1.17,24.61,0.0,0.0,8/27/2024,Credit card,6.1
3020,3020,Chicago,Chicago,Normal,Male,Food & Beverages,Food & Beverages,3.18,4.0,0.64,13.36,0.0,0.0,8/27/2024,Credit card,6.0
3021,3021,Los Angeles,Los Angeles,Member,Female,Food & Beverages,Food & Beverages,6.77,4.0,1.35,28.43,0.0,0.0,8/28/2024,Credit card,6.7
3022,3022,Los Angeles,Los Angeles,Normal,Female,Food & Beverages,Food & Beverages,5.74,4.0,1.15,24.11,0.0,0.0,8/28/2024,Ewallet,7.9
3023,3023,Chicago,Chicago,Member,Female,Food & Beverages,Food & Beverages,3.67,3.0,0.55,11.56,0.0,0.0,8/28/2024,Ewallet,7.4
3024,3024,Los Angeles,Los Angeles,Member,Male,Health & Beauty,Health & Beauty,21.08,4.0,4.22,88.54,0.0,0.0,8/28/2024,Credit card,7.7
3025,3025,Los Angeles,Los Angeles,Normal,Female,Fashion & Accs,Fashion & Accs,12.14,1.0,0.61,12.75,0.0,0.0,8/28/2024,Cash,6.4
3026,3026,New York,New York,Member,Female,Health & Beauty,Health & Beauty,33.13,2.0,3.31,69.57,0.0,0.0,8/28/2024,Cash,7.5
3027,3027,New York,New York,Normal,Male,Fashion & Accs,Fashion & Accs,15.15,2.0,1.52,31.82,0.0,0.0,8/28/2024,Credit card,6.5
3028,3028,New York,New York,Normal,Male,Food & Beverages,Food & Beverages,4.49,2.0,0.45,9.43,0.0,0.0,8/28/2024,Cash,8.8
3029,3029,Chicago,Chicago,Member,Male,Health & Beauty,Health & Beauty,36.69,3.0,5.5,115.57,0.0,0.0,8/28/2024,Credit card,6.9
3030,3030,New York,New York,Normal,Male,Fashion & Accs,Fashion & Accs,13.78,2.0,1.38,28.94,0.0,0.0,8/28/2024,Ewallet,7.0
3031,3031,Chicago,Chicago,Member,Female,Health & Beauty,Health & Beauty,16.26,3.0,2.44,51.22,0.0,0.0,8/28/2024,Ewallet,7.9
3032,3032,Los Angeles,Los Angeles,Normal,Male,Food & Beverages,Food & Beverages,6.24,2.0,0.62,13.1,0.0,0.0,8/29/2024,Cash,6.4
3033,3033,Los Angeles,Los Angeles,Normal,Male,Food & Beverages,Food & Beverages,7.67,2.0,0.77,16.11,0.0,0.0,8/29/2024,Credit card,8.7
3034,3034,New York,New York,Normal,Male,Food & Beverages,Food & Beverages,6.7,3.0,1.01,21.11,0.0,0.0,8/29/2024,Cash,7.2
3035,3035,Chicago,Chicago,Normal,Male,Food & Beverages,Food & Beverages,5.35,4.0,1.07,22.47,0.0,0.0,8/29/2024,Ewallet,7.7
3036,3036,Chicago,Chicago,Normal,Male,Food & Beverages,Food & Beverages,6.09,3.0,0.91,19.18,0.0,0.0,8/29/2024,Ewallet,6.4
3037,3037,Los Angeles,Los Angeles,Normal,Female,Health & Beauty,Health & Beauty,16.03,4.0,3.21,67.33,0.0,0.0,8/29/2024,Ewallet,5.7
3038,3038,Los Angeles,Los Angeles,Normal,Female,Food & Beverages,Food & Beverages,3.42,2.0,0.34,7.18,0.0,0.0,8/29/2024,Ewallet,7.5
3039,3039,Los Angeles,Los Angeles,Normal,Female,Food & Beverages,Food & Beverages,6.33,2.0,0.63,13.29,0.0,0.0,8/29/2024,Cash,7.6
3040,3040,New York,New York,Member,Female,Food & Beverages,Food & Beverages,6.91,3.0,1.04,21.77,0.0,0.0,8/29/2024,Cash,8.8
3041,3041,New York,New York,Normal,Male,Food & Beverages,Food & Beverages,7.1,1.0,0.36,7.46,0.0,0.0,8/29/2024,Ewallet,7.2
3042,3042,Los Angeles,Los Angeles,Normal,Female,Health & Beauty,Health & Beauty,25.95,3.0,3.89,81.74,0.0,0.0,8/29/2024,Cash,8.2
3043,3043,Los Angeles,Los Angeles,Normal,Male,Food & Beverages,Food & Beverages,4.91,1.0,0.25,5.16,0.0,0.0,8/30/2024,Credit card,9.3
3044,3044,Chicago,Chicago,Normal,Male,Food & Beverages,Food & Beverages,5.94,2.0,0.59,12.47,0.0,0.0,8/30/2024,Credit card,8.2
3045,3045,Los Angeles,Los Angeles,Member,Female,Food & Beverages,Food & Beverages,3.95,2.0,0.4,8.3,0.0,0.0,8/30/2024,Cash,6.6
3046,3046,Los Angeles,Los Angeles,Normal,Male,Food & Beverages,Food & Beverages,6.83,4.0,1.37,28.69,0.0,0.0,8/30/2024,Ewallet,7.7
3047,3047,New York,New York,Member,Male,Food & Beverages,Food & Beverages,7.58,3.0,1.14,23.88,0.0,0.0,8/30/2024,Cash,8.5
3048,3048,New York,New York,Member,Female,Fashion & Accs,Fashion & Accs,11.54,1.0,0.58,12.12,0.0,0.0,8/30/2024,Credit card,7.3
3049,3049,Los Angeles,Los Angeles,Normal,Female,Health & Beauty,Health & Beauty,24.78,2.0,2.48,52.04,0.0,0.0,8/30/2024,Credit card,6.0
3050,3050,New York,New York,Normal,Male,Electronics,Electronics,94.77,1.0,4.74,99.51,0.0,0.0,8/30/2024,Ewallet,7.6
3051,3051,New York,New York,Normal,Female,Home & Lifestyle,Home & Lifestyle,69.24,2.0,6.92,145.4,0.0,0.0,8/31/2024,Ewallet,7.7
3052,3052,Los Angeles,Los Angeles,Member,Female,Home & Lifestyle,Home & Lifestyle,44.19,2.0,4.42,92.8,0.0,0.0,9/1/2024,Ewallet,5.5
3053,3053,Los Angeles,Los Angeles,Member,Female,Sports & Travel,Sports & Travel,52.81,4.0,10.56,221.8,0.0,0.0,9/1/2024,Credit card,9.5
3054,3054,Los Angeles,Los Angeles,Member,Female,Food & Beverages,Food & Beverages,9.66,1.0,0.48,10.14,0.0,0.0,9/1/2024,Ewallet,8.0
3055,3055,Chicago,Chicago,Member,Female,Food & Beverages,Food & Beverages,14.44,6.0,4.33,90.97,0.0,0.0,9/1/2024,Cash,7.1
3056,3056,Chicago,Chicago,Normal,Female,Health & Beauty,Health & Beauty,35.18,8.0,14.07,295.51,0.0,0.0,9/1/2024,Credit card,4.1
3057,3057,Chicago,Chicago,Normal,Female,Electronics,Electronics,91.72,6.0,27.52,577.84,0.0,0.0,9/1/2024,Credit card,4.1
3058,3058,Los Angeles,Los Angeles,Normal,Male,Fashion & Accs,Fashion & Accs,24.7,4.0,4.94,103.74,0.0,0.0,9/1/2024,Ewallet,3.4
3059,3059,Chicago,Chicago,Member,Female,Health & Beauty,Health & Beauty,23.88,5.0,5.97,125.37,0.0,0.0,9/1/2024,Ewallet,8.9
3060,3060,Los Angeles,Los Angeles,Normal,Male,Home & Lifestyle,Home & Lifestyle,47.34,8.0,18.94,397.66,0.0,0.0,9/1/2024,Credit card,7.1
3061,3061,Chicago,Chicago,Normal,Male,Electronics,Electronics,95.97,1.0,4.8,100.77,0.0,0.0,9/1/2024,Cash,7.8
3062,3062,Los Angeles,Los Angeles,Member,Female,Food & Beverages,Food & Beverages,13.87,10.0,6.94,145.64,0.0,0.0,9/1/2024,Ewallet,3.1
3063,3063,Chicago,Chicago,Normal,Female,Food & Beverages,Food & Beverages,10.36,3.0,1.55,32.63,0.0,0.0,9/1/2024,Cash,9.6
3064,3064,Chicago,Chicago,Normal,Female,Food & Beverages,Food & Beverages,7.57,10.0,3.78,79.48,0.0,0.0,9/1/2024,Credit card,8.7
3065,3065,New York,New York,Member,Female,Food & Beverages,Food & Beverages,2.61,2.0,0.26,5.48,0.0,0.0,9/1/2024,Cash,4.4
3066,3066,New York,New York,Member,Male,Food & Beverages,Food & Beverages,9.75,8.0,3.9,81.9,0.0,0.0,9/1/2024,Credit card,4.2
3067,3067,New York,New York,Normal,Male,Electronics,Electronics,82.17,9.0,36.98,776.51,0.0,0.0,9/1/2024,Ewallet,4.2
3068,3068,Chicago,Chicago,Normal,Female,Fashion & Accs,Fashion & Accs,14.07,5.0,3.52,73.87,0.0,0.0,9/1/2024,Ewallet,5.1
3069,3069,Chicago,Chicago,Normal,Male,Fashion & Accs,Fashion & Accs,10.97,9.0,4.94,103.67,0.0,0.0,9/1/2024,Credit card,6.6
3070,3070,New York,New York,Normal,Male,Food & Beverages,Food & Beverages,8.35,2.0,0.84,17.54,0.0,0.0,9/1/2024,Ewallet,5.9
3071,3071,New York,New York,Member,Female,Sports & Travel,Sports & Travel,57.23,10.0,28.62,600.92,0.0,0.0,9/1/2024,Ewallet,5.0
3072,3072,Chicago,Chicago,Normal,Male,Food & Beverages,Food & Beverages,8.93,3.0,1.34,28.13,0.0,0.0,9/1/2024,Cash,7.2
3073,3073,Chicago,Chicago,Normal,Female,Health & Beauty,Health & Beauty,30.16,4.0,6.03,126.67,0.0,0.0,9/1/2024,Ewallet,3.9
3074,3074,New York,New York,Member,Female,Fashion & Accs,Fashion & Accs,18.43,6.0,5.53,116.11,0.0,0.0,9/1/2024,Credit card,5.0
3075,3075,Los Angeles,Los Angeles,Member,Male,Health & Beauty,Health & Beauty,15.53,9.0,6.99,146.76,0.0,0.0,9/2/2024,Cash,5.5
3076,3076,Los Angeles,Los Angeles,Member,Male,Food & Beverages,Food & Beverages,13.77,6.0,4.13,86.75,0.0,0.0,9/2/2024,Cash,6.1
3077,3077,New York,New York,Normal,Male,Food & Beverages,Food & Beverages,11.4,10.0,5.7,119.7,0.0,0.0,9/2/2024,Credit card,8.3
3078,3078,Chicago,Chicago,Member,Female,Food & Beverages,Food & Beverages,3.26,7.0,1.14,23.96,0.0,0.0,9/2/2024,Credit card,4.4
3079,3079,New York,New York,Normal,Male,Health & Beauty,Health & Beauty,39.6,2.0,3.96,83.16,0.0,0.0,9/2/2024,Cash,6.5
3080,3080,New York,New York,Member,Male,Fashion & Accs,Fashion & Accs,8.8,8.0,3.52,73.92,0.0,0.0,9/2/2024,Cash,7.0
3081,3081,Chicago,Chicago,Normal,Male,Food & Beverages,Food & Beverages,13.2,9.0,5.94,124.74,0.0,0.0,9/2/2024,Cash,3.3
3082,3082,Chicago,Chicago,Normal,Male,Home & Lifestyle,Home & Lifestyle,67.79,4.0,13.56,284.72,0.0,0.0,9/2/2024,Cash,7.1
3083,3083,Los Angeles,Los Angeles,Normal,Female,Health & Beauty,Health & Beauty,19.12,1.0,0.96,20.08,0.0,0.0,9/2/2024,Ewallet,4.2
3084,3084,New York,New York,Member,Female,Food & Beverages,Food & Beverages,11.06,9.0,4.98,104.52,0.0,0.0,9/2/2024,Ewallet,3.4
3085,3085,Los Angeles,Los Angeles,Normal,Male,Health & Beauty,Health & Beauty,29.48,9.0,13.27,278.59,0.0,0.0,9/2/2024,Cash,9.5
3086,3086,Los Angeles,Los Angeles,Normal,Female,Food & Beverages,Food & Beverages,13.09,3.0,1.96,41.23,0.0,0.0,9/2/2024,Cash,9.6
3087,3087,New York,New York,Normal,Male,Health & Beauty,Health & Beauty,31.88,4.0,6.38,133.9,0.0,0.0,9/2/2024,Credit card,8.5
3088,3088,Chicago,Chicago,Normal,Male,Electronics,Electronics,87.94,10.0,43.97,923.37,0.0,0.0,9/2/2024,Credit card,5.1
3089,3089,Los Angeles,Los Angeles,Member,Female,Food & Beverages,Food & Beverages,7.15,5.0,1.79,37.54,0.0,0.0,9/2/2024,Credit card,3.7
3090,3090,New York,New York,Normal,Male,Electronics,Electronics,98.92,2.0,9.89,207.73,0.0,0.0,9/2/2024,Cash,7.7
3091,3091,Los Angeles,Los Angeles,Normal,Female,Food & Beverages,Food & Beverages,13.43,6.0,4.03,84.61,0.0,0.0,9/2/2024,Cash,6.0
3092,3092,Chicago,Chicago,Normal,Female,Health & Beauty,Health & Beauty,39.68,9.0,17.86,374.98,0.0,0.0,9/2/2024,Cash,3.8
3093,3093,Los Angeles,Los Angeles,Normal,Male,Sports & Travel,Sports & Travel,54.03,2.0,5.4,113.46,0.0,0.0,9/3/2024,Ewallet,6.4
3094,3094,Los Angeles,Los Angeles,Normal,Female,Fashion & Accs,Fashion & Accs,19.35,4.0,3.87,81.27,0.0,0.0,9/3/2024,Ewallet,3.2
3095,3095,Chicago,Chicago,Normal,Female,Sports & Travel,Sports & Travel,75.38,2.0,7.54,158.3,0.0,0.0,9/3/2024,Credit card,9.2
3096,3096,Los Angeles,Los Angeles,Normal,Female,Sports & Travel,Sports & Travel,69.11,5.0,17.28,362.83,0.0,0.0,9/3/2024,Cash,4.8
3097,3097,New York,New York,Member,Male,Health & Beauty,Health & Beauty,38.63,3.0,5.79,121.68,0.0,0.0,9/3/2024,Credit card,7.5
3098,3098,Chicago,Chicago,Normal,Male,Sports & Travel,Sports & Travel,51.25,6.0,15.38,322.88,0.0,0.0,9/3/2024,Ewallet,5.1
3099,3099,New York,New York,Member,Female,Fashion & Accs,Fashion & Accs,9.99,2.0,1.0,20.98,0.0,0.0,9/3/2024,Credit card,6.5
3100,3100,New York,New York,Normal,Male,Home & Lifestyle,Home & Lifestyle,47.1,3.0,7.07,148.37,0.0,0.0,9/3/2024,Ewallet,6.7
3101,3101,New York,New York,Member,Male,Sports & Travel,Sports & Travel,77.73,7.0,27.21,571.32,0.0,0.0,9/3/2024,Ewallet,4.3
3102,3102,New York,New York,Member,Female,Sports & Travel,Sports & Travel,71.04,7.0,24.86,522.14,0.0,0.0,9/3/2024,Ewallet,9.6
3103,3103,Los Angeles,Los Angeles,Member,Female,Sports & Travel,Sports & Travel,74.62,4.0,14.92,313.4,0.0,0.0,9/3/2024,Cash,8.3
3104,3104,Chicago,Chicago,Normal,Female,Home & Lifestyle,Home & Lifestyle,69.01,5.0,17.25,362.3,0.0,0.0,9/3/2024,Credit card,9.4
3105,3105,New York,New York,Normal,Female,Health & Beauty,Health & Beauty,17.88,5.0,4.47,93.87,0.0,0.0,9/3/2024,Cash,9.1
3106,3106,Los Angeles,Los Angeles,Normal,Male,Electronics,Electronics,86.55,6.0,25.96,545.26,0.0,0.0,9/3/2024,Credit card,7.1
3107,3107,Los Angeles,Los Angeles,Member,Male,Electronics,Electronics,93.43,1.0,4.67,98.1,0.0,0.0,9/3/2024,Credit card,9.3
3108,3108,New York,New York,Member,Male,Sports & Travel,Sports & Travel,52.1,6.0,15.63,328.23,0.0,0.0,9/3/2024,Credit card,3.6
3109,3109,Los Angeles,Los Angeles,Normal,Female,Home & Lifestyle,Home & Lifestyle,60.01,6.0,18.0,378.06,0.0,0.0,9/3/2024,Credit card,4.3
3110,3110,Los Angeles,Los Angeles,Normal,Female,Food & Beverages,Food & Beverages,6.93,3.0,1.04,21.83,0.0,0.0,9/3/2024,Credit card,3.3
3111,3111,Chicago,Chicago,Member,Male,Food & Beverages,Food & Beverages,4.73,10.0,2.37,49.67,0.0,0.0,9/4/2024,Credit card,5.2
3112,3112,Chicago,Chicago,Normal,Male,Food & Beverages,Food & Beverages,12.32,3.0,1.85,38.81,0.0,0.0,9/4/2024,Ewallet,5.6
3113,3113,New York,New York,Member,Female,Food & Beverages,Food & Beverages,14.38,4.0,2.88,60.4,0.0,0.0,9/4/2024,Ewallet,4.8
3114,3114,Los Angeles,Los Angeles,Member,Male,Food & Beverages,Food & Beverages,14.79,10.0,7.4,155.3,0.0,0.0,9/4/2024,Ewallet,8.6
3115,3115,Chicago,Chicago,Normal,Male,Food & Beverages,Food & Beverages,6.99,7.0,2.45,51.38,0.0,0.0,9/4/2024,Cash,5.4
3116,3116,Los Angeles,Los Angeles,Normal,Male,Home & Lifestyle,Home & Lifestyle,46.57,9.0,20.96,440.09,0.0,0.0,9/4/2024,Credit card,4.9
3117,3117,New York,New York,Normal,Male,Home & Lifestyle,Home & Lifestyle,64.04,9.0,28.82,605.18,0.0,0.0,9/4/2024,Ewallet,6.7
3118,3118,New York,New York,Normal,Female,Home & Lifestyle,Home & Lifestyle,61.58,9.0,27.71,581.93,0.0,0.0,9/4/2024,Credit card,4.0
3119,3119,Chicago,Chicago,Normal,Male,Electronics,Electronics,89.0,5.0,22.25,467.25,0.0,0.0,9/4/2024,Ewallet,8.5
3120,3120,Los Angeles,Los Angeles,Normal,Female,Sports & Travel,Sports & Travel,58.24,2.0,5.82,122.3,0.0,0.0,9/4/2024,Ewallet,3.5
3121,3121,Chicago,Chicago,Member,Male,Food & Beverages,Food & Beverages,5.01,3.0,0.75,15.78,0.0,0.0,9/4/2024,Ewallet,9.7
3122,3122,Chicago,Chicago,Normal,Female,Food & Beverages,Food & Beverages,4.69,7.0,1.64,34.47,0.0,0.0,9/4/2024,Credit card,8.3
3123,3123,New York,New York,Normal,Male,Fashion & Accs,Fashion & Accs,20.31,7.0,7.11,149.28,0.0,0.0,9/4/2024,Credit card,4.4
3124,3124,Los Angeles,Los Angeles,Normal,Female,Electronics,Electronics,98.07,7.0,34.32,720.81,0.0,0.0,9/4/2024,Credit card,3.0
3125,3125,New York,New York,Normal,Male,Fashion & Accs,Fashion & Accs,10.46,8.0,4.18,87.86,0.0,0.0,9/4/2024,Cash,8.5
3126,3126,New York,New York,Normal,Female,Food & Beverages,Food & Beverages,12.93,3.0,1.94,40.73,0.0,0.0,9/4/2024,Ewallet,7.8
3127,3127,New York,New York,Member,Male,Health & Beauty,Health & Beauty,25.72,8.0,10.29,216.05,0.0,0.0,9/4/2024,Cash,8.0
3128,3128,Los Angeles,Los Angeles,Member,Female,Food & Beverages,Food & Beverages,11.9,7.0,4.16,87.46,0.0,0.0,9/4/2024,Cash,8.2
3129,3129,Chicago,Chicago,Normal,Male,Electronics,Electronics,94.19,1.0,4.71,98.9,0.0,0.0,9/4/2024,Ewallet,3.5
3130,3130,Chicago,Chicago,Normal,Male,Food & Beverages,Food & Beverages,14.34,4.0,2.87,60.23,0.0,0.0,9/4/2024,Ewallet,5.4
3131,3131,Los Angeles,Los Angeles,Normal,Female,Home & Lifestyle,Home & Lifestyle,56.92,4.0,11.38,239.06,0.0,0.0,9/4/2024,Credit card,3.8
3132,3132,Chicago,Chicago,Normal,Male,Food & Beverages,Food & Beverages,4.13,5.0,1.03,21.68,0.0,0.0,9/4/2024,Cash,8.9
3133,3133,Los Angeles,Los Angeles,Member,Female,Food & Beverages,Food & Beverages,11.3,2.0,1.13,23.73,0.0,0.0,9/4/2024,Credit card,7.2
3134,3134,Los Angeles,Los Angeles,Normal,Female,Sports & Travel,Sports & Travel,68.01,2.0,6.8,142.82,0.0,0.0,9/5/2024,Ewallet,5.3
3135,3135,Los Angeles,Los Angeles,Normal,Female,Home & Lifestyle,Home & Lifestyle,42.07,6.0,12.62,265.04,0.0,0.0,9/5/2024,Cash,3.4
3136,3136,Chicago,Chicago,Normal,Female,Health & Beauty,Health & Beauty,30.89,8.0,12.36,259.48,0.0,0.0,9/5/2024,Ewallet,5.1
3137,3137,New York,New York,Normal,Female,Health & Beauty,Health & Beauty,37.99,8.0,15.2,319.12,0.0,0.0,9/5/2024,Credit card,5.2
3138,3138,Chicago,Chicago,Normal,Female,Sports & Travel,Sports & Travel,74.92,2.0,7.49,157.33,0.0,0.0,9/5/2024,Cash,8.0
3139,3139,New York,New York,Member,Female,Health & Beauty,Health & Beauty,27.36,6.0,8.21,172.37,0.0,0.0,9/5/2024,Cash,7.3
3140,3140,New York,New York,Member,Female,Food & Beverages,Food & Beverages,9.75,5.0,2.44,51.19,0.0,0.0,9/5/2024,Credit card,9.0
3141,3141,Los Angeles,Los Angeles,Normal,Male,Health & Beauty,Health & Beauty,27.21,4.0,5.44,114.28,0.0,0.0,9/5/2024,Ewallet,6.2
3142,3142,Chicago,Chicago,Member,Male,Home & Lifestyle,Home & Lifestyle,46.65,4.0,9.33,195.93,0.0,0.0,9/5/2024,Credit card,3.8
3143,3143,Chicago,Chicago,Normal,Female,Home & Lifestyle,Home & Lifestyle,62.38,6.0,18.71,392.99,0.0,0.0,9/5/2024,Credit card,7.9
3144,3144,Los Angeles,Los Angeles,Member,Male,Health & Beauty,Health & Beauty,19.81,2.0,1.98,41.6,0.0,0.0,9/5/2024,Ewallet,8.2
3145,3145,New York,New York,Member,Male,Electronics,Electronics,89.18,10.0,44.59,936.39,0.0,0.0,9/5/2024,Ewallet,6.8
3146,3146,Los Angeles,Los Angeles,Normal,Male,Health & Beauty,Health & Beauty,22.41,6.0,6.72,141.18,0.0,0.0,9/5/2024,Cash,8.2
3147,3147,Chicago,Chicago,Member,Female,Food & Beverages,Food & Beverages,2.71,5.0,0.68,14.23,0.0,0.0,9/5/2024,Ewallet,6.4
3148,3148,New York,New York,Member,Female,Food & Beverages,Food & Beverages,2.16,5.0,0.54,11.34,0.0,0.0,9/5/2024,Credit card,6.6
3149,3149,Los Angeles,Los Angeles,Member,Male,Health & Beauty,Health & Beauty,36.54,2.0,3.65,76.73,0.0,0.0,9/5/2024,Ewallet,5.9
3150,3150,Los Angeles,Los Angeles,Member,Male,Health & Beauty,Health & Beauty,35.28,5.0,8.82,185.22,0.0,0.0,9/5/2024,Cash,3.2
3151,3151,Chicago,Chicago,Normal,Female,Food & Beverages,Food & Beverages,12.28,4.0,2.46,51.58,0.0,0.0,9/5/2024,Ewallet,3.7
3152,3152,New York,New York,Normal,Female,Health & Beauty,Health & Beauty,39.75,5.0,9.94,208.69,0.0,0.0,9/5/2024,Credit card,3.2
3153,3153,New York,New York,Normal,Male,Food & Beverages,Food & Beverages,4.7,4.0,0.94,19.74,0.0,0.0,9/5/2024,Cash,7.3
3154,3154,Los Angeles,Los Angeles,Member,Male,Food & Beverages,Food & Beverages,7.31,10.0,3.66,76.76,0.0,0.0,9/6/2024,Credit card,5.1
3155,3155,Los Angeles,Los Angeles,Normal,Female,Food & Beverages,Food & Beverages,7.9,4.0,1.58,33.18,0.0,0.0,9/6/2024,Ewallet,6.5
3156,3156,Chicago,Chicago,Normal,Male,Fashion & Accs,Fashion & Accs,15.89,3.0,2.38,50.05,0.0,0.0,9/6/2024,Ewallet,9.2
3157,3157,Los Angeles,Los Angeles,Normal,Male,Sports & Travel,Sports & Travel,67.85,10.0,33.93,712.43,0.0,0.0,9/6/2024,Ewallet,4.7
3158,3158,Chicago,Chicago,Normal,Female,Health & Beauty,Health & Beauty,38.57,9.0,17.36,364.49,0.0,0.0,9/6/2024,Credit card,5.8
3159,3159,Chicago,Chicago,Normal,Female,Health & Beauty,Health & Beauty,30.09,1.0,1.5,31.59,0.0,0.0,9/6/2024,Cash,8.1
3160,3160,New York,New York,Normal,Male,Electronics,Electronics,92.74,5.0,23.18,486.88,0.0,0.0,9/6/2024,Credit card,4.6
3161,3161,Los Angeles,Los Angeles,Normal,Female,Fashion & Accs,Fashion & Accs,8.63,10.0,4.32,90.62,0.0,0.0,9/6/2024,Credit card,3.5
3162,3162,New York,New York,Member,Female,Sports & Travel,Sports & Travel,60.0,2.0,6.0,126.0,0.0,0.0,9/6/2024,Ewallet,5.0
3163,3163,New York,New York,Normal,Female,Food & Beverages,Food & Beverages,7.21,9.0,3.24,68.13,0.0,0.0,9/6/2024,Cash,4.1
3164,3164,Los Angeles,Los Angeles,Normal,Male,Food & Beverages,Food & Beverages,7.25,9.0,3.26,68.51,0.0,0.0,9/6/2024,Ewallet,9.3
3165,3165,New York,New York,Normal,Female,Food & Beverages,Food & Beverages,4.44,6.0,1.33,27.97,0.0,0.0,9/6/2024,Credit card,8.5
3166,3166,Chicago,Chicago,Member,Male,Health & Beauty,Health & Beauty,28.73,5.0,7.18,150.83,0.0,0.0,9/6/2024,Credit card,7.3
3167,3167,Los Angeles,Los Angeles,Normal,Male,Home & Lifestyle,Home & Lifestyle,49.32,1.0,2.47,51.79,0.0,0.0,9/7/2024,Credit card,8.9
3168,3168,New York,New York,Normal,Male,Food & Beverages,Food & Beverages,3.53,3.0,0.53,11.12,0.0,0.0,9/7/2024,Credit card,8.5
3169,3169,Chicago,Chicago,Normal,Female,Fashion & Accs,Fashion & Accs,14.65,8.0,5.86,123.06,0.0,0.0,9/7/2024,Cash,4.3
3170,3170,Chicago,Chicago,Normal,Male,Home & Lifestyle,Home & Lifestyle,48.29,7.0,16.9,354.93,0.0,0.0,9/7/2024,Credit card,9.1
3171,3171,Los Angeles,Los Angeles,Member,Male,Fashion & Accs,Fashion & Accs,10.97,10.0,5.48,115.18,0.0,0.0,9/7/2024,Credit card,6.7
3172,3172,New York,New York,Normal,Female,Home & Lifestyle,Home & Lifestyle,50.35,9.0,22.66,475.81,0.0,0.0,9/7/2024,Ewallet,8.5
3173,3173,New York,New York,Normal,Male,Health & Beauty,Health & Beauty,20.97,7.0,7.34,154.13,0.0,0.0,9/7/2024,Cash,9.1
3174,3174,Los Angeles,Los Angeles,Normal,Female,Fashion & Accs,Fashion & Accs,21.23,7.0,7.43,156.04,0.0,0.0,9/7/2024,Ewallet,5.2
3175,3175,Chicago,Chicago,Normal,Male,Fashion & Accs,Fashion & Accs,5.74,9.0,2.58,54.24,0.0,0.0,9/7/2024,Ewallet,3.7
3176,3176,Los Angeles,Los Angeles,Member,Female,Food & Beverages,Food & Beverages,13.84,1.0,0.69,14.53,0.0,0.0,9/7/2024,Ewallet,4.5
3177,3177,Chicago,Chicago,Member,Male,Health & Beauty,Health & Beauty,34.54,5.0,8.64,181.34,0.0,0.0,9/7/2024,Credit card,5.9
3178,3178,Chicago,Chicago,Normal,Female,Home & Lifestyle,Home & Lifestyle,65.78,7.0,23.02,483.48,0.0,0.0,9/7/2024,Ewallet,8.6
3179,3179,New York,New York,Normal,Female,Home & Lifestyle,Home & Lifestyle,41.08,2.0,4.11,86.27,0.0,0.0,9/7/2024,Cash,8.9
3180,3180,Los Angeles,Los Angeles,Normal,Male,Home & Lifestyle,Home & Lifestyle,53.02,2.0,5.3,111.34,0.0,0.0,9/8/2024,Ewallet,3.0
3181,3181,Los Angeles,Los Angeles,Normal,Male,Fashion & Accs,Fashion & Accs,23.07,1.0,1.15,24.22,0.0,0.0,9/8/2024,Credit card,6.5
3182,3182,Chicago,Chicago,Member,Female,Food & Beverages,Food & Beverages,8.91,10.0,4.46,93.56,0.0,0.0,9/8/2024,Ewallet,5.8
3183,3183,Los Angeles,Los Angeles,Normal,Female,Food & Beverages,Food & Beverages,5.13,10.0,2.56,53.86,0.0,0.0,9/8/2024,Cash,4.5
3184,3184,Los Angeles,Los Angeles,Normal,Female,Health & Beauty,Health & Beauty,37.47,8.0,14.99,314.75,0.0,0.0,9/8/2024,Ewallet,3.8
3185,3185,Los Angeles,Los Angeles,Normal,Female,Home & Lifestyle,Home & Lifestyle,69.63,5.0,17.41,365.56,0.0,0.0,9/8/2024,Credit card,5.3
3186,3186,Los Angeles,Los Angeles,Member,Female,Health & Beauty,Health & Beauty,24.62,8.0,9.85,206.81,0.0,0.0,9/8/2024,Cash,9.4
3187,3187,Chicago,Chicago,Normal,Female,Health & Beauty,Health & Beauty,22.38,7.0,7.83,164.49,0.0,0.0,9/8/2024,Cash,5.2
3188,3188,New York,New York,Normal,Male,Home & Lifestyle,Home & Lifestyle,62.36,5.0,15.59,327.39,0.0,0.0,9/8/2024,Ewallet,6.5
3189,3189,New York,New York,Normal,Male,Food & Beverages,Food & Beverages,10.07,3.0,1.51,31.72,0.0,0.0,9/8/2024,Credit card,7.8
3190,3190,Chicago,Chicago,Normal,Female,Electronics,Electronics,80.63,6.0,24.19,507.97,0.0,0.0,9/8/2024,Ewallet,5.5
3191,3191,Los Angeles,Los Angeles,Member,Female,Food & Beverages,Food & Beverages,3.72,9.0,1.67,35.15,0.0,0.0,9/8/2024,Ewallet,9.6
3192,3192,Chicago,Chicago,Normal,Female,Health & Beauty,Health & Beauty,21.42,8.0,8.57,179.93,0.0,0.0,9/8/2024,Ewallet,9.5
3193,3193,New York,New York,Normal,Male,Food & Beverages,Food & Beverages,2.98,4.0,0.6,12.52,0.0,0.0,9/9/2024,Ewallet,4.7
3194,3194,New York,New York,Member,Female,Fashion & Accs,Fashion & Accs,12.89,5.0,3.22,67.67,0.0,0.0,9/9/2024,Credit card,6.4
3195,3195,New York,New York,Normal,Female,Health & Beauty,Health & Beauty,35.56,6.0,10.67,224.03,0.0,0.0,9/9/2024,Cash,5.0
3196,3196,Los Angeles,Los Angeles,Normal,Female,Food & Beverages,Food & Beverages,4.88,2.0,0.49,10.25,0.0,0.0,9/9/2024,Credit card,4.9
3197,3197,New York,New York,Member,Female,Health & Beauty,Health & Beauty,16.13,1.0,0.81,16.94,0.0,0.0,9/9/2024,Credit card,3.3
3198,3198,Los Angeles,Los Angeles,Member,Male,Health & Beauty,Health & Beauty,24.28,9.0,10.93,229.45,0.0,0.0,9/9/2024,Credit card,7.1
3199,3199,Los Angeles,Los Angeles,Normal,Female,Fashion & Accs,Fashion & Accs,21.67,10.0,10.84,227.54,0.0,0.0,9/9/2024,Credit card,6.4
3200,3200,Los Angeles,Los Angeles,Member,Female,Electronics,Electronics,88.43,4.0,17.69,371.41,0.0,0.0,9/9/2024,Ewallet,3.4
3201,3201,New York,New York,Member,Female,Food & Beverages,Food & Beverages,5.59,2.0,0.56,11.74,0.0,0.0,9/9/2024,Ewallet,4.9
3202,3202,Los Angeles,Los Angeles,Normal,Male,Sports & Travel,Sports & Travel,67.91,1.0,3.4,71.31,0.0,0.0,9/9/2024,Cash,9.2
3203,3203,New York,New York,Member,Male,Food & Beverages,Food & Beverages,11.95,4.0,2.39,50.19,0.0,0.0,9/9/2024,Credit card,4.6
3204,3204,Los Angeles,Los Angeles,Normal,Male,Sports & Travel,Sports & Travel,67.88,5.0,16.97,356.37,0.0,0.0,9/9/2024,Ewallet,4.0
3205,3205,Los Angeles,Los Angeles,Normal,Female,Food & Beverages,Food & Beverages,3.43,1.0,0.17,3.6,0.0,0.0,9/9/2024,Cash,6.3
3206,3206,New York,New York,Member,Female,Health & Beauty,Health & Beauty,21.63,3.0,3.24,68.13,0.0,0.0,9/9/2024,Ewallet,9.7
3207,3207,New York,New York,Normal,Female,Health & Beauty,Health & Beauty,24.05,10.0,12.02,252.52,0.0,0.0,9/9/2024,Cash,4.6
3208,3208,New York,New York,Normal,Male,Health & Beauty,Health & Beauty,37.72,9.0,16.97,356.45,0.0,0.0,9/9/2024,Credit card,7.6
3209,3209,Los Angeles,Los Angeles,Normal,Female,Home & Lifestyle,Home & Lifestyle,52.79,2.0,5.28,110.86,0.0,0.0,9/9/2024,Credit card,8.2
3210,3210,Los Angeles,Los Angeles,Member,Male,Electronics,Electronics,82.81,3.0,12.42,260.85,0.0,0.0,9/10/2024,Cash,4.6
3211,3211,Chicago,Chicago,Member,Female,Home & Lifestyle,Home & Lifestyle,57.92,5.0,14.48,304.08,0.0,0.0,9/10/2024,Credit card,8.0
3212,3212,Los Angeles,Los Angeles,Normal,Male,Home & Lifestyle,Home & Lifestyle,59.53,9.0,26.79,562.56,0.0,0.0,9/10/2024,Ewallet,5.5
3213,3213,Chicago,Chicago,Normal,Male,Food & Beverages,Food & Beverages,12.76,7.0,4.47,93.79,0.0,0.0,9/10/2024,Credit card,7.3
3214,3214,Chicago,Chicago,Member,Female,Food & Beverages,Food & Beverages,3.98,8.0,1.59,33.43,0.0,0.0,9/10/2024,Cash,7.3
3215,3215,Los Angeles,Los Angeles,Normal,Male,Sports & Travel,Sports & Travel,61.18,3.0,9.18,192.72,0.0,0.0,9/10/2024,Credit card,6.6
3216,3216,Chicago,Chicago,Normal,Female,Home & Lifestyle,Home & Lifestyle,52.32,7.0,18.31,384.55,0.0,0.0,9/10/2024,Ewallet,3.6
3217,3217,New York,New York,Member,Female,Fashion & Accs,Fashion & Accs,16.56,4.0,3.31,69.55,0.0,0.0,9/10/2024,Cash,8.7
3218,3218,New York,New York,Normal,Female,Health & Beauty,Health & Beauty,24.19,5.0,6.05,127.0,0.0,0.0,9/10/2024,Credit card,5.2
3219,3219,New York,New York,Normal,Male,Sports & Travel,Sports & Travel,69.73,5.0,17.43,366.08,0.0,0.0,9/10/2024,Cash,4.3
3220,3220,New York,New York,Member,Female,Food & Beverages,Food & Beverages,4.36,3.0,0.65,13.73,0.0,0.0,9/10/2024,Credit card,3.3
3221,3221,Los Angeles,Los Angeles,Member,Male,Health & Beauty,Health & Beauty,28.26,7.0,9.89,207.71,0.0,0.0,9/10/2024,Credit card,7.0
3222,3222,Chicago,Chicago,Normal,Female,Food & Beverages,Food & Beverages,9.38,2.0,0.94,19.7,0.0,0.0,9/11/2024,Ewallet,7.6
3223,3223,New York,New York,Normal,Male,Food & Beverages,Food & Beverages,5.54,7.0,1.94,40.72,0.0,0.0,9/11/2024,Credit card,3.1
3224,3224,Los Angeles,Los Angeles,Member,Male,Health & Beauty,Health & Beauty,17.77,10.0,8.88,186.58,0.0,0.0,9/11/2024,Credit card,6.5
3225,3225,Los Angeles,Los Angeles,Normal,Female,Home & Lifestyle,Home & Lifestyle,41.64,4.0,8.33,174.89,0.0,0.0,9/11/2024,Credit card,4.5
3226,3226,Los Angeles,Los Angeles,Member,Female,Food & Beverages,Food & Beverages,3.56,8.0,1.42,29.9,0.0,0.0,9/11/2024,Ewallet,7.4
3227,3227,Chicago,Chicago,Normal,Male,Food & Beverages,Food & Beverages,12.83,6.0,3.85,80.83,0.0,0.0,9/11/2024,Cash,4.2
3228,3228,Los Angeles,Los Angeles,Normal,Male,Sports & Travel,Sports & Travel,52.34,6.0,15.7,329.74,0.0,0.0,9/11/2024,Credit card,7.7
3229,3229,New York,New York,Member,Female,Home & Lifestyle,Home & Lifestyle,52.15,6.0,15.64,328.54,0.0,0.0,9/11/2024,Cash,5.6
3230,3230,Chicago,Chicago,Member,Female,Electronics,Electronics,96.0,4.0,19.2,403.2,0.0,0.0,9/11/2024,Credit card,9.4
3231,3231,Los Angeles,Los Angeles,Normal,Female,Health & Beauty,Health & Beauty,20.54,3.0,3.08,64.7,0.0,0.0,9/11/2024,Cash,3.9
3232,3232,Chicago,Chicago,Normal,Male,Home & Lifestyle,Home & Lifestyle,50.48,3.0,7.57,159.01,0.0,0.0,9/11/2024,Cash,5.3
3233,3233,Los Angeles,Los Angeles,Normal,Male,Food & Beverages,Food & Beverages,10.52,3.0,1.58,33.14,0.0,0.0,9/11/2024,Ewallet,3.8
3234,3234,Chicago,Chicago,Normal,Female,Home & Lifestyle,Home & Lifestyle,66.46,10.0,33.23,697.83,0.0,0.0,9/11/2024,Credit card,9.3
3235,3235,Los Angeles,Los Angeles,Member,Female,Electronics,Electronics,88.38,5.0,22.1,464.0,0.0,0.0,9/11/2024,Ewallet,9.0
3236,3236,Chicago,Chicago,Member,Male,Home & Lifestyle,Home & Lifestyle,53.56,1.0,2.68,56.24,0.0,0.0,9/11/2024,Credit card,4.8
3237,3237,Chicago,Chicago,Normal,Male,Food & Beverages,Food & Beverages,8.59,8.0,3.44,72.16,0.0,0.0,9/11/2024,Credit card,7.5
3238,3238,New York,New York,Normal,Male,Electronics,Electronics,95.35,4.0,19.07,400.47,0.0,0.0,9/11/2024,Credit card,8.6
3239,3239,Los Angeles,Los Angeles,Normal,Male,Health & Beauty,Health & Beauty,35.27,6.0,10.58,222.2,0.0,0.0,9/12/2024,Ewallet,6.8
3240,3240,Chicago,Chicago,Member,Male,Food & Beverages,Food & Beverages,7.69,8.0,3.08,64.6,0.0,0.0,9/12/2024,Credit card,6.6
3241,3241,Chicago,Chicago,Member,Female,Home & Lifestyle,Home & Lifestyle,63.23,10.0,31.62,663.92,0.0,0.0,9/12/2024,Cash,4.6
3242,3242,Chicago,Chicago,Member,Female,Home & Lifestyle,Home & Lifestyle,60.35,5.0,15.09,316.84,0.0,0.0,9/12/2024,Cash,3.6
3243,3243,New York,New York,Member,Male,Sports & Travel,Sports & Travel,67.48,3.0,10.12,212.56,0.0,0.0,9/12/2024,Ewallet,9.1
3244,3244,Chicago,Chicago,Member,Female,Food & Beverages,Food & Beverages,11.21,2.0,1.12,23.54,0.0,0.0,9/12/2024,Credit card,9.1
3245,3245,New York,New York,Normal,Male,Health & Beauty,Health & Beauty,35.72,9.0,16.07,337.55,0.0,0.0,9/12/2024,Cash,7.3
3246,3246,Chicago,Chicago,Member,Male,Home & Lifestyle,Home & Lifestyle,45.41,4.0,9.08,190.72,0.0,0.0,9/12/2024,Credit card,5.3
3247,3247,Los Angeles,Los Angeles,Member,Male,Fashion & Accs,Fashion & Accs,10.92,2.0,1.09,22.93,0.0,0.0,9/12/2024,Credit card,5.4
3248,3248,New York,New York,Normal,Male,Health & Beauty,Health & Beauty,36.91,10.0,18.45,387.55,0.0,0.0,9/12/2024,Cash,7.9
3249,3249,Los Angeles,Los Angeles,Normal,Male,Health & Beauty,Health & Beauty,16.09,6.0,4.83,101.37,0.0,0.0,9/12/2024,Ewallet,9.1
3250,3250,Chicago,Chicago,Normal,Female,Food & Beverages,Food & Beverages,12.19,4.0,2.44,51.2,0.0,0.0,9/12/2024,Credit card,9.0
3251,3251,New York,New York,Normal,Female,Food & Beverages,Food & Beverages,4.52,10.0,2.26,47.46,0.0,0.0,9/12/2024,Ewallet,8.3
3252,3252,Los Angeles,Los Angeles,Normal,Female,Health & Beauty,Health & Beauty,25.47,3.0,3.82,80.23,0.0,0.0,9/12/2024,Ewallet,7.4
3253,3253,Los Angeles,Los Angeles,Member,Female,Sports & Travel,Sports & Travel,64.42,6.0,19.33,405.85,0.0,0.0,9/12/2024,Credit card,3.6
3254,3254,New York,New York,Member,Male,Food & Beverages,Food & Beverages,11.92,5.0,2.98,62.58,0.0,0.0,9/12/2024,Credit card,4.1
3255,3255,New York,New York,Normal,Male,Health & Beauty,Health & Beauty,20.55,8.0,8.22,172.62,0.0,0.0,9/12/2024,Ewallet,9.1
3256,3256,Chicago,Chicago,Normal,Female,Electronics,Electronics,84.47,2.0,8.45,177.39,0.0,0.0,9/13/2024,Credit card,7.1
3257,3257,New York,New York,Normal,Female,Food & Beverages,Food & Beverages,3.79,5.0,0.95,19.9,0.0,0.0,9/13/2024,Ewallet,3.1
3258,3258,New York,New York,Normal,Female,Health & Beauty,Health & Beauty,15.13,2.0,1.51,31.77,0.0,0.0,9/13/2024,Cash,3.7
3259,3259,Los Angeles,Los Angeles,Member,Female,Food & Beverages,Food & Beverages,5.75,5.0,1.44,30.19,0.0,0.0,9/13/2024,Cash,7.5
3260,3260,Chicago,Chicago,Member,Female,Food & Beverages,Food & Beverages,12.88,8.0,5.15,108.19,0.0,0.0,9/13/2024,Credit card,3.0
3261,3261,Chicago,Chicago,Normal,Male,Food & Beverages,Food & Beverages,5.79,1.0,0.29,6.08,0.0,0.0,9/13/2024,Credit card,4.1
3262,3262,Chicago,Chicago,Normal,Male,Food & Beverages,Food & Beverages,6.69,9.0,3.01,63.22,0.0,0.0,9/13/2024,Credit card,6.7
3263,3263,Chicago,Chicago,Member,Male,Fashion & Accs,Fashion & Accs,14.4,7.0,5.04,105.84,0.0,0.0,9/13/2024,Ewallet,7.7
3264,3264,Los Angeles,Los Angeles,Member,Male,Food & Beverages,Food & Beverages,11.53,2.0,1.15,24.21,0.0,0.0,9/13/2024,Ewallet,7.4
3265,3265,Chicago,Chicago,Member,Male,Fashion & Accs,Fashion & Accs,11.77,3.0,1.77,37.08,0.0,0.0,9/13/2024,Ewallet,4.5
3266,3266,New York,New York,Normal,Female,Home & Lifestyle,Home & Lifestyle,64.34,2.0,6.43,135.11,0.0,0.0,9/13/2024,Ewallet,7.8
3267,3267,Los Angeles,Los Angeles,Member,Male,Electronics,Electronics,83.78,1.0,4.19,87.97,0.0,0.0,9/13/2024,Credit card,4.6
3268,3268,Chicago,Chicago,Member,Female,Food & Beverages,Food & Beverages,11.79,4.0,2.36,49.52,0.0,0.0,9/13/2024,Cash,5.2
3269,3269,Los Angeles,Los Angeles,Member,Female,Sports & Travel,Sports & Travel,73.98,7.0,25.89,543.75,0.0,0.0,9/14/2024,Ewallet,8.1
3270,3270,New York,New York,Member,Female,Fashion & Accs,Fashion & Accs,8.74,8.0,3.5,73.42,0.0,0.0,9/14/2024,Credit card,7.4
3271,3271,Los Angeles,Los Angeles,Normal,Male,Fashion & Accs,Fashion & Accs,6.58,10.0,3.29,69.09,0.0,0.0,9/14/2024,Ewallet,8.8
3272,3272,Los Angeles,Los Angeles,Member,Male,Food & Beverages,Food & Beverages,10.59,5.0,2.65,55.6,0.0,0.0,9/14/2024,Credit card,7.5
3273,3273,Los Angeles,Los Angeles,Member,Female,Fashion & Accs,Fashion & Accs,5.85,6.0,1.76,36.86,0.0,0.0,9/14/2024,Credit card,6.9
3274,3274,Chicago,Chicago,Member,Male,Health & Beauty,Health & Beauty,30.94,6.0,9.28,194.92,0.0,0.0,9/14/2024,Credit card,3.6
3275,3275,Los Angeles,Los Angeles,Member,Male,Fashion & Accs,Fashion & Accs,17.15,8.0,6.86,144.06,0.0,0.0,9/14/2024,Cash,5.5
3276,3276,New York,New York,Member,Female,Food & Beverages,Food & Beverages,14.34,1.0,0.72,15.06,0.0,0.0,9/14/2024,Credit card,4.8
3277,3277,New York,New York,Normal,Female,Home & Lifestyle,Home & Lifestyle,42.31,3.0,6.35,133.28,0.0,0.0,9/14/2024,Credit card,4.7
3278,3278,Chicago,Chicago,Normal,Male,Health & Beauty,Health & Beauty,15.65,3.0,2.35,49.3,0.0,0.0,9/15/2024,Credit card,9.6
3279,3279,Chicago,Chicago,Normal,Female,Health & Beauty,Health & Beauty,32.6,4.0,6.52,136.92,0.0,0.0,9/15/2024,Ewallet,5.7
3280,3280,New York,New York,Member,Female,Food & Beverages,Food & Beverages,3.76,2.0,0.38,7.9,0.0,0.0,9/15/2024,Credit card,9.1
3281,3281,Chicago,Chicago,Normal,Male,Sports & Travel,Sports & Travel,79.03,6.0,23.71,497.89,0.0,0.0,9/15/2024,Ewallet,7.3
3282,3282,Chicago,Chicago,Normal,Female,Fashion & Accs,Fashion & Accs,22.03,3.0,3.3,69.39,0.0,0.0,9/15/2024,Ewallet,8.4
3283,3283,Los Angeles,Los Angeles,Normal,Male,Health & Beauty,Health & Beauty,20.92,8.0,8.37,175.73,0.0,0.0,9/15/2024,Cash,6.4
3284,3284,Chicago,Chicago,Normal,Male,Home & Lifestyle,Home & Lifestyle,42.59,5.0,10.65,223.6,0.0,0.0,9/15/2024,Credit card,6.9
3285,3285,Chicago,Chicago,Normal,Female,Fashion & Accs,Fashion & Accs,21.47,2.0,2.15,45.09,0.0,0.0,9/15/2024,Cash,6.3
3286,3286,Los Angeles,Los Angeles,Normal,Female,Food & Beverages,Food & Beverages,6.48,9.0,2.92,61.24,0.0,0.0,9/15/2024,Credit card,4.3
3287,3287,New York,New York,Normal,Female,Food & Beverages,Food & Beverages,13.29,2.0,1.33,27.91,0.0,0.0,9/15/2024,Credit card,7.9
3288,3288,Los Angeles,Los Angeles,Member,Male,Food & Beverages,Food & Beverages,14.23,5.0,3.56,74.71,0.0,0.0,9/15/2024,Ewallet,4.9
3289,3289,Chicago,Chicago,Member,Female,Food & Beverages,Food & Beverages,5.94,9.0,2.67,56.13,0.0,0.0,9/15/2024,Cash,3.2
3290,3290,Chicago,Chicago,Member,Male,Home & Lifestyle,Home & Lifestyle,58.73,10.0,29.36,616.66,0.0,0.0,9/15/2024,Credit card,7.4
3291,3291,Los Angeles,Los Angeles,Member,Male,Electronics,Electronics,97.97,10.0,48.99,1028.69,0.0,0.0,9/16/2024,Cash,4.2
3292,3292,Chicago,Chicago,Normal,Male,Food & Beverages,Food & Beverages,10.15,5.0,2.54,53.29,0.0,0.0,9/16/2024,Credit card,9.4
3293,3293,Los Angeles,Los Angeles,Member,Female,Food & Beverages,Food & Beverages,2.95,1.0,0.15,3.1,0.0,0.0,9/16/2024,Cash,9.5
3294,3294,Chicago,Chicago,Normal,Female,Health & Beauty,Health & Beauty,22.81,6.0,6.84,143.7,0.0,0.0,9/16/2024,Ewallet,9.2
3295,3295,New York,New York,Normal,Male,Sports & Travel,Sports & Travel,65.45,2.0,6.55,137.45,0.0,0.0,9/16/2024,Credit card,5.5
3296,3296,Los Angeles,Los Angeles,Member,Male,Health & Beauty,Health & Beauty,16.27,7.0,5.69,119.58,0.0,0.0,9/16/2024,Ewallet,3.1
3297,3297,New York,New York,Normal,Male,Health & Beauty,Health & Beauty,38.34,6.0,11.5,241.54,0.0,0.0,9/16/2024,Cash,9.3
3298,3298,New York,New York,Normal,Female,Food & Beverages,Food & Beverages,6.01,1.0,0.3,6.31,0.0,0.0,9/16/2024,Cash,5.9
3299,3299,Chicago,Chicago,Member,Male,Health & Beauty,Health & Beauty,23.82,1.0,1.19,25.01,0.0,0.0,9/16/2024,Cash,9.6
3300,3300,New York,New York,Member,Female,Home & Lifestyle,Home & Lifestyle,40.25,2.0,4.03,84.53,0.0,0.0,9/16/2024,Credit card,9.6
3301,3301,New York,New York,Member,Female,Sports & Travel,Sports & Travel,62.02,10.0,31.01,651.21,0.0,0.0,9/16/2024,Credit card,8.8
3302,3302,Los Angeles,Los Angeles,Normal,Female,Health & Beauty,Health & Beauty,34.11,5.0,8.53,179.08,0.0,0.0,9/16/2024,Ewallet,5.0
3303,3303,Chicago,Chicago,Normal,Male,Home & Lifestyle,Home & Lifestyle,51.82,6.0,15.55,326.47,0.0,0.0,9/17/2024,Credit card,5.6
3304,3304,Los Angeles,Los Angeles,Normal,Female,Health & Beauty,Health & Beauty,16.13,3.0,2.42,50.81,0.0,0.0,9/17/2024,Ewallet,8.8
3305,3305,Chicago,Chicago,Normal,Male,Sports & Travel,Sports & Travel,65.47,6.0,19.64,412.46,0.0,0.0,9/17/2024,Ewallet,5.2
3306,3306,Chicago,Chicago,Normal,Female,Food & Beverages,Food & Beverages,8.6,9.0,3.87,81.27,0.0,0.0,9/17/2024,Credit card,4.2
3307,3307,Los Angeles,Los Angeles,Member,Male,Fashion & Accs,Fashion & Accs,18.48,7.0,6.47,135.83,0.0,0.0,9/17/2024,Credit card,6.8
3308,3308,New York,New York,Normal,Male,Fashion & Accs,Fashion & Accs,10.31,10.0,5.16,108.26,0.0,0.0,9/17/2024,Credit card,9.4
3309,3309,Chicago,Chicago,Normal,Male,Fashion & Accs,Fashion & Accs,19.42,7.0,6.8,142.74,0.0,0.0,9/17/2024,Cash,7.7
3310,3310,Los Angeles,Los Angeles,Member,Male,Home & Lifestyle,Home & Lifestyle,53.23,7.0,18.63,391.24,0.0,0.0,9/17/2024,Cash,6.9
3311,3311,Chicago,Chicago,Normal,Female,Home & Lifestyle,Home & Lifestyle,62.08,1.0,3.1,65.18,0.0,0.0,9/17/2024,Ewallet,3.7
3312,3312,Chicago,Chicago,Normal,Female,Health & Beauty,Health & Beauty,22.84,3.0,3.43,71.95,0.0,0.0,9/17/2024,Credit card,7.2
3313,3313,Chicago,Chicago,Normal,Female,Health & Beauty,Health & Beauty,19.81,4.0,3.96,83.2,0.0,0.0,9/17/2024,Cash,9.7
3314,3314,New York,New York,Normal,Female,Food & Beverages,Food & Beverages,11.16,8.0,4.46,93.74,0.0,0.0,9/17/2024,Credit card,4.0
3315,3315,New York,New York,Member,Female,Food & Beverages,Food & Beverages,9.46,9.0,4.26,89.4,0.0,0.0,9/17/2024,Credit card,6.5
3316,3316,New York,New York,Member,Male,Electronics,Electronics,85.45,2.0,8.54,179.44,0.0,0.0,9/17/2024,Credit card,9.0
3317,3317,Los Angeles,Los Angeles,Member,Female,Health & Beauty,Health & Beauty,35.7,5.0,8.93,187.43,0.0,0.0,9/17/2024,Ewallet,8.0
3318,3318,Los Angeles,Los Angeles,Member,Male,Home & Lifestyle,Home & Lifestyle,60.1,9.0,27.04,567.94,0.0,0.0,9/18/2024,Cash,7.7
3319,3319,Los Angeles,Los Angeles,Normal,Female,Food & Beverages,Food & Beverages,3.31,3.0,0.5,10.43,0.0,0.0,9/18/2024,Cash,7.8
3320,3320,New York,New York,Normal,Female,Home & Lifestyle,Home & Lifestyle,66.42,8.0,26.57,557.93,0.0,0.0,9/18/2024,Credit card,5.4
3321,3321,New York,New York,Member,Female,Food & Beverages,Food & Beverages,2.77,2.0,0.28,5.82,0.0,0.0,9/18/2024,Ewallet,5.0
3322,3322,New York,New York,Normal,Male,Food & Beverages,Food & Beverages,4.28,3.0,0.64,13.48,0.0,0.0,9/18/2024,Ewallet,8.5
3323,3323,New York,New York,Member,Female,Food & Beverages,Food & Beverages,11.74,5.0,2.94,61.64,0.0,0.0,9/18/2024,Ewallet,8.5
3324,3324,Chicago,Chicago,Normal,Male,Food & Beverages,Food & Beverages,6.36,8.0,2.54,53.42,0.0,0.0,9/18/2024,Ewallet,8.9
3325,3325,Chicago,Chicago,Normal,Male,Health & Beauty,Health & Beauty,26.7,4.0,5.34,112.14,0.0,0.0,9/18/2024,Ewallet,9.2
3326,3326,New York,New York,Normal,Female,Food & Beverages,Food & Beverages,2.18,6.0,0.65,13.73,0.0,0.0,9/18/2024,Ewallet,6.5
3327,3327,New York,New York,Normal,Male,Home & Lifestyle,Home & Lifestyle,59.16,7.0,20.71,434.83,0.0,0.0,9/18/2024,Ewallet,6.4
3328,3328,Los Angeles,Los Angeles,Member,Male,Health & Beauty,Health & Beauty,18.52,6.0,5.56,116.68,0.0,0.0,9/18/2024,Ewallet,8.4
3329,3329,Chicago,Chicago,Normal,Female,Food & Beverages,Food & Beverages,14.4,5.0,3.6,75.6,0.0,0.0,9/18/2024,Credit card,7.4
3330,3330,Los Angeles,Los Angeles,Normal,Female,Home & Lifestyle,Home & Lifestyle,41.86,2.0,4.19,87.91,0.0,0.0,9/19/2024,Credit card,7.8
3331,3331,New York,New York,Normal,Female,Food & Beverages,Food & Beverages,10.3,5.0,2.58,54.08,0.0,0.0,9/19/2024,Credit card,8.4
3332,3332,New York,New York,Member,Female,Food & Beverages,Food & Beverages,11.72,10.0,5.86,123.06,0.0,0.0,9/19/2024,Credit card,9.1
3333,3333,New York,New York,Normal,Male,Fashion & Accs,Fashion & Accs,18.61,10.0,9.3,195.4,0.0,0.0,9/19/2024,Ewallet,5.3
3334,3334,Chicago,Chicago,Member,Female,Food & Beverages,Food & Beverages,9.33,1.0,0.47,9.8,0.0,0.0,9/19/2024,Ewallet,5.6
3335,3335,Los Angeles,Los Angeles,Member,Male,Electronics,Electronics,96.19,8.0,38.48,808.0,0.0,0.0,9/19/2024,Cash,3.6
3336,3336,Chicago,Chicago,Normal,Male,Food & Beverages,Food & Beverages,7.79,1.0,0.39,8.18,0.0,0.0,9/19/2024,Credit card,6.9
3337,3337,Chicago,Chicago,Normal,Male,Health & Beauty,Health & Beauty,31.82,5.0,7.96,167.06,0.0,0.0,9/19/2024,Ewallet,3.2
3338,3338,New York,New York,Normal,Male,Health & Beauty,Health & Beauty,16.13,6.0,4.84,101.62,0.0,0.0,9/19/2024,Ewallet,6.2
3339,3339,Los Angeles,Los Angeles,Normal,Male,Health & Beauty,Health & Beauty,26.8,5.0,6.7,140.7,0.0,0.0,9/19/2024,Credit card,6.7
3340,3340,New York,New York,Member,Female,Fashion & Accs,Fashion & Accs,22.83,8.0,9.13,191.77,0.0,0.0,9/20/2024,Ewallet,4.9
3341,3341,Chicago,Chicago,Normal,Male,Electronics,Electronics,86.59,3.0,12.99,272.76,0.0,0.0,9/20/2024,Ewallet,7.0
3342,3342,Los Angeles,Los Angeles,Normal,Male,Health & Beauty,Health & Beauty,33.9,5.0,8.48,177.98,0.0,0.0,9/20/2024,Credit card,3.2
3343,3343,Chicago,Chicago,Normal,Female,Fashion & Accs,Fashion & Accs,9.95,6.0,2.98,62.68,0.0,0.0,9/20/2024,Cash,3.3
3344,3344,New York,New York,Member,Male,Food & Beverages,Food & Beverages,10.58,10.0,5.29,111.09,0.0,0.0,9/20/2024,Ewallet,8.6
3345,3345,Los Angeles,Los Angeles,Member,Male,Sports & Travel,Sports & Travel,67.82,8.0,27.13,569.69,0.0,0.0,9/20/2024,Credit card,5.4
3346,3346,Los Angeles,Los Angeles,Normal,Male,Fashion & Accs,Fashion & Accs,9.69,4.0,1.94,40.7,0.0,0.0,9/20/2024,Ewallet,3.9
3347,3347,Los Angeles,Los Angeles,Member,Female,Fashion & Accs,Fashion & Accs,23.33,10.0,11.66,244.96,0.0,0.0,9/20/2024,Credit card,6.6
3348,3348,New York,New York,Member,Female,Home & Lifestyle,Home & Lifestyle,66.29,9.0,29.83,626.44,0.0,0.0,9/20/2024,Cash,8.2
3349,3349,Los Angeles,Los Angeles,Normal,Male,Food & Beverages,Food & Beverages,7.55,8.0,3.02,63.42,0.0,0.0,9/20/2024,Cash,4.5
3350,3350,Chicago,Chicago,Normal,Female,Food & Beverages,Food & Beverages,6.14,7.0,2.15,45.13,0.0,0.0,9/20/2024,Credit card,7.2
3351,3351,Los Angeles,Los Angeles,Member,Female,Food & Beverages,Food & Beverages,4.93,3.0,0.74,15.53,0.0,0.0,9/21/2024,Ewallet,3.6
3352,3352,Chicago,Chicago,Normal,Female,Electronics,Electronics,82.54,4.0,16.51,346.67,0.0,0.0,9/21/2024,Cash,3.4
3353,3353,Los Angeles,Los Angeles,Normal,Female,Food & Beverages,Food & Beverages,3.2,4.0,0.64,13.44,0.0,0.0,9/21/2024,Cash,6.6
3354,3354,Chicago,Chicago,Normal,Male,Health & Beauty,Health & Beauty,19.7,10.0,9.85,206.85,0.0,0.0,9/21/2024,Ewallet,6.7
3355,3355,Chicago,Chicago,Member,Female,Home & Lifestyle,Home & Lifestyle,67.27,4.0,13.45,282.53,0.0,0.0,9/21/2024,Ewallet,7.3
3356,3356,Los Angeles,Los Angeles,Normal,Female,Electronics,Electronics,93.18,4.0,18.64,391.36,0.0,0.0,9/21/2024,Credit card,7.9
3357,3357,Los Angeles,Los Angeles,Member,Female,Food & Beverages,Food & Beverages,8.94,6.0,2.68,56.32,0.0,0.0,9/21/2024,Credit card,9.6
3358,3358,New York,New York,Member,Female,Health & Beauty,Health & Beauty,39.53,8.0,15.81,332.05,0.0,0.0,9/21/2024,Ewallet,6.5
3359,3359,Los Angeles,Los Angeles,Normal,Female,Food & Beverages,Food & Beverages,9.31,4.0,1.86,39.1,0.0,0.0,9/21/2024,Ewallet,5.2
3360,3360,Chicago,Chicago,Member,Female,Food & Beverages,Food & Beverages,4.55,4.0,0.91,19.11,0.0,0.0,9/21/2024,Credit card,8.4
3361,3361,Chicago,Chicago,Member,Female,Sports & Travel,Sports & Travel,74.65,8.0,29.86,627.06,0.0,0.0,9/21/2024,Credit card,4.8
3362,3362,Chicago,Chicago,Normal,Male,Fashion & Accs,Fashion & Accs,14.77,9.0,6.65,139.58,0.0,0.0,9/22/2024,Ewallet,6.0
3363,3363,Chicago,Chicago,Normal,Male,Electronics,Electronics,92.66,1.0,4.63,97.29,0.0,0.0,9/22/2024,Credit card,3.5
3364,3364,Los Angeles,Los Angeles,Member,Male,Sports & Travel,Sports & Travel,65.17,6.0,19.55,410.57,0.0,0.0,9/22/2024,Cash,3.2
3365,3365,New York,New York,Normal,Female,Home & Lifestyle,Home & Lifestyle,40.47,9.0,18.21,382.44,0.0,0.0,9/22/2024,Credit card,9.5
3366,3366,Chicago,Chicago,Normal,Female,Food & Beverages,Food & Beverages,5.73,9.0,2.58,54.15,0.0,0.0,9/22/2024,Ewallet,8.7
3367,3367,New York,New York,Member,Male,Home & Lifestyle,Home & Lifestyle,42.89,3.0,6.43,135.1,0.0,0.0,9/22/2024,Cash,7.7
3368,3368,Los Angeles,Los Angeles,Member,Female,Home & Lifestyle,Home & Lifestyle,51.91,6.0,15.57,327.03,0.0,0.0,9/22/2024,Ewallet,5.8
3369,3369,Los Angeles,Los Angeles,Member,Male,Health & Beauty,Health & Beauty,35.7,2.0,3.57,74.97,0.0,0.0,9/22/2024,Ewallet,4.2
3370,3370,New York,New York,Normal,Male,Sports & Travel,Sports & Travel,61.32,8.0,24.53,515.09,0.0,0.0,9/22/2024,Cash,4.1
3371,3371,Los Angeles,Los Angeles,Normal,Female,Food & Beverages,Food & Beverages,10.38,6.0,3.11,65.39,0.0,0.0,9/22/2024,Credit card,4.7
3372,3372,Los Angeles,Los Angeles,Member,Male,Sports & Travel,Sports & Travel,77.04,10.0,38.52,808.92,0.0,0.0,9/22/2024,Credit card,6.7
3373,3373,Los Angeles,Los Angeles,Normal,Female,Food & Beverages,Food & Beverages,9.33,1.0,0.47,9.8,0.0,0.0,9/22/2024,Cash,7.9
3374,3374,Los Angeles,Los Angeles,Normal,Male,Sports & Travel,Sports & Travel,72.57,7.0,25.4,533.39,0.0,0.0,9/22/2024,Ewallet,7.5
3375,3375,Chicago,Chicago,Normal,Female,Food & Beverages,Food & Beverages,9.03,7.0,3.16,66.37,0.0,0.0,9/22/2024,Ewallet,4.9
3376,3376,New York,New York,Normal,Male,Food & Beverages,Food & Beverages,14.67,1.0,0.73,15.4,0.0,0.0,9/23/2024,Cash,9.5
3377,3377,Los Angeles,Los Angeles,Normal,Female,Food & Beverages,Food & Beverages,6.24,5.0,1.56,32.76,0.0,0.0,9/23/2024,Ewallet,8.0
3378,3378,Los Angeles,Los Angeles,Normal,Female,Health & Beauty,Health & Beauty,31.99,7.0,11.2,235.13,0.0,0.0,9/23/2024,Cash,6.8
3379,3379,New York,New York,Member,Male,Home & Lifestyle,Home & Lifestyle,44.63,3.0,6.69,140.58,0.0,0.0,9/23/2024,Ewallet,7.2
3380,3380,Los Angeles,Los Angeles,Normal,Male,Food & Beverages,Food & Beverages,7.78,5.0,1.94,40.84,0.0,0.0,9/23/2024,Cash,5.9
3381,3381,Chicago,Chicago,Member,Female,Food & Beverages,Food & Beverages,3.17,9.0,1.43,29.96,0.0,0.0,9/23/2024,Cash,4.7
3382,3382,Los Angeles,Los Angeles,Member,Female,Home & Lifestyle,Home & Lifestyle,52.41,2.0,5.24,110.06,0.0,0.0,9/23/2024,Ewallet,5.4
3383,3383,New York,New York,Normal,Male,Home & Lifestyle,Home & Lifestyle,45.09,7.0,15.78,331.41,0.0,0.0,9/23/2024,Cash,8.2
3384,3384,Los Angeles,Los Angeles,Member,Male,Food & Beverages,Food & Beverages,7.65,7.0,2.68,56.23,0.0,0.0,9/23/2024,Cash,3.1
3385,3385,Chicago,Chicago,Normal,Male,Fashion & Accs,Fashion & Accs,14.92,10.0,7.46,156.66,0.0,0.0,9/23/2024,Cash,3.8
3386,3386,Los Angeles,Los Angeles,Member,Female,Food & Beverages,Food & Beverages,10.06,6.0,3.02,63.38,0.0,0.0,9/23/2024,Credit card,3.3
3387,3387,New York,New York,Member,Male,Health & Beauty,Health & Beauty,30.08,4.0,6.02,126.34,0.0,0.0,9/23/2024,Credit card,3.3
3388,3388,Chicago,Chicago,Member,Female,Food & Beverages,Food & Beverages,11.03,8.0,4.41,92.65,0.0,0.0,9/23/2024,Ewallet,8.8
3389,3389,Los Angeles,Los Angeles,Normal,Female,Fashion & Accs,Fashion & Accs,12.86,2.0,1.29,27.01,0.0,0.0,9/23/2024,Ewallet,7.8
3390,3390,New York,New York,Normal,Male,Food & Beverages,Food & Beverages,9.15,8.0,3.66,76.86,0.0,0.0,9/24/2024,Ewallet,6.2
3391,3391,New York,New York,Normal,Male,Food & Beverages,Food & Beverages,12.34,7.0,4.32,90.7,0.0,0.0,9/24/2024,Ewallet,3.7
3392,3392,Los Angeles,Los Angeles,Normal,Female,Food & Beverages,Food & Beverages,11.3,7.0,3.96,83.06,0.0,0.0,9/24/2024,Cash,6.3
3393,3393,Chicago,Chicago,Normal,Female,Electronics,Electronics,97.5,7.0,34.12,716.62,0.0,0.0,9/24/2024,Credit card,6.2
3394,3394,Chicago,Chicago,Member,Male,Fashion & Accs,Fashion & Accs,9.96,6.0,2.99,62.75,0.0,0.0,9/24/2024,Cash,4.2
3395,3395,Chicago,Chicago,Normal,Female,Home & Lifestyle,Home & Lifestyle,49.95,7.0,17.48,367.13,0.0,0.0,9/24/2024,Cash,6.0
3396,3396,Los Angeles,Los Angeles,Normal,Male,Food & Beverages,Food & Beverages,7.08,10.0,3.54,74.34,0.0,0.0,9/24/2024,Ewallet,5.7
3397,3397,New York,New York,Member,Female,Food & Beverages,Food & Beverages,7.41,2.0,0.74,15.56,0.0,0.0,9/24/2024,Cash,7.2
3398,3398,Los Angeles,Los Angeles,Member,Female,Electronics,Electronics,94.86,9.0,42.69,896.43,0.0,0.0,9/24/2024,Credit card,7.3
3399,3399,Chicago,Chicago,Member,Female,Health & Beauty,Health & Beauty,22.51,2.0,2.25,47.27,0.0,0.0,9/24/2024,Cash,3.3
3400,3400,Los Angeles,Los Angeles,Normal,Male,Food & Beverages,Food & Beverages,11.63,9.0,5.23,109.9,0.0,0.0,9/25/2024,Cash,5.5
3401,3401,Chicago,Chicago,Member,Female,Food & Beverages,Food & Beverages,7.27,3.0,1.09,22.9,0.0,0.0,9/25/2024,Cash,7.3
3402,3402,Chicago,Chicago,Normal,Male,Home & Lifestyle,Home & Lifestyle,52.89,1.0,2.64,55.53,0.0,0.0,9/25/2024,Ewallet,6.4
3403,3403,New York,New York,Normal,Male,Food & Beverages,Food & Beverages,12.39,9.0,5.58,117.09,0.0,0.0,9/25/2024,Cash,8.8
3404,3404,Chicago,Chicago,Normal,Female,Food & Beverages,Food & Beverages,8.36,6.0,2.51,52.67,0.0,0.0,9/25/2024,Credit card,7.5
3405,3405,Chicago,Chicago,Member,Female,Home & Lifestyle,Home & Lifestyle,53.74,3.0,8.06,169.28,0.0,0.0,9/25/2024,Ewallet,4.1
3406,3406,Los Angeles,Los Angeles,Normal,Male,Fashion & Accs,Fashion & Accs,11.26,4.0,2.25,47.29,0.0,0.0,9/25/2024,Credit card,3.5
3407,3407,New York,New York,Normal,Female,Food & Beverages,Food & Beverages,3.79,7.0,1.33,27.86,0.0,0.0,9/25/2024,Credit card,7.4
3408,3408,Chicago,Chicago,Normal,Male,Health & Beauty,Health & Beauty,27.24,3.0,4.09,85.81,0.0,0.0,9/25/2024,Cash,3.2
3409,3409,Chicago,Chicago,Normal,Female,Sports & Travel,Sports & Travel,64.54,4.0,12.91,271.07,0.0,0.0,9/25/2024,Ewallet,7.0
3410,3410,Chicago,Chicago,Normal,Female,Electronics,Electronics,89.32,8.0,35.73,750.29,0.0,0.0,9/25/2024,Credit card,9.4
3411,3411,Los Angeles,Los Angeles,Member,Male,Food & Beverages,Food & Beverages,5.57,9.0,2.51,52.64,0.0,0.0,9/25/2024,Cash,6.9
3412,3412,Chicago,Chicago,Normal,Female,Fashion & Accs,Fashion & Accs,7.26,2.0,0.73,15.25,0.0,0.0,9/25/2024,Cash,5.6
3413,3413,New York,New York,Normal,Male,Health & Beauty,Health & Beauty,26.03,4.0,5.21,109.33,0.0,0.0,9/25/2024,Ewallet,7.4
3414,3414,New York,New York,Member,Male,Food & Beverages,Food & Beverages,14.99,8.0,6.0,125.92,0.0,0.0,9/26/2024,Cash,6.1
3415,3415,Los Angeles,Los Angeles,Normal,Male,Sports & Travel,Sports & Travel,57.11,10.0,28.56,599.66,0.0,0.0,9/26/2024,Ewallet,6.7
3416,3416,Chicago,Chicago,Member,Female,Sports & Travel,Sports & Travel,54.18,4.0,10.84,227.56,0.0,0.0,9/26/2024,Ewallet,9.4
3417,3417,Chicago,Chicago,Normal,Female,Sports & Travel,Sports & Travel,55.05,5.0,13.76,289.01,0.0,0.0,9/26/2024,Cash,5.6
3418,3418,New York,New York,Member,Male,Food & Beverages,Food & Beverages,11.75,7.0,4.11,86.36,0.0,0.0,9/26/2024,Ewallet,9.5
3419,3419,New York,New York,Normal,Male,Electronics,Electronics,82.51,3.0,12.38,259.91,0.0,0.0,9/26/2024,Ewallet,9.2
3420,3420,New York,New York,Normal,Female,Sports & Travel,Sports & Travel,67.32,5.0,16.83,353.43,0.0,0.0,9/26/2024,Credit card,4.3
3421,3421,Los Angeles,Los Angeles,Normal,Male,Health & Beauty,Health & Beauty,33.75,6.0,10.12,212.62,0.0,0.0,9/26/2024,Credit card,3.5
3422,3422,Chicago,Chicago,Normal,Male,Health & Beauty,Health & Beauty,26.46,6.0,7.94,166.7,0.0,0.0,9/26/2024,Ewallet,3.7
3423,3423,Chicago,Chicago,Normal,Female,Fashion & Accs,Fashion & Accs,14.89,6.0,4.47,93.81,0.0,0.0,9/26/2024,Ewallet,3.1
3424,3424,Chicago,Chicago,Normal,Female,Food & Beverages,Food & Beverages,13.62,1.0,0.68,14.3,0.0,0.0,9/26/2024,Cash,3.6
3425,3425,New York,New York,Member,Male,Home & Lifestyle,Home & Lifestyle,65.73,8.0,26.29,552.13,0.0,0.0,9/26/2024,Credit card,7.6
3426,3426,Chicago,Chicago,Normal,Male,Electronics,Electronics,85.72,5.0,21.43,450.03,0.0,0.0,9/26/2024,Cash,3.5
3427,3427,Los Angeles,Los Angeles,Member,Male,Health & Beauty,Health & Beauty,30.64,4.0,6.13,128.69,0.0,0.0,9/26/2024,Credit card,5.2
3428,3428,Los Angeles,Los Angeles,Normal,Male,Food & Beverages,Food & Beverages,3.73,4.0,0.75,15.67,0.0,0.0,9/26/2024,Credit card,8.7
3429,3429,Los Angeles,Los Angeles,Normal,Female,Health & Beauty,Health & Beauty,39.7,7.0,13.9,291.8,0.0,0.0,9/27/2024,Ewallet,3.2
3430,3430,Los Angeles,Los Angeles,Normal,Male,Health & Beauty,Health & Beauty,17.56,6.0,5.27,110.63,0.0,0.0,9/27/2024,Credit card,8.5
3431,3431,Chicago,Chicago,Normal,Male,Food & Beverages,Food & Beverages,10.8,2.0,1.08,22.68,0.0,0.0,9/27/2024,Credit card,4.9
3432,3432,Chicago,Chicago,Member,Female,Food & Beverages,Food & Beverages,4.77,3.0,0.72,15.03,0.0,0.0,9/27/2024,Ewallet,3.8
3433,3433,Chicago,Chicago,Member,Male,Home & Lifestyle,Home & Lifestyle,43.01,2.0,4.3,90.32,0.0,0.0,9/27/2024,Credit card,7.7
3434,3434,New York,New York,Normal,Female,Health & Beauty,Health & Beauty,21.19,2.0,2.12,44.5,0.0,0.0,9/27/2024,Cash,7.3
3435,3435,New York,New York,Normal,Female,Home & Lifestyle,Home & Lifestyle,60.71,5.0,15.18,318.73,0.0,0.0,9/27/2024,Cash,9.0
3436,3436,Los Angeles,Los Angeles,Member,Female,Home & Lifestyle,Home & Lifestyle,41.64,4.0,8.33,174.89,0.0,0.0,9/27/2024,Credit card,8.0
3437,3437,Chicago,Chicago,Normal,Male,Food & Beverages,Food & Beverages,14.71,6.0,4.41,92.67,0.0,0.0,9/27/2024,Ewallet,8.5
3438,3438,New York,New York,Member,Female,Food & Beverages,Food & Beverages,10.88,8.0,4.35,91.39,0.0,0.0,9/27/2024,Ewallet,4.9
3439,3439,Los Angeles,Los Angeles,Member,Male,Fashion & Accs,Fashion & Accs,9.31,1.0,0.47,9.78,0.0,0.0,9/27/2024,Ewallet,4.2
3440,3440,Los Angeles,Los Angeles,Normal,Female,Health & Beauty,Health & Beauty,25.06,9.0,11.28,236.82,0.0,0.0,9/27/2024,Credit card,8.1
3441,3441,Los Angeles,Los Angeles,Normal,Male,Food & Beverages,Food & Beverages,4.64,3.0,0.7,14.62,0.0,0.0,9/27/2024,Credit card,8.5
3442,3442,Chicago,Chicago,Member,Male,Health & Beauty,Health & Beauty,25.94,4.0,5.19,108.95,0.0,0.0,9/27/2024,Cash,9.7
3443,3443,Chicago,Chicago,Normal,Female,Food & Beverages,Food & Beverages,2.72,3.0,0.41,8.57,0.0,0.0,9/27/2024,Cash,5.8
3444,3444,New York,New York,Normal,Male,Fashion & Accs,Fashion & Accs,11.93,9.0,5.37,112.74,0.0,0.0,9/27/2024,Ewallet,5.5
3445,3445,Los Angeles,Los Angeles,Normal,Male,Fashion & Accs,Fashion & Accs,22.47,2.0,2.25,47.19,0.0,0.0,9/27/2024,Ewallet,8.3
3446,3446,New York,New York,Normal,Female,Food & Beverages,Food & Beverages,5.42,10.0,2.71,56.91,0.0,0.0,9/27/2024,Credit card,5.3
3447,3447,Chicago,Chicago,Normal,Male,Health & Beauty,Health & Beauty,29.17,6.0,8.75,183.77,0.0,0.0,9/27/2024,Cash,9.3
3448,3448,New York,New York,Member,Male,Fashion & Accs,Fashion & Accs,15.18,1.0,0.76,15.94,0.0,0.0,9/28/2024,Ewallet,8.8
3449,3449,Los Angeles,Los Angeles,Member,Female,Food & Beverages,Food & Beverages,3.95,1.0,0.2,4.15,0.0,0.0,9/28/2024,Credit card,5.9
3450,3450,New York,New York,Member,Female,Electronics,Electronics,84.7,6.0,25.41,533.61,0.0,0.0,9/28/2024,Cash,8.1
3451,3451,Chicago,Chicago,Member,Male,Food & Beverages,Food & Beverages,12.46,1.0,0.62,13.08,0.0,0.0,9/28/2024,Ewallet,8.1
3452,3452,Chicago,Chicago,Normal,Female,Food & Beverages,Food & Beverages,6.04,2.0,0.6,12.68,0.0,0.0,9/28/2024,Credit card,3.7
3453,3453,Los Angeles,Los Angeles,Normal,Female,Food & Beverages,Food & Beverages,5.15,6.0,1.55,32.45,0.0,0.0,9/28/2024,Credit card,9.1
3454,3454,New York,New York,Normal,Male,Health & Beauty,Health & Beauty,28.66,4.0,5.73,120.37,0.0,0.0,9/28/2024,Cash,6.4
3455,3455,Los Angeles,Los Angeles,Normal,Female,Electronics,Electronics,93.14,1.0,4.66,97.8,0.0,0.0,9/28/2024,Ewallet,8.6
3456,3456,Chicago,Chicago,Member,Female,Food & Beverages,Food & Beverages,8.89,4.0,1.78,37.34,0.0,0.0,9/28/2024,Credit card,5.2
3457,3457,New York,New York,Normal,Male,Electronics,Electronics,81.76,4.0,16.35,343.39,0.0,0.0,9/28/2024,Ewallet,9.1
3458,3458,New York,New York,Normal,Female,Health & Beauty,Health & Beauty,33.7,10.0,16.85,353.85,0.0,0.0,9/28/2024,Cash,5.6
3459,3459,New York,New York,Normal,Male,Food & Beverages,Food & Beverages,2.81,3.0,0.42,8.85,0.0,0.0,9/28/2024,Cash,3.1
3460,3460,Los Angeles,Los Angeles,Normal,Female,Food & Beverages,Food & Beverages,11.56,6.0,3.47,72.83,0.0,0.0,9/28/2024,Credit card,9.2
3461,3461,New York,New York,Normal,Male,Food & Beverages,Food & Beverages,9.6,3.0,1.44,30.24,0.0,0.0,9/28/2024,Cash,3.6
3462,3462,Los Angeles,Los Angeles,Normal,Male,Health & Beauty,Health & Beauty,39.12,4.0,7.82,164.3,0.0,0.0,9/28/2024,Credit card,5.2
3463,3463,New York,New York,Member,Male,Health & Beauty,Health & Beauty,32.15,10.0,16.08,337.58,0.0,0.0,9/28/2024,Cash,9.5
3464,3464,Los Angeles,Los Angeles,Normal,Male,Sports & Travel,Sports & Travel,79.05,7.0,27.67,581.02,0.0,0.0,9/28/2024,Credit card,9.5
3465,3465,Los Angeles,Los Angeles,Member,Male,Home & Lifestyle,Home & Lifestyle,52.13,8.0,20.85,437.89,0.0,0.0,9/28/2024,Credit card,6.9
3466,3466,Los Angeles,Los Angeles,Normal,Male,Home & Lifestyle,Home & Lifestyle,44.19,1.0,2.21,46.4,0.0,0.0,9/28/2024,Cash,7.3
3467,3467,Los Angeles,Los Angeles,Normal,Male,Fashion & Accs,Fashion & Accs,12.44,2.0,1.24,26.12,0.0,0.0,9/29/2024,Credit card,6.0
3468,3468,New York,New York,Normal,Male,Food & Beverages,Food & Beverages,4.57,8.0,1.83,38.39,0.0,0.0,9/29/2024,Ewallet,5.0
3469,3469,New York,New York,Member,Female,Food & Beverages,Food & Beverages,14.25,1.0,0.71,14.96,0.0,0.0,9/29/2024,Cash,5.2
3470,3470,New York,New York,Normal,Female,Home & Lifestyle,Home & Lifestyle,51.48,7.0,18.02,378.38,0.0,0.0,9/29/2024,Cash,7.6
3471,3471,Los Angeles,Los Angeles,Normal,Female,Food & Beverages,Food & Beverages,3.93,10.0,1.97,41.27,0.0,0.0,9/29/2024,Credit card,8.1
3472,3472,Los Angeles,Los Angeles,Normal,Female,Food & Beverages,Food & Beverages,8.23,2.0,0.82,17.28,0.0,0.0,9/29/2024,Cash,8.4
3473,3473,Los Angeles,Los Angeles,Normal,Male,Food & Beverages,Food & Beverages,12.43,1.0,0.62,13.05,0.0,0.0,9/29/2024,Ewallet,8.4
3474,3474,Chicago,Chicago,Member,Female,Fashion & Accs,Fashion & Accs,16.31,6.0,4.89,102.75,0.0,0.0,9/29/2024,Credit card,3.6
3475,3475,Los Angeles,Los Angeles,Member,Male,Food & Beverages,Food & Beverages,12.54,5.0,3.14,65.84,0.0,0.0,9/29/2024,Cash,6.4
3476,3476,Chicago,Chicago,Normal,Male,Electronics,Electronics,81.9,4.0,16.38,343.98,0.0,0.0,9/29/2024,Cash,3.4
3477,3477,New York,New York,Normal,Male,Sports & Travel,Sports & Travel,78.43,10.0,39.22,823.52,0.0,0.0,9/29/2024,Ewallet,6.7
3478,3478,Chicago,Chicago,Member,Male,Fashion & Accs,Fashion & Accs,16.85,6.0,5.06,106.16,0.0,0.0,9/29/2024,Ewallet,6.0
3479,3479,New York,New York,Normal,Male,Food & Beverages,Food & Beverages,4.45,8.0,1.78,37.38,0.0,0.0,9/29/2024,Credit card,9.0
3480,3480,Los Angeles,Los Angeles,Member,Male,Food & Beverages,Food & Beverages,4.84,9.0,2.18,45.74,0.0,0.0,9/29/2024,Credit card,5.4
3481,3481,Chicago,Chicago,Member,Male,Food & Beverages,Food & Beverages,4.31,6.0,1.29,27.15,0.0,0.0,9/29/2024,Cash,3.8
3482,3482,New York,New York,Normal,Male,Food & Beverages,Food & Beverages,13.0,6.0,3.9,81.9,0.0,0.0,9/29/2024,Ewallet,4.0
3483,3483,New York,New York,Normal,Female,Health & Beauty,Health & Beauty,23.41,6.0,7.02,147.48,0.0,0.0,9/29/2024,Cash,8.2
3484,3484,New York,New York,Normal,Female,Food & Beverages,Food & Beverages,4.26,9.0,1.92,40.26,0.0,0.0,9/29/2024,Ewallet,7.2
3485,3485,New York,New York,Normal,Male,Electronics,Electronics,95.43,7.0,33.4,701.41,0.0,0.0,9/29/2024,Credit card,3.7
3486,3486,Los Angeles,Los Angeles,Normal,Male,Home & Lifestyle,Home & Lifestyle,68.46,7.0,23.96,503.18,0.0,0.0,9/30/2024,Ewallet,3.6
3487,3487,Chicago,Chicago,Normal,Male,Fashion & Accs,Fashion & Accs,23.42,10.0,11.71,245.91,0.0,0.0,9/30/2024,Cash,7.8
3488,3488,New York,New York,Member,Male,Home & Lifestyle,Home & Lifestyle,42.33,6.0,12.7,266.68,0.0,0.0,9/30/2024,Ewallet,3.5
3489,3489,New York,New York,Normal,Male,Food & Beverages,Food & Beverages,10.71,6.0,3.21,67.47,0.0,0.0,9/30/2024,Credit card,8.6
3490,3490,Los Angeles,Los Angeles,Member,Male,Food & Beverages,Food & Beverages,12.23,1.0,0.61,12.84,0.0,0.0,9/30/2024,Cash,7.8
3491,3491,Chicago,Chicago,Normal,Male,Health & Beauty,Health & Beauty,27.33,7.0,9.57,200.88,0.0,0.0,9/30/2024,Credit card,3.6
3492,3492,New York,New York,Member,Male,Health & Beauty,Health & Beauty,16.84,1.0,0.84,17.68,0.0,0.0,9/30/2024,Cash,3.6
3493,3493,New York,New York,Member,Male,Food & Beverages,Food & Beverages,13.54,3.0,2.03,42.65,0.0,0.0,9/30/2024,Ewallet,9.7
3494,3494,New York,New York,Member,Male,Health & Beauty,Health & Beauty,39.63,8.0,15.85,332.89,0.0,0.0,9/30/2024,Ewallet,5.5
3495,3495,Chicago,Chicago,Member,Female,Health & Beauty,Health & Beauty,17.53,4.0,3.51,73.63,0.0,0.0,9/30/2024,Ewallet,5.5
3496,3496,Chicago,Chicago,Normal,Female,Health & Beauty,Health & Beauty,22.44,2.0,2.24,47.12,0.0,0.0,9/30/2024,Cash,8.5
3497,3497,New York,New York,Member,Male,Home & Lifestyle,Home & Lifestyle,40.11,2.0,4.01,84.23,0.0,0.0,9/30/2024,Cash,9.4
3498,3498,Chicago,Chicago,Member,Male,Home & Lifestyle,Home & Lifestyle,46.21,5.0,11.55,242.6,0.0,0.0,9/30/2024,Ewallet,9.7
3499,3499,Los Angeles,Los Angeles,Normal,Female,Health & Beauty,Health & Beauty,37.37,5.0,9.34,196.19,0.0,0.0,9/30/2024,Cash,8.1
3500,3500,Los Angeles,Los Angeles,Member,Female,Health & Beauty,Health & Beauty,26.14,5.0,6.54,137.24,0.0,0.0,9/30/2024,Credit card,5.6
3501,3501,New York,New York,Member,Male,Food & Beverages,Food & Beverages,11.05,2.0,1.11,23.21,0.0,0.0,9/30/2024,Cash,3.6
3502,3502,Chicago,Chicago,Normal,Male,Food & Beverages,Food & Beverages,12.93,9.0,5.82,122.19,0.0,0.0,9/30/2024,Credit card,8.3
3503,3503,New York,New York,Normal,Female,Health & Beauty,Health & Beauty,20.89,5.0,5.22,109.67,0.0,0.0,9/30/2024,Cash,6.8
3504,3504,Chicago,Chicago,Normal,Female,Food & Beverages,Food & Beverages,7.6,5.0,1.9,39.9,0.0,0.0,10/1/2024,Credit card,7.7
3505,3505,Chicago,Chicago,Member,Female,Sports & Travel,Sports & Travel,56.21,9.0,25.29,531.18,0.0,0.0,10/1/2024,Credit card,4.9
3506,3506,Chicago,Chicago,Normal,Female,Home & Lifestyle,Home & Lifestyle,63.89,7.0,22.36,469.59,0.0,0.0,10/1/2024,Credit card,4.5
3507,3507,Los Angeles,Los Angeles,Normal,Male,Food & Beverages,Food & Beverages,11.8,5.0,2.95,61.95,0.0,0.0,10/1/2024,Cash,6.7
3508,3508,Los Angeles,Los Angeles,Member,Female,Health & Beauty,Health & Beauty,24.78,6.0,7.43,156.11,0.0,0.0,10/1/2024,Cash,7.9
3509,3509,Chicago,Chicago,Normal,Female,Home & Lifestyle,Home & Lifestyle,64.95,7.0,22.73,477.38,0.0,0.0,10/1/2024,Credit card,5.9
3510,3510,Chicago,Chicago,Normal,Female,Fashion & Accs,Fashion & Accs,23.18,4.0,4.64,97.36,0.0,0.0,10/1/2024,Credit card,9.7
3511,3511,Chicago,Chicago,Normal,Female,Electronics,Electronics,82.91,1.0,4.15,87.06,0.0,0.0,10/1/2024,Cash,7.7
3512,3512,New York,New York,Normal,Female,Health & Beauty,Health & Beauty,15.53,7.0,5.44,114.15,0.0,0.0,10/1/2024,Cash,6.3
3513,3513,New York,New York,Normal,Male,Home & Lifestyle,Home & Lifestyle,55.31,1.0,2.77,58.08,0.0,0.0,10/2/2024,Ewallet,5.7
3514,3514,Chicago,Chicago,Normal,Male,Health & Beauty,Health & Beauty,28.66,5.0,7.17,150.47,0.0,0.0,10/2/2024,Ewallet,5.3
3515,3515,Chicago,Chicago,Normal,Male,Food & Beverages,Food & Beverages,9.3,3.0,1.4,29.3,0.0,0.0,10/2/2024,Ewallet,8.0
3516,3516,New York,New York,Normal,Female,Health & Beauty,Health & Beauty,32.94,2.0,3.29,69.17,0.0,0.0,10/2/2024,Ewallet,6.0
3517,3517,Chicago,Chicago,Member,Female,Home & Lifestyle,Home & Lifestyle,62.74,5.0,15.68,329.38,0.0,0.0,10/2/2024,Ewallet,3.4
3518,3518,New York,New York,Normal,Male,Health & Beauty,Health & Beauty,18.16,10.0,9.08,190.68,0.0,0.0,10/2/2024,Credit card,5.7
3519,3519,New York,New York,Normal,Female,Food & Beverages,Food & Beverages,3.77,8.0,1.51,31.67,0.0,0.0,10/2/2024,Credit card,8.0
3520,3520,Chicago,Chicago,Member,Male,Fashion & Accs,Fashion & Accs,5.57,2.0,0.56,11.7,0.0,0.0,10/2/2024,Credit card,4.2
3521,3521,Chicago,Chicago,Normal,Female,Health & Beauty,Health & Beauty,37.34,4.0,7.47,156.83,0.0,0.0,10/2/2024,Cash,4.2
3522,3522,New York,New York,Normal,Male,Food & Beverages,Food & Beverages,7.18,9.0,3.23,67.85,0.0,0.0,10/2/2024,Cash,6.6
3523,3523,Los Angeles,Los Angeles,Member,Male,Electronics,Electronics,96.88,6.0,29.06,610.34,0.0,0.0,10/2/2024,Cash,6.6
3524,3524,New York,New York,Normal,Male,Home & Lifestyle,Home & Lifestyle,44.0,8.0,17.6,369.6,0.0,0.0,10/2/2024,Credit card,7.3
3525,3525,New York,New York,Member,Female,Health & Beauty,Health & Beauty,15.71,4.0,3.14,65.98,0.0,0.0,10/2/2024,Ewallet,8.8
3526,3526,Los Angeles,Los Angeles,Member,Female,Electronics,Electronics,91.55,10.0,45.78,961.28,0.0,0.0,10/2/2024,Cash,7.9
3527,3527,Chicago,Chicago,Member,Female,Food & Beverages,Food & Beverages,13.2,4.0,2.64,55.44,0.0,0.0,10/2/2024,Ewallet,7.2
3528,3528,New York,New York,Member,Male,Health & Beauty,Health & Beauty,33.84,1.0,1.69,35.53,0.0,0.0,10/2/2024,Ewallet,7.9
3529,3529,New York,New York,Member,Female,Health & Beauty,Health & Beauty,21.64,5.0,5.41,113.61,0.0,0.0,10/3/2024,Cash,5.2
3530,3530,Los Angeles,Los Angeles,Member,Female,Food & Beverages,Food & Beverages,12.66,7.0,4.43,93.05,0.0,0.0,10/3/2024,Cash,5.5
3531,3531,New York,New York,Normal,Male,Health & Beauty,Health & Beauty,34.14,5.0,8.54,179.24,0.0,0.0,10/3/2024,Ewallet,4.6
3532,3532,New York,New York,Normal,Female,Home & Lifestyle,Home & Lifestyle,50.32,5.0,12.58,264.18,0.0,0.0,10/3/2024,Credit card,5.0
3533,3533,Chicago,Chicago,Normal,Female,Food & Beverages,Food & Beverages,3.6,8.0,1.44,30.24,0.0,0.0,10/3/2024,Credit card,7.3
3534,3534,Los Angeles,Los Angeles,Normal,Female,Health & Beauty,Health & Beauty,28.55,4.0,5.71,119.91,0.0,0.0,10/3/2024,Credit card,3.6
3535,3535,New York,New York,Normal,Female,Food & Beverages,Food & Beverages,8.55,1.0,0.43,8.98,0.0,0.0,10/3/2024,Credit card,5.9
3536,3536,Los Angeles,Los Angeles,Member,Female,Health & Beauty,Health & Beauty,32.2,7.0,11.27,236.67,0.0,0.0,10/3/2024,Credit card,5.9
3537,3537,New York,New York,Member,Male,Food & Beverages,Food & Beverages,2.17,9.0,0.98,20.51,0.0,0.0,10/3/2024,Cash,6.4
3538,3538,Los Angeles,Los Angeles,Normal,Female,Fashion & Accs,Fashion & Accs,15.62,8.0,6.25,131.21,0.0,0.0,10/3/2024,Cash,5.9
3539,3539,Chicago,Chicago,Normal,Female,Home & Lifestyle,Home & Lifestyle,43.1,9.0,19.4,407.3,0.0,0.0,10/4/2024,Ewallet,5.1
3540,3540,Chicago,Chicago,Member,Female,Food & Beverages,Food & Beverages,14.21,10.0,7.11,149.21,0.0,0.0,10/4/2024,Credit card,5.9
3541,3541,Los Angeles,Los Angeles,Member,Male,Home & Lifestyle,Home & Lifestyle,55.52,4.0,11.1,233.18,0.0,0.0,10/4/2024,Ewallet,9.1
3542,3542,Los Angeles,Los Angeles,Normal,Female,Electronics,Electronics,84.63,1.0,4.23,88.86,0.0,0.0,10/4/2024,Credit card,9.4
3543,3543,New York,New York,Normal,Male,Food & Beverages,Food & Beverages,2.39,7.0,0.84,17.57,0.0,0.0,10/4/2024,Ewallet,6.4
3544,3544,Los Angeles,Los Angeles,Member,Female,Electronics,Electronics,85.76,1.0,4.29,90.05,0.0,0.0,10/4/2024,Ewallet,7.2
3545,3545,Chicago,Chicago,Member,Female,Fashion & Accs,Fashion & Accs,14.32,4.0,2.86,60.14,0.0,0.0,10/4/2024,Credit card,3.8
3546,3546,Los Angeles,Los Angeles,Normal,Male,Electronics,Electronics,89.42,2.0,8.94,187.78,0.0,0.0,10/4/2024,Cash,5.2
3547,3547,Chicago,Chicago,Normal,Male,Health & Beauty,Health & Beauty,36.55,6.0,10.96,230.26,0.0,0.0,10/4/2024,Cash,5.8
3548,3548,Los Angeles,Los Angeles,Normal,Male,Food & Beverages,Food & Beverages,14.18,6.0,4.25,89.33,0.0,0.0,10/4/2024,Ewallet,8.9
3549,3549,Chicago,Chicago,Member,Female,Fashion & Accs,Fashion & Accs,9.12,8.0,3.65,76.61,0.0,0.0,10/4/2024,Cash,4.7
3550,3550,New York,New York,Member,Female,Sports & Travel,Sports & Travel,54.88,3.0,8.23,172.87,0.0,0.0,10/4/2024,Cash,6.3
3551,3551,Chicago,Chicago,Member,Male,Health & Beauty,Health & Beauty,20.02,8.0,8.01,168.17,0.0,0.0,10/4/2024,Ewallet,9.7
3552,3552,Chicago,Chicago,Normal,Male,Food & Beverages,Food & Beverages,2.54,4.0,0.51,10.67,0.0,0.0,10/4/2024,Ewallet,6.5
3553,3553,New York,New York,Member,Female,Health & Beauty,Health & Beauty,18.58,7.0,6.5,136.56,0.0,0.0,10/4/2024,Credit card,7.2
3554,3554,Chicago,Chicago,Normal,Male,Food & Beverages,Food & Beverages,2.79,5.0,0.7,14.65,0.0,0.0,10/4/2024,Cash,3.8
3555,3555,New York,New York,Normal,Female,Home & Lifestyle,Home & Lifestyle,40.02,9.0,18.01,378.19,0.0,0.0,10/4/2024,Credit card,8.6
3556,3556,New York,New York,Member,Female,Home & Lifestyle,Home & Lifestyle,65.4,1.0,3.27,68.67,0.0,0.0,10/4/2024,Ewallet,7.1
3557,3557,Los Angeles,Los Angeles,Normal,Female,Health & Beauty,Health & Beauty,15.07,10.0,7.54,158.24,0.0,0.0,10/4/2024,Credit card,6.7
3558,3558,New York,New York,Member,Male,Sports & Travel,Sports & Travel,72.0,2.0,7.2,151.2,0.0,0.0,10/4/2024,Cash,5.3
3559,3559,Chicago,Chicago,Member,Male,Fashion & Accs,Fashion & Accs,13.55,5.0,3.39,71.14,0.0,0.0,10/4/2024,Ewallet,5.1
3560,3560,New York,New York,Member,Male,Fashion & Accs,Fashion & Accs,23.02,2.0,2.3,48.34,0.0,0.0,10/5/2024,Cash,5.8
3561,3561,Los Angeles,Los Angeles,Member,Male,Fashion & Accs,Fashion & Accs,7.03,5.0,1.76,36.91,0.0,0.0,10/5/2024,Credit card,7.6
3562,3562,Los Angeles,Los Angeles,Normal,Male,Food & Beverages,Food & Beverages,3.21,2.0,0.32,6.74,0.0,0.0,10/5/2024,Ewallet,9.0
3563,3563,Chicago,Chicago,Normal,Female,Health & Beauty,Health & Beauty,34.98,4.0,7.0,146.92,0.0,0.0,10/5/2024,Cash,6.5
3564,3564,New York,New York,Normal,Female,Sports & Travel,Sports & Travel,68.58,6.0,20.57,432.05,0.0,0.0,10/5/2024,Ewallet,7.6
3565,3565,Chicago,Chicago,Member,Female,Food & Beverages,Food & Beverages,13.76,1.0,0.69,14.45,0.0,0.0,10/5/2024,Ewallet,7.0
3566,3566,Los Angeles,Los Angeles,Normal,Female,Food & Beverages,Food & Beverages,13.01,7.0,4.55,95.62,0.0,0.0,10/5/2024,Ewallet,7.2
3567,3567,New York,New York,Member,Female,Food & Beverages,Food & Beverages,2.31,1.0,0.12,2.43,0.0,0.0,10/5/2024,Credit card,7.6
3568,3568,Los Angeles,Los Angeles,Normal,Female,Home & Lifestyle,Home & Lifestyle,45.64,3.0,6.85,143.77,0.0,0.0,10/5/2024,Credit card,8.7
3569,3569,Los Angeles,Los Angeles,Normal,Male,Sports & Travel,Sports & Travel,56.0,3.0,8.4,176.4,0.0,0.0,10/5/2024,Cash,3.6
3570,3570,New York,New York,Normal,Female,Food & Beverages,Food & Beverages,4.89,4.0,0.98,20.54,0.0,0.0,10/5/2024,Credit card,8.2
3571,3571,New York,New York,Member,Female,Fashion & Accs,Fashion & Accs,22.24,4.0,4.45,93.41,0.0,0.0,10/5/2024,Cash,4.7
3572,3572,Los Angeles,Los Angeles,Member,Male,Food & Beverages,Food & Beverages,8.95,1.0,0.45,9.4,0.0,0.0,10/5/2024,Cash,4.3
3573,3573,New York,New York,Normal,Female,Home & Lifestyle,Home & Lifestyle,42.96,8.0,17.18,360.86,0.0,0.0,10/5/2024,Credit card,6.9
3574,3574,Chicago,Chicago,Normal,Female,Health & Beauty,Health & Beauty,19.56,2.0,1.96,41.08,0.0,0.0,10/5/2024,Cash,3.7
3575,3575,Chicago,Chicago,Member,Female,Food & Beverages,Food & Beverages,10.53,7.0,3.69,77.4,0.0,0.0,10/5/2024,Ewallet,9.0
3576,3576,Chicago,Chicago,Normal,Male,Food & Beverages,Food & Beverages,12.98,1.0,0.65,13.63,0.0,0.0,10/6/2024,Ewallet,7.3
3577,3577,New York,New York,Normal,Male,Home & Lifestyle,Home & Lifestyle,44.32,4.0,8.86,186.14,0.0,0.0,10/6/2024,Credit card,7.9
3578,3578,Chicago,Chicago,Member,Female,Sports & Travel,Sports & Travel,64.38,5.0,16.1,338.0,0.0,0.0,10/6/2024,Ewallet,3.1
3579,3579,Chicago,Chicago,Member,Female,Fashion & Accs,Fashion & Accs,24.95,1.0,1.25,26.2,0.0,0.0,10/6/2024,Credit card,7.0
3580,3580,Chicago,Chicago,Normal,Female,Home & Lifestyle,Home & Lifestyle,54.72,2.0,5.47,114.91,0.0,0.0,10/6/2024,Ewallet,6.8
3581,3581,Chicago,Chicago,Normal,Male,Home & Lifestyle,Home & Lifestyle,46.95,2.0,4.7,98.6,0.0,0.0,10/6/2024,Ewallet,4.1
3582,3582,Los Angeles,Los Angeles,Member,Female,Health & Beauty,Health & Beauty,28.14,10.0,14.07,295.47,0.0,0.0,10/6/2024,Credit card,4.0
3583,3583,New York,New York,Member,Female,Health & Beauty,Health & Beauty,37.57,8.0,15.03,315.59,0.0,0.0,10/6/2024,Cash,7.7
3584,3584,Los Angeles,Los Angeles,Member,Male,Food & Beverages,Food & Beverages,11.27,1.0,0.56,11.83,0.0,0.0,10/6/2024,Cash,5.2
3585,3585,New York,New York,Normal,Male,Sports & Travel,Sports & Travel,55.02,4.0,11.0,231.08,0.0,0.0,10/6/2024,Credit card,7.7
3586,3586,Chicago,Chicago,Normal,Male,Home & Lifestyle,Home & Lifestyle,63.16,5.0,15.79,331.59,0.0,0.0,10/6/2024,Credit card,6.8
3587,3587,Los Angeles,Los Angeles,Normal,Female,Fashion & Accs,Fashion & Accs,17.77,8.0,7.11,149.27,0.0,0.0,10/7/2024,Credit card,5.6
3588,3588,Chicago,Chicago,Normal,Male,Food & Beverages,Food & Beverages,7.58,8.0,3.03,63.67,0.0,0.0,10/7/2024,Credit card,9.3
3589,3589,Chicago,Chicago,Normal,Female,Food & Beverages,Food & Beverages,11.28,9.0,5.08,106.6,0.0,0.0,10/7/2024,Ewallet,8.7
3590,3590,New York,New York,Normal,Female,Electronics,Electronics,89.02,1.0,4.45,93.47,0.0,0.0,10/7/2024,Cash,5.4
3591,3591,New York,New York,Normal,Female,Home & Lifestyle,Home & Lifestyle,46.07,1.0,2.3,48.37,0.0,0.0,10/7/2024,Credit card,3.3
3592,3592,New York,New York,Normal,Female,Home & Lifestyle,Home & Lifestyle,43.75,2.0,4.38,91.88,0.0,0.0,10/7/2024,Credit card,5.1
3593,3593,Los Angeles,Los Angeles,Normal,Male,Fashion & Accs,Fashion & Accs,7.36,9.0,3.31,69.55,0.0,0.0,10/7/2024,Credit card,5.7
3594,3594,Los Angeles,Los Angeles,Member,Female,Fashion & Accs,Fashion & Accs,6.28,7.0,2.2,46.16,0.0,0.0,10/7/2024,Ewallet,7.8
3595,3595,Chicago,Chicago,Member,Female,Food & Beverages,Food & Beverages,2.95,5.0,0.74,15.49,0.0,0.0,10/7/2024,Cash,9.8
3596,3596,Los Angeles,Los Angeles,Normal,Male,Food & Beverages,Food & Beverages,4.27,8.0,1.71,35.87,0.0,0.0,10/8/2024,Ewallet,5.4
3597,3597,Los Angeles,Los Angeles,Member,Male,Health & Beauty,Health & Beauty,26.18,5.0,6.55,137.45,0.0,0.0,10/8/2024,Ewallet,8.2
3598,3598,New York,New York,Member,Female,Health & Beauty,Health & Beauty,35.83,6.0,10.75,225.73,0.0,0.0,10/8/2024,Credit card,7.0
3599,3599,Chicago,Chicago,Normal,Male,Food & Beverages,Food & Beverages,7.78,5.0,1.94,40.84,0.0,0.0,10/8/2024,Credit card,7.7
3600,3600,Chicago,Chicago,Normal,Male,Food & Beverages,Food & Beverages,6.16,1.0,0.31,6.47,0.0,0.0,10/8/2024,Credit card,4.0
3601,3601,Los Angeles,Los Angeles,Normal,Female,Sports & Travel,Sports & Travel,56.24,5.0,14.06,295.26,0.0,0.0,10/8/2024,Ewallet,5.7
3602,3602,New York,New York,Normal,Female,Food & Beverages,Food & Beverages,8.03,8.0,3.21,67.45,0.0,0.0,10/8/2024,Ewallet,4.6
3603,3603,Los Angeles,Los Angeles,Normal,Female,Food & Beverages,Food & Beverages,11.36,2.0,1.14,23.86,0.0,0.0,10/8/2024,Ewallet,5.3
3604,3604,Chicago,Chicago,Member,Male,Home & Lifestyle,Home & Lifestyle,49.66,1.0,2.48,52.14,0.0,0.0,10/8/2024,Cash,6.5
3605,3605,New York,New York,Normal,Female,Health & Beauty,Health & Beauty,27.73,5.0,6.93,145.58,0.0,0.0,10/8/2024,Cash,7.5
3606,3606,Chicago,Chicago,Normal,Male,Home & Lifestyle,Home & Lifestyle,67.24,9.0,30.26,635.42,0.0,0.0,10/8/2024,Cash,3.7
3607,3607,Los Angeles,Los Angeles,Member,Male,Health & Beauty,Health & Beauty,30.82,10.0,15.41,323.61,0.0,0.0,10/8/2024,Cash,3.9
3608,3608,Chicago,Chicago,Normal,Male,Electronics,Electronics,95.13,10.0,47.56,998.86,0.0,0.0,10/8/2024,Cash,5.2
3609,3609,Chicago,Chicago,Normal,Male,Sports & Travel,Sports & Travel,58.9,5.0,14.73,309.23,0.0,0.0,10/8/2024,Ewallet,7.5
3610,3610,Los Angeles,Los Angeles,Normal,Male,Fashion & Accs,Fashion & Accs,17.22,10.0,8.61,180.81,0.0,0.0,10/8/2024,Ewallet,8.8
3611,3611,Los Angeles,Los Angeles,Member,Female,Food & Beverages,Food & Beverages,2.51,3.0,0.38,7.91,0.0,0.0,10/8/2024,Ewallet,6.8
3612,3612,Chicago,Chicago,Normal,Male,Health & Beauty,Health & Beauty,17.36,4.0,3.47,72.91,0.0,0.0,10/8/2024,Ewallet,8.8
3613,3613,New York,New York,Normal,Male,Health & Beauty,Health & Beauty,18.89,3.0,2.83,59.5,0.0,0.0,10/8/2024,Credit card,5.6
3614,3614,Chicago,Chicago,Normal,Female,Fashion & Accs,Fashion & Accs,24.14,10.0,12.07,253.47,0.0,0.0,10/8/2024,Cash,5.2
3615,3615,Los Angeles,Los Angeles,Normal,Female,Home & Lifestyle,Home & Lifestyle,45.77,10.0,22.89,480.59,0.0,0.0,10/8/2024,Ewallet,5.4
3616,3616,Los Angeles,Los Angeles,Normal,Female,Fashion & Accs,Fashion & Accs,8.18,2.0,0.82,17.18,0.0,0.0,10/9/2024,Cash,4.2
3617,3617,Chicago,Chicago,Member,Female,Home & Lifestyle,Home & Lifestyle,61.02,4.0,12.2,256.28,0.0,0.0,10/9/2024,Ewallet,8.6
3618,3618,New York,New York,Member,Female,Health & Beauty,Health & Beauty,32.95,5.0,8.24,172.99,0.0,0.0,10/9/2024,Cash,5.3
3619,3619,New York,New York,Normal,Male,Electronics,Electronics,91.7,2.0,9.17,192.57,0.0,0.0,10/9/2024,Credit card,6.8
3620,3620,Los Angeles,Los Angeles,Normal,Female,Food & Beverages,Food & Beverages,8.35,7.0,2.92,61.37,0.0,0.0,10/9/2024,Credit card,6.9
3621,3621,Los Angeles,Los Angeles,Member,Female,Food & Beverages,Food & Beverages,7.86,8.0,3.14,66.02,0.0,0.0,10/9/2024,Ewallet,6.5
3622,3622,Los Angeles,Los Angeles,Normal,Female,Fashion & Accs,Fashion & Accs,22.01,6.0,6.6,138.66,0.0,0.0,10/9/2024,Credit card,3.0
3623,3623,New York,New York,Member,Female,Food & Beverages,Food & Beverages,14.67,9.0,6.6,138.63,0.0,0.0,10/9/2024,Cash,9.7
3624,3624,Chicago,Chicago,Normal,Female,Food & Beverages,Food & Beverages,11.28,3.0,1.69,35.53,0.0,0.0,10/9/2024,Cash,9.2
3625,3625,Los Angeles,Los Angeles,Normal,Female,Food & Beverages,Food & Beverages,10.78,9.0,4.85,101.87,0.0,0.0,10/9/2024,Cash,4.4
3626,3626,Los Angeles,Los Angeles,Normal,Female,Fashion & Accs,Fashion & Accs,12.44,7.0,4.35,91.43,0.0,0.0,10/9/2024,Credit card,5.0
3627,3627,New York,New York,Normal,Male,Health & Beauty,Health & Beauty,31.31,4.0,6.26,131.5,0.0,0.0,10/9/2024,Ewallet,6.5
3628,3628,Chicago,Chicago,Normal,Female,Food & Beverages,Food & Beverages,14.52,1.0,0.73,15.25,0.0,0.0,10/9/2024,Ewallet,9.1
3629,3629,Los Angeles,Los Angeles,Member,Male,Health & Beauty,Health & Beauty,39.56,5.0,9.89,207.69,0.0,0.0,10/9/2024,Cash,9.7
3630,3630,New York,New York,Normal,Male,Food & Beverages,Food & Beverages,12.01,3.0,1.8,37.83,0.0,0.0,10/9/2024,Credit card,4.8
3631,3631,Los Angeles,Los Angeles,Member,Female,Fashion & Accs,Fashion & Accs,15.94,6.0,4.78,100.42,0.0,0.0,10/9/2024,Ewallet,6.8
3632,3632,Chicago,Chicago,Normal,Female,Food & Beverages,Food & Beverages,11.63,6.0,3.49,73.27,0.0,0.0,10/9/2024,Cash,8.5
3633,3633,Chicago,Chicago,Normal,Female,Health & Beauty,Health & Beauty,38.52,1.0,1.93,40.45,0.0,0.0,10/9/2024,Cash,5.7
3634,3634,Los Angeles,Los Angeles,Member,Female,Health & Beauty,Health & Beauty,25.7,10.0,12.85,269.85,0.0,0.0,10/10/2024,Ewallet,8.0
3635,3635,New York,New York,Member,Male,Electronics,Electronics,87.08,2.0,8.71,182.87,0.0,0.0,10/10/2024,Cash,4.1
3636,3636,Chicago,Chicago,Normal,Female,Home & Lifestyle,Home & Lifestyle,54.41,4.0,10.88,228.52,0.0,0.0,10/10/2024,Credit card,7.1
3637,3637,Los Angeles,Los Angeles,Normal,Male,Health & Beauty,Health & Beauty,30.69,1.0,1.53,32.22,0.0,0.0,10/10/2024,Ewallet,8.9
3638,3638,New York,New York,Normal,Female,Home & Lifestyle,Home & Lifestyle,45.82,5.0,11.46,240.56,0.0,0.0,10/10/2024,Cash,9.7
3639,3639,Los Angeles,Los Angeles,Normal,Male,Sports & Travel,Sports & Travel,59.62,4.0,11.92,250.4,0.0,0.0,10/10/2024,Ewallet,3.5
3640,3640,Los Angeles,Los Angeles,Member,Male,Food & Beverages,Food & Beverages,7.69,10.0,3.85,80.75,0.0,0.0,10/10/2024,Cash,5.9
3641,3641,New York,New York,Normal,Female,Home & Lifestyle,Home & Lifestyle,68.66,3.0,10.3,216.28,0.0,0.0,10/10/2024,Credit card,4.4
3642,3642,New York,New York,Member,Female,Sports & Travel,Sports & Travel,79.02,10.0,39.51,829.71,0.0,0.0,10/10/2024,Credit card,6.1
3643,3643,New York,New York,Normal,Female,Food & Beverages,Food & Beverages,6.3,8.0,2.52,52.92,0.0,0.0,10/10/2024,Credit card,6.7
3644,3644,Chicago,Chicago,Normal,Male,Home & Lifestyle,Home & Lifestyle,44.75,3.0,6.71,140.96,0.0,0.0,10/10/2024,Credit card,3.6
3645,3645,Chicago,Chicago,Normal,Female,Fashion & Accs,Fashion & Accs,18.33,4.0,3.67,76.99,0.0,0.0,10/10/2024,Credit card,5.0
3646,3646,New York,New York,Member,Male,Food & Beverages,Food & Beverages,4.97,7.0,1.74,36.53,0.0,0.0,10/10/2024,Cash,9.3
3647,3647,New York,New York,Member,Male,Home & Lifestyle,Home & Lifestyle,51.47,10.0,25.74,540.44,0.0,0.0,10/10/2024,Ewallet,6.9
3648,3648,New York,New York,Member,Male,Home & Lifestyle,Home & Lifestyle,46.81,8.0,18.72,393.2,0.0,0.0,10/10/2024,Credit card,6.1
3649,3649,Chicago,Chicago,Normal,Male,Food & Beverages,Food & Beverages,7.09,5.0,1.77,37.22,0.0,0.0,10/10/2024,Credit card,8.1
3650,3650,Los Angeles,Los Angeles,Member,Female,Health & Beauty,Health & Beauty,38.82,4.0,7.76,163.04,0.0,0.0,10/10/2024,Credit card,8.0
3651,3651,Los Angeles,Los Angeles,Normal,Female,Fashion & Accs,Fashion & Accs,16.66,8.0,6.66,139.94,0.0,0.0,10/10/2024,Ewallet,3.3
3652,3652,Los Angeles,Los Angeles,Normal,Male,Fashion & Accs,Fashion & Accs,5.37,3.0,0.81,16.92,0.0,0.0,10/11/2024,Ewallet,7.8
3653,3653,Los Angeles,Los Angeles,Member,Female,Food & Beverages,Food & Beverages,6.37,4.0,1.27,26.75,0.0,0.0,10/11/2024,Credit card,8.7
3654,3654,Chicago,Chicago,Normal,Male,Food & Beverages,Food & Beverages,8.59,8.0,3.44,72.16,0.0,0.0,10/11/2024,Ewallet,4.1
3655,3655,Los Angeles,Los Angeles,Member,Female,Home & Lifestyle,Home & Lifestyle,60.11,2.0,6.01,126.23,0.0,0.0,10/11/2024,Ewallet,8.3
3656,3656,New York,New York,Normal,Male,Health & Beauty,Health & Beauty,36.75,10.0,18.38,385.88,0.0,0.0,10/11/2024,Credit card,4.9
3657,3657,Los Angeles,Los Angeles,Member,Male,Sports & Travel,Sports & Travel,54.2,5.0,13.55,284.55,0.0,0.0,10/11/2024,Ewallet,5.1
3658,3658,Los Angeles,Los Angeles,Member,Female,Food & Beverages,Food & Beverages,5.15,6.0,1.55,32.45,0.0,0.0,10/11/2024,Ewallet,7.5
3659,3659,Los Angeles,Los Angeles,Normal,Male,Food & Beverages,Food & Beverages,8.68,5.0,2.17,45.57,0.0,0.0,10/11/2024,Cash,3.8
3660,3660,New York,New York,Member,Female,Fashion & Accs,Fashion & Accs,15.4,6.0,4.62,97.02,0.0,0.0,10/11/2024,Ewallet,7.5
3661,3661,Chicago,Chicago,Member,Male,Sports & Travel,Sports & Travel,56.28,1.0,2.81,59.09,0.0,0.0,10/12/2024,Ewallet,9.0
3662,3662,Los Angeles,Los Angeles,Normal,Male,Food & Beverages,Food & Beverages,8.16,4.0,1.63,34.27,0.0,0.0,10/12/2024,Ewallet,7.7
3663,3663,New York,New York,Normal,Male,Fashion & Accs,Fashion & Accs,8.05,10.0,4.03,84.53,0.0,0.0,10/12/2024,Credit card,6.0
3664,3664,New York,New York,Member,Female,Food & Beverages,Food & Beverages,5.38,2.0,0.54,11.3,0.0,0.0,10/12/2024,Cash,6.0
3665,3665,New York,New York,Member,Female,Health & Beauty,Health & Beauty,21.55,3.0,3.23,67.88,0.0,0.0,10/12/2024,Credit card,8.2
3666,3666,Chicago,Chicago,Normal,Female,Food & Beverages,Food & Beverages,14.87,9.0,6.69,140.52,0.0,0.0,10/12/2024,Ewallet,6.8
3667,3667,New York,New York,Member,Female,Sports & Travel,Sports & Travel,68.98,4.0,13.8,289.72,0.0,0.0,10/12/2024,Ewallet,3.6
3668,3668,Chicago,Chicago,Normal,Male,Health & Beauty,Health & Beauty,16.8,4.0,3.36,70.56,0.0,0.0,10/12/2024,Ewallet,7.0
3669,3669,New York,New York,Normal,Female,Food & Beverages,Food & Beverages,8.97,9.0,4.04,84.77,0.0,0.0,10/12/2024,Credit card,8.5
3670,3670,Los Angeles,Los Angeles,Member,Male,Fashion & Accs,Fashion & Accs,19.51,7.0,6.83,143.4,0.0,0.0,10/12/2024,Cash,5.3
3671,3671,New York,New York,Member,Female,Fashion & Accs,Fashion & Accs,14.22,4.0,2.84,59.72,0.0,0.0,10/12/2024,Cash,9.3
3672,3672,New York,New York,Member,Female,Home & Lifestyle,Home & Lifestyle,65.16,7.0,22.81,478.93,0.0,0.0,10/12/2024,Cash,8.1
3673,3673,Chicago,Chicago,Normal,Male,Food & Beverages,Food & Beverages,14.72,7.0,5.15,108.19,0.0,0.0,10/12/2024,Credit card,6.9
3674,3674,Los Angeles,Los Angeles,Member,Male,Fashion & Accs,Fashion & Accs,17.62,9.0,7.93,166.51,0.0,0.0,10/13/2024,Cash,8.1
3675,3675,New York,New York,Member,Female,Food & Beverages,Food & Beverages,4.83,3.0,0.72,15.21,0.0,0.0,10/13/2024,Cash,3.5
3676,3676,Chicago,Chicago,Normal,Female,Health & Beauty,Health & Beauty,35.55,1.0,1.78,37.33,0.0,0.0,10/13/2024,Cash,8.8
3677,3677,Los Angeles,Los Angeles,Member,Female,Home & Lifestyle,Home & Lifestyle,65.76,5.0,16.44,345.24,0.0,0.0,10/13/2024,Credit card,8.6
3678,3678,New York,New York,Normal,Male,Fashion & Accs,Fashion & Accs,20.61,8.0,8.24,173.12,0.0,0.0,10/13/2024,Cash,9.2
3679,3679,New York,New York,Normal,Male,Sports & Travel,Sports & Travel,60.93,7.0,21.33,447.84,0.0,0.0,10/13/2024,Ewallet,3.9
3680,3680,Chicago,Chicago,Normal,Male,Fashion & Accs,Fashion & Accs,21.61,3.0,3.24,68.07,0.0,0.0,10/13/2024,Cash,3.6
3681,3681,Los Angeles,Los Angeles,Member,Male,Home & Lifestyle,Home & Lifestyle,43.69,2.0,4.37,91.75,0.0,0.0,10/13/2024,Cash,3.9
3682,3682,New York,New York,Member,Female,Electronics,Electronics,92.67,7.0,32.43,681.12,0.0,0.0,10/13/2024,Ewallet,5.7
3683,3683,New York,New York,Member,Female,Food & Beverages,Food & Beverages,12.99,7.0,4.55,95.48,0.0,0.0,10/13/2024,Credit card,5.9
3684,3684,Los Angeles,Los Angeles,Member,Male,Health & Beauty,Health & Beauty,27.6,5.0,6.9,144.9,0.0,0.0,10/13/2024,Ewallet,6.8
3685,3685,Los Angeles,Los Angeles,Normal,Female,Health & Beauty,Health & Beauty,25.06,9.0,11.28,236.82,0.0,0.0,10/13/2024,Credit card,3.8
3686,3686,Los Angeles,Los Angeles,Normal,Male,Food & Beverages,Food & Beverages,3.84,8.0,1.54,32.26,0.0,0.0,10/14/2024,Ewallet,4.4
3687,3687,Chicago,Chicago,Member,Male,Sports & Travel,Sports & Travel,76.69,8.0,30.68,644.2,0.0,0.0,10/14/2024,Ewallet,8.5
3688,3688,New York,New York,Normal,Female,Fashion & Accs,Fashion & Accs,5.71,4.0,1.14,23.98,0.0,0.0,10/14/2024,Ewallet,6.2
3689,3689,Chicago,Chicago,Normal,Male,Food & Beverages,Food & Beverages,9.17,4.0,1.83,38.51,0.0,0.0,10/14/2024,Cash,8.5
3690,3690,New York,New York,Member,Male,Home & Lifestyle,Home & Lifestyle,64.88,7.0,22.71,476.87,0.0,0.0,10/14/2024,Cash,3.1
3691,3691,Chicago,Chicago,Member,Male,Fashion & Accs,Fashion & Accs,18.52,5.0,4.63,97.23,0.0,0.0,10/14/2024,Credit card,6.8
3692,3692,Chicago,Chicago,Normal,Female,Food & Beverages,Food & Beverages,6.24,8.0,2.5,52.42,0.0,0.0,10/14/2024,Ewallet,9.3
3693,3693,New York,New York,Normal,Male,Electronics,Electronics,87.35,7.0,30.57,642.02,0.0,0.0,10/14/2024,Ewallet,7.0
3694,3694,Los Angeles,Los Angeles,Normal,Male,Health & Beauty,Health & Beauty,37.53,3.0,5.63,118.22,0.0,0.0,10/14/2024,Credit card,4.4
3695,3695,Los Angeles,Los Angeles,Normal,Female,Electronics,Electronics,81.91,5.0,20.48,430.03,0.0,0.0,10/14/2024,Credit card,7.9
3696,3696,Chicago,Chicago,Member,Male,Food & Beverages,Food & Beverages,4.19,5.0,1.05,22.0,0.0,0.0,10/14/2024,Credit card,5.6
3697,3697,Chicago,Chicago,Normal,Male,Fashion & Accs,Fashion & Accs,15.81,2.0,1.58,33.2,0.0,0.0,10/14/2024,Credit card,7.5
3698,3698,New York,New York,Normal,Female,Food & Beverages,Food & Beverages,14.55,3.0,2.18,45.83,0.0,0.0,10/14/2024,Cash,3.2
3699,3699,Los Angeles,Los Angeles,Normal,Male,Sports & Travel,Sports & Travel,66.4,4.0,13.28,278.88,0.0,0.0,10/14/2024,Ewallet,7.3
3700,3700,Los Angeles,Los Angeles,Normal,Female,Health & Beauty,Health & Beauty,25.26,8.0,10.1,212.18,0.0,0.0,10/14/2024,Cash,3.2
3701,3701,Los Angeles,Los Angeles,Member,Female,Health & Beauty,Health & Beauty,27.99,6.0,8.4,176.34,0.0,0.0,10/14/2024,Ewallet,8.1
3702,3702,New York,New York,Member,Male,Health & Beauty,Health & Beauty,36.62,10.0,18.31,384.51,0.0,0.0,10/14/2024,Cash,6.2
3703,3703,Chicago,Chicago,Normal,Female,Electronics,Electronics,84.82,4.0,16.96,356.24,0.0,0.0,10/14/2024,Credit card,3.8
3704,3704,Chicago,Chicago,Normal,Male,Fashion & Accs,Fashion & Accs,20.0,6.0,6.0,126.0,0.0,0.0,10/15/2024,Ewallet,6.7
3705,3705,New York,New York,Normal,Female,Fashion & Accs,Fashion & Accs,11.96,8.0,4.78,100.46,0.0,0.0,10/15/2024,Ewallet,3.5
3706,3706,New York,New York,Normal,Male,Home & Lifestyle,Home & Lifestyle,59.34,5.0,14.84,311.54,0.0,0.0,10/15/2024,Ewallet,7.4
3707,3707,Los Angeles,Los Angeles,Member,Male,Electronics,Electronics,81.3,8.0,32.52,682.92,0.0,0.0,10/15/2024,Credit card,9.8
3708,3708,New York,New York,Member,Male,Electronics,Electronics,91.9,7.0,32.17,675.47,0.0,0.0,10/15/2024,Cash,8.2
3709,3709,Los Angeles,Los Angeles,Normal,Female,Electronics,Electronics,92.39,3.0,13.86,291.03,0.0,0.0,10/15/2024,Credit card,6.9
3710,3710,Los Angeles,Los Angeles,Member,Male,Sports & Travel,Sports & Travel,51.8,1.0,2.59,54.39,0.0,0.0,10/15/2024,Ewallet,3.7
3711,3711,Los Angeles,Los Angeles,Member,Female,Home & Lifestyle,Home & Lifestyle,44.73,4.0,8.95,187.87,0.0,0.0,10/15/2024,Credit card,7.8
3712,3712,Los Angeles,Los Angeles,Normal,Female,Health & Beauty,Health & Beauty,19.6,9.0,8.82,185.22,0.0,0.0,10/15/2024,Cash,7.5
3713,3713,New York,New York,Member,Male,Food & Beverages,Food & Beverages,13.28,10.0,6.64,139.44,0.0,0.0,10/15/2024,Cash,3.3
3714,3714,New York,New York,Normal,Female,Food & Beverages,Food & Beverages,13.47,1.0,0.67,14.14,0.0,0.0,10/15/2024,Cash,8.4
3715,3715,Chicago,Chicago,Member,Male,Home & Lifestyle,Home & Lifestyle,40.54,2.0,4.05,85.13,0.0,0.0,10/15/2024,Ewallet,6.5
3716,3716,New York,New York,Normal,Female,Home & Lifestyle,Home & Lifestyle,52.02,2.0,5.2,109.24,0.0,0.0,10/15/2024,Cash,5.9
3717,3717,Los Angeles,Los Angeles,Member,Female,Health & Beauty,Health & Beauty,39.04,4.0,7.81,163.97,0.0,0.0,10/15/2024,Credit card,8.4
3718,3718,Chicago,Chicago,Normal,Female,Health & Beauty,Health & Beauty,23.85,8.0,9.54,200.34,0.0,0.0,10/15/2024,Credit card,5.8
3719,3719,Chicago,Chicago,Normal,Male,Home & Lifestyle,Home & Lifestyle,49.51,1.0,2.48,51.99,0.0,0.0,10/15/2024,Cash,6.3
3720,3720,New York,New York,Member,Female,Health & Beauty,Health & Beauty,33.04,6.0,9.91,208.15,0.0,0.0,10/15/2024,Ewallet,4.2
3721,3721,Chicago,Chicago,Normal,Female,Home & Lifestyle,Home & Lifestyle,66.69,2.0,6.67,140.05,0.0,0.0,10/15/2024,Cash,5.2
3722,3722,New York,New York,Normal,Female,Food & Beverages,Food & Beverages,12.0,7.0,4.2,88.2,0.0,0.0,10/16/2024,Ewallet,8.7
3723,3723,New York,New York,Member,Male,Health & Beauty,Health & Beauty,19.61,1.0,0.98,20.59,0.0,0.0,10/16/2024,Credit card,4.3
3724,3724,Los Angeles,Los Angeles,Normal,Female,Health & Beauty,Health & Beauty,18.4,3.0,2.76,57.96,0.0,0.0,10/16/2024,Ewallet,5.8
3725,3725,New York,New York,Member,Male,Food & Beverages,Food & Beverages,13.63,6.0,4.09,85.87,0.0,0.0,10/16/2024,Credit card,9.7
3726,3726,New York,New York,Member,Female,Food & Beverages,Food & Beverages,9.99,4.0,2.0,41.96,0.0,0.0,10/16/2024,Credit card,4.6
3727,3727,New York,New York,Member,Female,Food & Beverages,Food & Beverages,5.38,1.0,0.27,5.65,0.0,0.0,10/16/2024,Cash,9.2
3728,3728,New York,New York,Member,Male,Food & Beverages,Food & Beverages,8.03,10.0,4.01,84.31,0.0,0.0,10/16/2024,Cash,9.2
3729,3729,Los Angeles,Los Angeles,Normal,Male,Fashion & Accs,Fashion & Accs,13.56,9.0,6.1,128.14,0.0,0.0,10/16/2024,Cash,3.6
3730,3730,Los Angeles,Los Angeles,Member,Female,Health & Beauty,Health & Beauty,38.01,6.0,11.4,239.46,0.0,0.0,10/16/2024,Credit card,6.2
3731,3731,Los Angeles,Los Angeles,Member,Female,Health & Beauty,Health & Beauty,27.95,4.0,5.59,117.39,0.0,0.0,10/16/2024,Ewallet,6.4
3732,3732,Chicago,Chicago,Normal,Male,Food & Beverages,Food & Beverages,4.07,3.0,0.61,12.82,0.0,0.0,10/16/2024,Credit card,5.1
3733,3733,Chicago,Chicago,Normal,Female,Food & Beverages,Food & Beverages,14.76,9.0,6.64,139.48,0.0,0.0,10/16/2024,Credit card,3.3
3734,3734,Los Angeles,Los Angeles,Normal,Female,Home & Lifestyle,Home & Lifestyle,67.47,9.0,30.36,637.59,0.0,0.0,10/16/2024,Cash,4.6
3735,3735,New York,New York,Normal,Male,Fashion & Accs,Fashion & Accs,24.24,8.0,9.7,203.62,0.0,0.0,10/16/2024,Cash,3.6
3736,3736,Los Angeles,Los Angeles,Normal,Male,Home & Lifestyle,Home & Lifestyle,42.02,3.0,6.3,132.36,0.0,0.0,10/16/2024,Cash,4.6
3737,3737,New York,New York,Member,Male,Electronics,Electronics,84.4,9.0,37.98,797.58,0.0,0.0,10/17/2024,Ewallet,8.5
3738,3738,New York,New York,Normal,Male,Food & Beverages,Food & Beverages,3.45,8.0,1.38,28.98,0.0,0.0,10/17/2024,Cash,9.1
3739,3739,Chicago,Chicago,Normal,Male,Food & Beverages,Food & Beverages,2.96,2.0,0.3,6.22,0.0,0.0,10/17/2024,Ewallet,3.3
3740,3740,Chicago,Chicago,Member,Male,Fashion & Accs,Fashion & Accs,21.58,1.0,1.08,22.66,0.0,0.0,10/17/2024,Credit card,5.1
3741,3741,Chicago,Chicago,Member,Female,Home & Lifestyle,Home & Lifestyle,48.35,8.0,19.34,406.14,0.0,0.0,10/17/2024,Ewallet,9.7
3742,3742,Chicago,Chicago,Member,Male,Fashion & Accs,Fashion & Accs,11.55,4.0,2.31,48.51,0.0,0.0,10/17/2024,Credit card,6.7
3743,3743,Los Angeles,Los Angeles,Normal,Male,Home & Lifestyle,Home & Lifestyle,65.32,8.0,26.13,548.69,0.0,0.0,10/17/2024,Cash,7.3
3744,3744,Chicago,Chicago,Normal,Male,Fashion & Accs,Fashion & Accs,14.12,7.0,4.94,103.78,0.0,0.0,10/17/2024,Credit card,3.0
3745,3745,New York,New York,Normal,Female,Fashion & Accs,Fashion & Accs,19.15,6.0,5.74,120.64,0.0,0.0,10/17/2024,Ewallet,6.3
3746,3746,New York,New York,Normal,Female,Health & Beauty,Health & Beauty,30.33,9.0,13.65,286.62,0.0,0.0,10/17/2024,Cash,9.7
3747,3747,Los Angeles,Los Angeles,Normal,Male,Fashion & Accs,Fashion & Accs,12.63,1.0,0.63,13.26,0.0,0.0,10/17/2024,Ewallet,5.6
3748,3748,Los Angeles,Los Angeles,Normal,Male,Food & Beverages,Food & Beverages,10.85,8.0,4.34,91.14,0.0,0.0,10/17/2024,Ewallet,3.7
3749,3749,Los Angeles,Los Angeles,Member,Male,Electronics,Electronics,98.58,3.0,14.79,310.53,0.0,0.0,10/17/2024,Ewallet,6.1
3750,3750,Chicago,Chicago,Normal,Male,Food & Beverages,Food & Beverages,6.66,6.0,2.0,41.96,0.0,0.0,10/18/2024,Cash,9.5
3751,3751,Los Angeles,Los Angeles,Normal,Female,Health & Beauty,Health & Beauty,16.4,9.0,7.38,154.98,0.0,0.0,10/18/2024,Credit card,5.3
3752,3752,Los Angeles,Los Angeles,Normal,Male,Electronics,Electronics,83.08,8.0,33.23,697.87,0.0,0.0,10/18/2024,Cash,8.4
3753,3753,Los Angeles,Los Angeles,Normal,Female,Health & Beauty,Health & Beauty,15.44,2.0,1.54,32.42,0.0,0.0,10/18/2024,Credit card,8.4
3754,3754,New York,New York,Member,Female,Home & Lifestyle,Home & Lifestyle,59.34,5.0,14.84,311.54,0.0,0.0,10/18/2024,Credit card,4.4
3755,3755,Los Angeles,Los Angeles,Member,Male,Health & Beauty,Health & Beauty,39.32,9.0,17.69,371.57,0.0,0.0,10/18/2024,Ewallet,6.0
3756,3756,New York,New York,Member,Male,Food & Beverages,Food & Beverages,11.05,3.0,1.66,34.81,0.0,0.0,10/18/2024,Credit card,7.9
3757,3757,New York,New York,Member,Female,Food & Beverages,Food & Beverages,5.91,2.0,0.59,12.41,0.0,0.0,10/18/2024,Credit card,5.8
3758,3758,Chicago,Chicago,Member,Male,Fashion & Accs,Fashion & Accs,9.94,10.0,4.97,104.37,0.0,0.0,10/19/2024,Cash,4.3
3759,3759,Chicago,Chicago,Normal,Female,Health & Beauty,Health & Beauty,28.7,10.0,14.35,301.35,0.0,0.0,10/19/2024,Ewallet,9.6
3760,3760,Chicago,Chicago,Normal,Female,Fashion & Accs,Fashion & Accs,24.7,2.0,2.47,51.87,0.0,0.0,10/19/2024,Ewallet,7.4
3761,3761,New York,New York,Normal,Female,Health & Beauty,Health & Beauty,20.49,5.0,5.12,107.57,0.0,0.0,10/19/2024,Ewallet,8.9
3762,3762,Los Angeles,Los Angeles,Member,Male,Health & Beauty,Health & Beauty,30.19,2.0,3.02,63.4,0.0,0.0,10/19/2024,Ewallet,3.2
3763,3763,New York,New York,Member,Male,Food & Beverages,Food & Beverages,2.66,4.0,0.53,11.17,0.0,0.0,10/19/2024,Credit card,4.8
3764,3764,Chicago,Chicago,Normal,Male,Food & Beverages,Food & Beverages,9.91,2.0,0.99,20.81,0.0,0.0,10/19/2024,Credit card,6.4
3765,3765,New York,New York,Normal,Female,Sports & Travel,Sports & Travel,74.54,2.0,7.45,156.53,0.0,0.0,10/19/2024,Cash,3.5
3766,3766,Chicago,Chicago,Normal,Male,Sports & Travel,Sports & Travel,51.04,5.0,12.76,267.96,0.0,0.0,10/19/2024,Ewallet,9.8
3767,3767,Los Angeles,Los Angeles,Member,Male,Food & Beverages,Food & Beverages,6.08,10.0,3.04,63.84,0.0,0.0,10/19/2024,Credit card,4.6
3768,3768,Chicago,Chicago,Normal,Male,Fashion & Accs,Fashion & Accs,14.26,5.0,3.56,74.86,0.0,0.0,10/19/2024,Cash,5.5
3769,3769,Los Angeles,Los Angeles,Normal,Male,Food & Beverages,Food & Beverages,4.95,7.0,1.73,36.38,0.0,0.0,10/19/2024,Ewallet,4.5
3770,3770,Chicago,Chicago,Normal,Female,Sports & Travel,Sports & Travel,63.05,8.0,25.22,529.62,0.0,0.0,10/19/2024,Cash,3.7
3771,3771,Los Angeles,Los Angeles,Member,Female,Fashion & Accs,Fashion & Accs,12.73,6.0,3.82,80.2,0.0,0.0,10/19/2024,Ewallet,4.6
3772,3772,Chicago,Chicago,Member,Male,Home & Lifestyle,Home & Lifestyle,69.95,7.0,24.48,514.13,0.0,0.0,10/19/2024,Ewallet,5.0
3773,3773,Chicago,Chicago,Normal,Male,Food & Beverages,Food & Beverages,5.23,5.0,1.31,27.46,0.0,0.0,10/19/2024,Credit card,7.3
3774,3774,New York,New York,Normal,Female,Food & Beverages,Food & Beverages,12.06,10.0,6.03,126.63,0.0,0.0,10/19/2024,Ewallet,4.9
3775,3775,New York,New York,Normal,Male,Fashion & Accs,Fashion & Accs,10.33,4.0,2.07,43.39,0.0,0.0,10/19/2024,Credit card,5.5
3776,3776,Los Angeles,Los Angeles,Member,Male,Food & Beverages,Food & Beverages,9.54,7.0,3.34,70.12,0.0,0.0,10/19/2024,Cash,3.0
3777,3777,Chicago,Chicago,Normal,Female,Sports & Travel,Sports & Travel,64.43,6.0,19.33,405.91,0.0,0.0,10/19/2024,Ewallet,5.5
3778,3778,New York,New York,Member,Female,Fashion & Accs,Fashion & Accs,10.13,6.0,3.04,63.82,0.0,0.0,10/19/2024,Ewallet,6.6
3779,3779,Chicago,Chicago,Member,Female,Health & Beauty,Health & Beauty,30.77,5.0,7.69,161.54,0.0,0.0,10/20/2024,Ewallet,4.1
3780,3780,Los Angeles,Los Angeles,Normal,Female,Fashion & Accs,Fashion & Accs,7.85,9.0,3.53,74.18,0.0,0.0,10/20/2024,Credit card,7.1
3781,3781,Los Angeles,Los Angeles,Normal,Male,Fashion & Accs,Fashion & Accs,8.3,8.0,3.32,69.72,0.0,0.0,10/20/2024,Credit card,5.0
3782,3782,Los Angeles,Los Angeles,Normal,Male,Fashion & Accs,Fashion & Accs,16.57,7.0,5.8,121.79,0.0,0.0,10/20/2024,Credit card,7.3
3783,3783,Chicago,Chicago,Normal,Male,Food & Beverages,Food & Beverages,7.75,9.0,3.49,73.24,0.0,0.0,10/20/2024,Ewallet,3.2
3784,3784,Chicago,Chicago,Normal,Male,Health & Beauty,Health & Beauty,34.51,4.0,6.9,144.94,0.0,0.0,10/20/2024,Cash,9.0
3785,3785,New York,New York,Normal,Female,Electronics,Electronics,97.37,2.0,9.74,204.48,0.0,0.0,10/20/2024,Cash,3.1
3786,3786,Los Angeles,Los Angeles,Normal,Male,Health & Beauty,Health & Beauty,21.33,3.0,3.2,67.19,0.0,0.0,10/20/2024,Ewallet,3.9
3787,3787,New York,New York,Normal,Female,Health & Beauty,Health & Beauty,19.03,9.0,8.56,179.83,0.0,0.0,10/20/2024,Credit card,8.3
3788,3788,New York,New York,Member,Male,Health & Beauty,Health & Beauty,28.47,1.0,1.42,29.89,0.0,0.0,10/20/2024,Ewallet,3.3
3789,3789,New York,New York,Member,Male,Fashion & Accs,Fashion & Accs,22.25,7.0,7.79,163.54,0.0,0.0,10/21/2024,Credit card,7.8
3790,3790,New York,New York,Normal,Female,Home & Lifestyle,Home & Lifestyle,63.94,9.0,28.77,604.23,0.0,0.0,10/21/2024,Ewallet,9.6
3791,3791,Chicago,Chicago,Normal,Male,Food & Beverages,Food & Beverages,9.37,8.0,3.75,78.71,0.0,0.0,10/21/2024,Ewallet,8.9
3792,3792,New York,New York,Member,Male,Food & Beverages,Food & Beverages,13.83,5.0,3.46,72.61,0.0,0.0,10/21/2024,Credit card,7.8
3793,3793,Chicago,Chicago,Normal,Female,Fashion & Accs,Fashion & Accs,8.64,3.0,1.3,27.22,0.0,0.0,10/21/2024,Ewallet,9.5
3794,3794,Los Angeles,Los Angeles,Member,Female,Food & Beverages,Food & Beverages,14.77,4.0,2.95,62.03,0.0,0.0,10/21/2024,Credit card,5.9
3795,3795,New York,New York,Normal,Female,Food & Beverages,Food & Beverages,14.34,7.0,5.02,105.4,0.0,0.0,10/21/2024,Cash,8.9
3796,3796,New York,New York,Normal,Female,Home & Lifestyle,Home & Lifestyle,59.16,3.0,8.87,186.35,0.0,0.0,10/21/2024,Cash,5.4
3797,3797,Los Angeles,Los Angeles,Normal,Male,Sports & Travel,Sports & Travel,71.1,4.0,14.22,298.62,0.0,0.0,10/21/2024,Cash,9.3
3798,3798,New York,New York,Member,Female,Sports & Travel,Sports & Travel,52.28,4.0,10.46,219.58,0.0,0.0,10/21/2024,Ewallet,4.0
3799,3799,Los Angeles,Los Angeles,Normal,Female,Fashion & Accs,Fashion & Accs,19.48,3.0,2.92,61.36,0.0,0.0,10/21/2024,Cash,9.4
3800,3800,Chicago,Chicago,Member,Female,Food & Beverages,Food & Beverages,4.92,2.0,0.49,10.33,0.0,0.0,10/21/2024,Cash,8.7
3801,3801,Chicago,Chicago,Member,Male,Fashion & Accs,Fashion & Accs,20.55,9.0,9.25,194.2,0.0,0.0,10/21/2024,Ewallet,8.8
3802,3802,Los Angeles,Los Angeles,Normal,Female,Home & Lifestyle,Home & Lifestyle,65.79,4.0,13.16,276.32,0.0,0.0,10/21/2024,Cash,3.8
3803,3803,New York,New York,Normal,Female,Food & Beverages,Food & Beverages,8.54,5.0,2.13,44.83,0.0,0.0,10/21/2024,Credit card,7.1
3804,3804,Los Angeles,Los Angeles,Member,Female,Food & Beverages,Food & Beverages,6.37,3.0,0.96,20.07,0.0,0.0,10/21/2024,Cash,3.1
3805,3805,New York,New York,Normal,Female,Electronics,Electronics,95.05,4.0,19.01,399.21,0.0,0.0,10/21/2024,Credit card,7.9
3806,3806,New York,New York,Normal,Female,Food & Beverages,Food & Beverages,7.76,2.0,0.78,16.3,0.0,0.0,10/21/2024,Ewallet,3.1
3807,3807,Los Angeles,Los Angeles,Member,Female,Food & Beverages,Food & Beverages,2.77,5.0,0.69,14.54,0.0,0.0,10/21/2024,Cash,3.6
3808,3808,Chicago,Chicago,Member,Female,Home & Lifestyle,Home & Lifestyle,44.48,9.0,20.02,420.34,0.0,0.0,10/21/2024,Credit card,4.5
3809,3809,Los Angeles,Los Angeles,Normal,Male,Health & Beauty,Health & Beauty,18.33,5.0,4.58,96.23,0.0,0.0,10/22/2024,Credit card,9.0
3810,3810,Los Angeles,Los Angeles,Member,Male,Fashion & Accs,Fashion & Accs,5.37,2.0,0.54,11.28,0.0,0.0,10/22/2024,Cash,5.5
3811,3811,Los Angeles,Los Angeles,Normal,Male,Home & Lifestyle,Home & Lifestyle,44.98,4.0,9.0,188.92,0.0,0.0,10/22/2024,Ewallet,6.7
3812,3812,New York,New York,Member,Male,Health & Beauty,Health & Beauty,39.86,6.0,11.96,251.12,0.0,0.0,10/22/2024,Ewallet,6.9
3813,3813,Los Angeles,Los Angeles,Member,Male,Sports & Travel,Sports & Travel,64.94,9.0,29.22,613.68,0.0,0.0,10/22/2024,Credit card,4.5
3814,3814,Chicago,Chicago,Normal,Female,Electronics,Electronics,82.92,6.0,24.88,522.4,0.0,0.0,10/22/2024,Ewallet,6.9
3815,3815,Chicago,Chicago,Member,Male,Sports & Travel,Sports & Travel,52.97,5.0,13.24,278.09,0.0,0.0,10/22/2024,Cash,7.5
3816,3816,Los Angeles,Los Angeles,Member,Male,Health & Beauty,Health & Beauty,36.01,5.0,9.0,189.05,0.0,0.0,10/22/2024,Credit card,5.0
3817,3817,Los Angeles,Los Angeles,Member,Male,Fashion & Accs,Fashion & Accs,15.95,1.0,0.8,16.75,0.0,0.0,10/22/2024,Ewallet,5.8
3818,3818,New York,New York,Normal,Male,Food & Beverages,Food & Beverages,6.95,3.0,1.04,21.89,0.0,0.0,10/22/2024,Credit card,6.1
3819,3819,Los Angeles,Los Angeles,Normal,Male,Food & Beverages,Food & Beverages,13.85,4.0,2.77,58.17,0.0,0.0,10/23/2024,Credit card,9.3
3820,3820,New York,New York,Normal,Female,Sports & Travel,Sports & Travel,63.15,2.0,6.32,132.62,0.0,0.0,10/23/2024,Ewallet,7.0
3821,3821,New York,New York,Member,Female,Health & Beauty,Health & Beauty,30.54,9.0,13.74,288.6,0.0,0.0,10/23/2024,Ewallet,9.4
3822,3822,Los Angeles,Los Angeles,Normal,Male,Sports & Travel,Sports & Travel,76.29,5.0,19.07,400.52,0.0,0.0,10/23/2024,Ewallet,6.8
3823,3823,Chicago,Chicago,Member,Male,Health & Beauty,Health & Beauty,19.62,7.0,6.87,144.21,0.0,0.0,10/23/2024,Ewallet,6.4
3824,3824,Los Angeles,Los Angeles,Member,Female,Home & Lifestyle,Home & Lifestyle,67.91,7.0,23.77,499.14,0.0,0.0,10/23/2024,Cash,3.0
3825,3825,Los Angeles,Los Angeles,Normal,Male,Food & Beverages,Food & Beverages,10.28,6.0,3.08,64.76,0.0,0.0,10/23/2024,Cash,6.3
3826,3826,Chicago,Chicago,Member,Female,Electronics,Electronics,87.6,9.0,39.42,827.82,0.0,0.0,10/23/2024,Credit card,9.3
3827,3827,Los Angeles,Los Angeles,Member,Male,Food & Beverages,Food & Beverages,5.05,8.0,2.02,42.42,0.0,0.0,10/24/2024,Credit card,4.3
3828,3828,New York,New York,Normal,Female,Sports & Travel,Sports & Travel,50.97,5.0,12.74,267.59,0.0,0.0,10/24/2024,Cash,3.4
3829,3829,Chicago,Chicago,Normal,Female,Fashion & Accs,Fashion & Accs,23.84,9.0,10.73,225.29,0.0,0.0,10/24/2024,Ewallet,5.8
3830,3830,Chicago,Chicago,Member,Male,Health & Beauty,Health & Beauty,25.38,6.0,7.61,159.89,0.0,0.0,10/24/2024,Ewallet,5.5
3831,3831,New York,New York,Member,Male,Electronics,Electronics,80.9,7.0,28.32,594.62,0.0,0.0,10/24/2024,Cash,8.8
3832,3832,Chicago,Chicago,Normal,Male,Electronics,Electronics,96.66,5.0,24.16,507.46,0.0,0.0,10/24/2024,Ewallet,3.2
3833,3833,Chicago,Chicago,Normal,Male,Food & Beverages,Food & Beverages,7.98,9.0,3.59,75.41,0.0,0.0,10/24/2024,Ewallet,9.3
3834,3834,Los Angeles,Los Angeles,Member,Male,Food & Beverages,Food & Beverages,10.22,5.0,2.56,53.66,0.0,0.0,10/24/2024,Credit card,7.6
3835,3835,Los Angeles,Los Angeles,Member,Female,Food & Beverages,Food & Beverages,7.17,4.0,1.43,30.11,0.0,0.0,10/24/2024,Credit card,9.1
3836,3836,Chicago,Chicago,Normal,Male,Fashion & Accs,Fashion & Accs,8.28,7.0,2.9,60.86,0.0,0.0,10/24/2024,Cash,7.1
3837,3837,New York,New York,Normal,Male,Sports & Travel,Sports & Travel,70.89,5.0,17.72,372.17,0.0,0.0,10/24/2024,Ewallet,8.5
3838,3838,New York,New York,Member,Male,Food & Beverages,Food & Beverages,3.64,5.0,0.91,19.11,0.0,0.0,10/24/2024,Credit card,5.3
3839,3839,Los Angeles,Los Angeles,Normal,Male,Home & Lifestyle,Home & Lifestyle,67.19,9.0,30.24,634.95,0.0,0.0,10/24/2024,Credit card,5.4
3840,3840,Chicago,Chicago,Normal,Female,Health & Beauty,Health & Beauty,36.82,8.0,14.73,309.29,0.0,0.0,10/24/2024,Credit card,5.7
3841,3841,New York,New York,Member,Female,Fashion & Accs,Fashion & Accs,6.32,7.0,2.21,46.45,0.0,0.0,10/24/2024,Ewallet,8.1
3842,3842,Los Angeles,Los Angeles,Normal,Male,Food & Beverages,Food & Beverages,3.53,7.0,1.24,25.95,0.0,0.0,10/24/2024,Ewallet,5.5
3843,3843,New York,New York,Member,Female,Home & Lifestyle,Home & Lifestyle,66.71,5.0,16.68,350.23,0.0,0.0,10/24/2024,Cash,4.6
3844,3844,Chicago,Chicago,Normal,Female,Health & Beauty,Health & Beauty,35.49,1.0,1.77,37.26,0.0,0.0,10/24/2024,Credit card,9.4
3845,3845,New York,New York,Normal,Female,Sports & Travel,Sports & Travel,71.24,9.0,32.06,673.22,0.0,0.0,10/25/2024,Credit card,9.2
3846,3846,Los Angeles,Los Angeles,Member,Male,Fashion & Accs,Fashion & Accs,11.49,6.0,3.45,72.39,0.0,0.0,10/25/2024,Ewallet,5.4
3847,3847,New York,New York,Normal,Male,Food & Beverages,Food & Beverages,2.21,2.0,0.22,4.64,0.0,0.0,10/25/2024,Credit card,7.3
3848,3848,New York,New York,Normal,Male,Health & Beauty,Health & Beauty,19.13,4.0,3.83,80.35,0.0,0.0,10/25/2024,Ewallet,4.9
3849,3849,Los Angeles,Los Angeles,Member,Male,Food & Beverages,Food & Beverages,3.5,5.0,0.88,18.38,0.0,0.0,10/25/2024,Credit card,4.4
3850,3850,Chicago,Chicago,Normal,Male,Health & Beauty,Health & Beauty,38.08,7.0,13.33,279.89,0.0,0.0,10/25/2024,Credit card,5.3
3851,3851,Chicago,Chicago,Member,Female,Health & Beauty,Health & Beauty,30.01,7.0,10.5,220.57,0.0,0.0,10/25/2024,Cash,5.2
3852,3852,Los Angeles,Los Angeles,Normal,Female,Food & Beverages,Food & Beverages,7.9,10.0,3.95,82.95,0.0,0.0,10/25/2024,Credit card,9.0
3853,3853,New York,New York,Normal,Male,Sports & Travel,Sports & Travel,79.59,2.0,7.96,167.14,0.0,0.0,10/25/2024,Ewallet,8.6
3854,3854,Chicago,Chicago,Normal,Male,Health & Beauty,Health & Beauty,19.75,4.0,3.95,82.95,0.0,0.0,10/25/2024,Credit card,7.8
3855,3855,New York,New York,Member,Female,Electronics,Electronics,90.71,3.0,13.61,285.74,0.0,0.0,10/25/2024,Cash,9.5
3856,3856,New York,New York,Normal,Male,Food & Beverages,Food & Beverages,14.08,7.0,4.93,103.49,0.0,0.0,10/25/2024,Credit card,5.9
3857,3857,Los Angeles,Los Angeles,Normal,Female,Fashion & Accs,Fashion & Accs,18.41,8.0,7.36,154.64,0.0,0.0,10/25/2024,Cash,4.7
3858,3858,Los Angeles,Los Angeles,Normal,Female,Home & Lifestyle,Home & Lifestyle,62.84,3.0,9.43,197.95,0.0,0.0,10/25/2024,Cash,3.8
3859,3859,Chicago,Chicago,Member,Female,Food & Beverages,Food & Beverages,13.46,8.0,5.38,113.06,0.0,0.0,10/25/2024,Cash,5.0
3860,3860,Chicago,Chicago,Normal,Male,Electronics,Electronics,80.69,5.0,20.17,423.62,0.0,0.0,10/25/2024,Ewallet,4.0
3861,3861,New York,New York,Normal,Male,Fashion & Accs,Fashion & Accs,12.19,6.0,3.66,76.8,0.0,0.0,10/25/2024,Ewallet,3.6
3862,3862,New York,New York,Normal,Male,Health & Beauty,Health & Beauty,23.99,6.0,7.2,151.14,0.0,0.0,10/25/2024,Ewallet,7.1
3863,3863,Los Angeles,Los Angeles,Member,Male,Health & Beauty,Health & Beauty,26.63,5.0,6.66,139.81,0.0,0.0,10/25/2024,Ewallet,5.5
3864,3864,Chicago,Chicago,Member,Female,Food & Beverages,Food & Beverages,12.31,3.0,1.85,38.78,0.0,0.0,10/25/2024,Ewallet,6.8
3865,3865,Los Angeles,Los Angeles,Normal,Male,Food & Beverages,Food & Beverages,7.31,6.0,2.19,46.05,0.0,0.0,10/25/2024,Cash,4.3
3866,3866,Los Angeles,Los Angeles,Member,Male,Food & Beverages,Food & Beverages,3.05,8.0,1.22,25.62,0.0,0.0,10/25/2024,Ewallet,7.6
3867,3867,Los Angeles,Los Angeles,Normal,Female,Sports & Travel,Sports & Travel,71.39,1.0,3.57,74.96,0.0,0.0,10/26/2024,Ewallet,4.5
3868,3868,Chicago,Chicago,Normal,Female,Fashion & Accs,Fashion & Accs,5.9,5.0,1.48,30.98,0.0,0.0,10/26/2024,Ewallet,4.9
3869,3869,Chicago,Chicago,Member,Female,Sports & Travel,Sports & Travel,74.52,3.0,11.18,234.74,0.0,0.0,10/26/2024,Ewallet,8.0
3870,3870,Chicago,Chicago,Normal,Male,Health & Beauty,Health & Beauty,30.0,6.0,9.0,189.0,0.0,0.0,10/26/2024,Credit card,6.8
3871,3871,Chicago,Chicago,Member,Female,Fashion & Accs,Fashion & Accs,12.38,5.0,3.1,65.0,0.0,0.0,10/26/2024,Cash,5.3
3872,3872,Los Angeles,Los Angeles,Member,Male,Fashion & Accs,Fashion & Accs,11.68,4.0,2.34,49.06,0.0,0.0,10/26/2024,Ewallet,6.7
3873,3873,Chicago,Chicago,Member,Male,Home & Lifestyle,Home & Lifestyle,63.21,4.0,12.64,265.48,0.0,0.0,10/26/2024,Cash,7.7
3874,3874,New York,New York,Normal,Male,Sports & Travel,Sports & Travel,53.55,2.0,5.36,112.46,0.0,0.0,10/26/2024,Ewallet,9.2
3875,3875,Los Angeles,Los Angeles,Member,Male,Health & Beauty,Health & Beauty,29.89,2.0,2.99,62.77,0.0,0.0,10/26/2024,Credit card,6.9
3876,3876,Los Angeles,Los Angeles,Member,Female,Electronics,Electronics,95.34,8.0,38.14,800.86,0.0,0.0,10/26/2024,Cash,4.6
3877,3877,Los Angeles,Los Angeles,Member,Male,Sports & Travel,Sports & Travel,50.08,1.0,2.5,52.58,0.0,0.0,10/26/2024,Ewallet,8.1
3878,3878,Los Angeles,Los Angeles,Normal,Female,Home & Lifestyle,Home & Lifestyle,45.16,9.0,20.32,426.76,0.0,0.0,10/27/2024,Credit card,8.3
3879,3879,Chicago,Chicago,Normal,Female,Home & Lifestyle,Home & Lifestyle,41.14,8.0,16.46,345.58,0.0,0.0,10/27/2024,Credit card,4.4
3880,3880,Los Angeles,Los Angeles,Normal,Female,Home & Lifestyle,Home & Lifestyle,61.48,2.0,6.15,129.11,0.0,0.0,10/27/2024,Credit card,8.6
3881,3881,Los Angeles,Los Angeles,Member,Male,Health & Beauty,Health & Beauty,27.26,8.0,10.9,228.98,0.0,0.0,10/27/2024,Cash,6.2
3882,3882,Chicago,Chicago,Member,Female,Health & Beauty,Health & Beauty,24.31,10.0,12.16,255.26,0.0,0.0,10/27/2024,Ewallet,8.3
3883,3883,New York,New York,Normal,Male,Fashion & Accs,Fashion & Accs,12.6,3.0,1.89,39.69,0.0,0.0,10/27/2024,Credit card,4.6
3884,3884,New York,New York,Normal,Female,Health & Beauty,Health & Beauty,24.72,10.0,12.36,259.56,0.0,0.0,10/27/2024,Credit card,5.3
3885,3885,Los Angeles,Los Angeles,Normal,Female,Food & Beverages,Food & Beverages,4.31,3.0,0.65,13.58,0.0,0.0,10/27/2024,Credit card,9.5
3886,3886,New York,New York,Normal,Female,Fashion & Accs,Fashion & Accs,23.76,10.0,11.88,249.48,0.0,0.0,10/27/2024,Ewallet,7.5
3887,3887,Los Angeles,Los Angeles,Member,Male,Food & Beverages,Food & Beverages,8.45,2.0,0.84,17.74,0.0,0.0,10/28/2024,Cash,8.3
3888,3888,Los Angeles,Los Angeles,Normal,Female,Health & Beauty,Health & Beauty,16.25,2.0,1.62,34.12,0.0,0.0,10/28/2024,Credit card,7.7
3889,3889,Los Angeles,Los Angeles,Normal,Female,Home & Lifestyle,Home & Lifestyle,56.99,7.0,19.95,418.88,0.0,0.0,10/28/2024,Cash,4.4
3890,3890,New York,New York,Normal,Male,Home & Lifestyle,Home & Lifestyle,59.57,3.0,8.94,187.65,0.0,0.0,10/28/2024,Credit card,6.2
3891,3891,Los Angeles,Los Angeles,Normal,Male,Food & Beverages,Food & Beverages,4.18,4.0,0.84,17.56,0.0,0.0,10/28/2024,Cash,8.5
3892,3892,Chicago,Chicago,Normal,Male,Health & Beauty,Health & Beauty,34.58,9.0,15.56,326.78,0.0,0.0,10/28/2024,Cash,7.6
3893,3893,New York,New York,Member,Female,Health & Beauty,Health & Beauty,16.62,8.0,6.65,139.61,0.0,0.0,10/28/2024,Ewallet,3.0
3894,3894,Los Angeles,Los Angeles,Member,Male,Home & Lifestyle,Home & Lifestyle,48.11,9.0,21.65,454.64,0.0,0.0,10/28/2024,Cash,3.6
3895,3895,New York,New York,Member,Male,Sports & Travel,Sports & Travel,55.77,5.0,13.94,292.79,0.0,0.0,10/28/2024,Cash,5.4
3896,3896,Los Angeles,Los Angeles,Normal,Female,Food & Beverages,Food & Beverages,8.99,10.0,4.5,94.4,0.0,0.0,10/28/2024,Ewallet,9.4
3897,3897,New York,New York,Member,Male,Food & Beverages,Food & Beverages,8.57,9.0,3.86,80.99,0.0,0.0,10/29/2024,Ewallet,6.3
3898,3898,New York,New York,Member,Male,Electronics,Electronics,87.14,8.0,34.86,731.98,0.0,0.0,10/29/2024,Credit card,4.8
3899,3899,Chicago,Chicago,Member,Male,Home & Lifestyle,Home & Lifestyle,43.83,6.0,13.15,276.13,0.0,0.0,10/29/2024,Cash,5.5
3900,3900,Chicago,Chicago,Normal,Female,Home & Lifestyle,Home & Lifestyle,68.41,2.0,6.84,143.66,0.0,0.0,10/29/2024,Credit card,4.4
3901,3901,Los Angeles,Los Angeles,Member,Female,Fashion & Accs,Fashion & Accs,17.21,8.0,6.88,144.56,0.0,0.0,10/29/2024,Credit card,5.9
3902,3902,Los Angeles,Los Angeles,Normal,Female,Sports & Travel,Sports & Travel,76.8,3.0,11.52,241.92,0.0,0.0,10/29/2024,Credit card,4.5
3903,3903,Los Angeles,Los Angeles,Member,Female,Food & Beverages,Food & Beverages,5.09,5.0,1.27,26.72,0.0,0.0,10/29/2024,Cash,8.8
3904,3904,Chicago,Chicago,Normal,Male,Food & Beverages,Food & Beverages,14.95,10.0,7.48,156.98,0.0,0.0,10/29/2024,Credit card,6.1
3905,3905,New York,New York,Normal,Female,Fashion & Accs,Fashion & Accs,11.12,5.0,2.78,58.38,0.0,0.0,10/29/2024,Ewallet,4.9
3906,3906,Chicago,Chicago,Member,Female,Fashion & Accs,Fashion & Accs,7.91,9.0,3.56,74.75,0.0,0.0,10/29/2024,Credit card,9.3
3907,3907,New York,New York,Normal,Male,Food & Beverages,Food & Beverages,11.71,5.0,2.93,61.48,0.0,0.0,10/29/2024,Cash,5.1
3908,3908,New York,New York,Member,Male,Fashion & Accs,Fashion & Accs,14.0,2.0,1.4,29.4,0.0,0.0,10/29/2024,Cash,9.2
3909,3909,New York,New York,Normal,Male,Home & Lifestyle,Home & Lifestyle,44.42,6.0,13.33,279.85,0.0,0.0,10/30/2024,Ewallet,3.3
3910,3910,New York,New York,Member,Female,Home & Lifestyle,Home & Lifestyle,53.82,1.0,2.69,56.51,0.0,0.0,10/30/2024,Ewallet,7.8
3911,3911,Chicago,Chicago,Normal,Female,Sports & Travel,Sports & Travel,72.51,8.0,29.0,609.08,0.0,0.0,10/30/2024,Cash,6.3
3912,3912,Los Angeles,Los Angeles,Normal,Male,Fashion & Accs,Fashion & Accs,9.93,8.0,3.97,83.41,0.0,0.0,10/30/2024,Credit card,6.0
3913,3913,New York,New York,Member,Female,Home & Lifestyle,Home & Lifestyle,61.52,6.0,18.46,387.58,0.0,0.0,10/30/2024,Credit card,3.2
3914,3914,Chicago,Chicago,Normal,Male,Sports & Travel,Sports & Travel,74.08,2.0,7.41,155.57,0.0,0.0,10/30/2024,Credit card,3.3
3915,3915,New York,New York,Normal,Female,Home & Lifestyle,Home & Lifestyle,48.09,7.0,16.83,353.46,0.0,0.0,10/30/2024,Ewallet,5.3
3916,3916,Chicago,Chicago,Member,Female,Electronics,Electronics,89.0,8.0,35.6,747.6,0.0,0.0,10/30/2024,Credit card,9.4
3917,3917,Los Angeles,Los Angeles,Member,Male,Home & Lifestyle,Home & Lifestyle,69.38,9.0,31.22,655.64,0.0,0.0,10/30/2024,Credit card,7.2
3918,3918,Chicago,Chicago,Member,Male,Health & Beauty,Health & Beauty,24.56,3.0,3.68,77.36,0.0,0.0,10/30/2024,Ewallet,5.5
3919,3919,Chicago,Chicago,Normal,Female,Electronics,Electronics,87.38,9.0,39.32,825.74,0.0,0.0,10/30/2024,Ewallet,7.2
3920,3920,Chicago,Chicago,Member,Male,Food & Beverages,Food & Beverages,5.83,4.0,1.17,24.49,0.0,0.0,10/30/2024,Credit card,4.4
3921,3921,Los Angeles,Los Angeles,Normal,Female,Home & Lifestyle,Home & Lifestyle,47.64,6.0,14.29,300.13,0.0,0.0,10/31/2024,Ewallet,4.1
3922,3922,Chicago,Chicago,Normal,Female,Health & Beauty,Health & Beauty,15.96,4.0,3.19,67.03,0.0,0.0,10/31/2024,Credit card,5.5
3923,3923,New York,New York,Normal,Female,Health & Beauty,Health & Beauty,16.47,10.0,8.24,172.94,0.0,0.0,10/31/2024,Ewallet,8.9
3924,3924,New York,New York,Member,Male,Food & Beverages,Food & Beverages,12.67,1.0,0.63,13.3,0.0,0.0,10/31/2024,Cash,6.5
3925,3925,Los Angeles,Los Angeles,Member,Female,Health & Beauty,Health & Beauty,33.01,3.0,4.95,103.98,0.0,0.0,10/31/2024,Cash,5.0
3926,3926,Chicago,Chicago,Member,Male,Food & Beverages,Food & Beverages,13.28,3.0,1.99,41.83,0.0,0.0,10/31/2024,Cash,9.5
3927,3927,New York,New York,Normal,Male,Home & Lifestyle,Home & Lifestyle,57.56,7.0,20.15,423.07,0.0,0.0,10/31/2024,Credit card,8.5
3928,3928,Los Angeles,Los Angeles,Normal,Male,Sports & Travel,Sports & Travel,68.93,4.0,13.79,289.51,0.0,0.0,10/31/2024,Ewallet,5.2
3929,3929,New York,New York,Normal,Male,Fashion & Accs,Fashion & Accs,23.62,9.0,10.63,223.21,0.0,0.0,11/1/2024,Credit card,9.0
3930,3930,New York,New York,Normal,Male,Home & Lifestyle,Home & Lifestyle,67.94,9.0,30.57,642.03,0.0,0.0,11/1/2024,Credit card,3.5
3931,3931,New York,New York,Normal,Female,Health & Beauty,Health & Beauty,32.39,5.0,8.1,170.05,0.0,0.0,11/1/2024,Cash,9.7
3932,3932,Chicago,Chicago,Member,Male,Food & Beverages,Food & Beverages,8.37,5.0,2.09,43.94,0.0,0.0,11/1/2024,Cash,4.7
3933,3933,Los Angeles,Los Angeles,Normal,Female,Fashion & Accs,Fashion & Accs,5.62,8.0,2.25,47.21,0.0,0.0,11/1/2024,Ewallet,8.1
3934,3934,New York,New York,Normal,Female,Electronics,Electronics,93.56,6.0,28.07,589.43,0.0,0.0,11/1/2024,Ewallet,6.6
3935,3935,Chicago,Chicago,Normal,Male,Health & Beauty,Health & Beauty,21.07,3.0,3.16,66.37,0.0,0.0,11/1/2024,Credit card,9.2
3936,3936,New York,New York,Normal,Male,Food & Beverages,Food & Beverages,4.97,9.0,2.24,46.97,0.0,0.0,11/1/2024,Credit card,9.0
3937,3937,Los Angeles,Los Angeles,Normal,Female,Health & Beauty,Health & Beauty,39.64,4.0,7.93,166.49,0.0,0.0,11/1/2024,Ewallet,3.6
3938,3938,New York,New York,Normal,Female,Food & Beverages,Food & Beverages,9.2,6.0,2.76,57.96,0.0,0.0,11/1/2024,Cash,6.5
3939,3939,New York,New York,Normal,Female,Sports & Travel,Sports & Travel,62.68,8.0,25.07,526.51,0.0,0.0,11/1/2024,Cash,5.3
3940,3940,New York,New York,Normal,Male,Home & Lifestyle,Home & Lifestyle,60.56,2.0,6.06,127.18,0.0,0.0,11/1/2024,Credit card,4.4
3941,3941,Chicago,Chicago,Normal,Female,Fashion & Accs,Fashion & Accs,19.12,7.0,6.69,140.53,0.0,0.0,11/1/2024,Cash,5.5
3942,3942,Los Angeles,Los Angeles,Member,Male,Fashion & Accs,Fashion & Accs,9.55,3.0,1.43,30.08,0.0,0.0,11/1/2024,Ewallet,4.8
3943,3943,Los Angeles,Los Angeles,Normal,Male,Food & Beverages,Food & Beverages,3.32,4.0,0.66,13.94,0.0,0.0,11/1/2024,Cash,8.2
3944,3944,Chicago,Chicago,Normal,Female,Food & Beverages,Food & Beverages,5.18,5.0,1.3,27.2,0.0,0.0,11/1/2024,Ewallet,6.3
3945,3945,Los Angeles,Los Angeles,Member,Female,Food & Beverages,Food & Beverages,7.31,9.0,3.29,69.08,0.0,0.0,11/1/2024,Cash,3.7
3946,3946,Los Angeles,Los Angeles,Member,Male,Food & Beverages,Food & Beverages,11.36,8.0,4.54,95.42,0.0,0.0,11/2/2024,Ewallet,4.9
3947,3947,Chicago,Chicago,Normal,Male,Food & Beverages,Food & Beverages,14.22,4.0,2.84,59.72,0.0,0.0,11/2/2024,Cash,8.4
3948,3948,Chicago,Chicago,Member,Female,Electronics,Electronics,96.17,6.0,28.85,605.87,0.0,0.0,11/2/2024,Credit card,6.5
3949,3949,New York,New York,Member,Female,Electronics,Electronics,89.43,1.0,4.47,93.9,0.0,0.0,11/2/2024,Credit card,6.1
3950,3950,Chicago,Chicago,Member,Female,Fashion & Accs,Fashion & Accs,8.18,4.0,1.64,34.36,0.0,0.0,11/2/2024,Credit card,4.7
3951,3951,Chicago,Chicago,Member,Male,Electronics,Electronics,81.7,8.0,32.68,686.28,0.0,0.0,11/2/2024,Ewallet,3.8
3952,3952,Los Angeles,Los Angeles,Member,Female,Electronics,Electronics,90.89,5.0,22.72,477.17,0.0,0.0,11/2/2024,Credit card,8.6
3953,3953,Los Angeles,Los Angeles,Normal,Male,Health & Beauty,Health & Beauty,16.09,9.0,7.24,152.05,0.0,0.0,11/2/2024,Ewallet,5.2
3954,3954,New York,New York,Member,Male,Food & Beverages,Food & Beverages,4.57,3.0,0.69,14.4,0.0,0.0,11/2/2024,Ewallet,4.0
3955,3955,Chicago,Chicago,Member,Female,Food & Beverages,Food & Beverages,14.97,2.0,1.5,31.44,0.0,0.0,11/2/2024,Credit card,4.5
3956,3956,Los Angeles,Los Angeles,Normal,Female,Electronics,Electronics,83.75,2.0,8.38,175.88,0.0,0.0,11/2/2024,Cash,9.2
3957,3957,Chicago,Chicago,Normal,Female,Sports & Travel,Sports & Travel,57.14,3.0,8.57,179.99,0.0,0.0,11/2/2024,Cash,3.3
3958,3958,Los Angeles,Los Angeles,Member,Male,Food & Beverages,Food & Beverages,5.75,2.0,0.58,12.08,0.0,0.0,11/2/2024,Ewallet,5.6
3959,3959,New York,New York,Normal,Female,Sports & Travel,Sports & Travel,54.36,4.0,10.87,228.31,0.0,0.0,11/2/2024,Ewallet,5.2
3960,3960,New York,New York,Member,Male,Sports & Travel,Sports & Travel,66.32,10.0,33.16,696.36,0.0,0.0,11/2/2024,Ewallet,5.4
3961,3961,Chicago,Chicago,Normal,Female,Food & Beverages,Food & Beverages,7.48,3.0,1.12,23.56,0.0,0.0,11/2/2024,Ewallet,9.3
3962,3962,New York,New York,Normal,Female,Sports & Travel,Sports & Travel,79.85,10.0,39.93,838.43,0.0,0.0,11/2/2024,Ewallet,5.6
3963,3963,New York,New York,Member,Male,Food & Beverages,Food & Beverages,4.85,9.0,2.18,45.83,0.0,0.0,11/2/2024,Credit card,9.1
3964,3964,New York,New York,Normal,Female,Health & Beauty,Health & Beauty,29.87,4.0,5.97,125.45,0.0,0.0,11/2/2024,Cash,4.0
3965,3965,Los Angeles,Los Angeles,Member,Female,Home & Lifestyle,Home & Lifestyle,55.04,1.0,2.75,57.79,0.0,0.0,11/2/2024,Ewallet,6.3
3966,3966,New York,New York,Member,Female,Fashion & Accs,Fashion & Accs,20.91,4.0,4.18,87.82,0.0,0.0,11/2/2024,Ewallet,9.3
3967,3967,Los Angeles,Los Angeles,Normal,Male,Food & Beverages,Food & Beverages,13.91,10.0,6.96,146.06,0.0,0.0,11/3/2024,Credit card,8.4
3968,3968,Los Angeles,Los Angeles,Normal,Male,Health & Beauty,Health & Beauty,19.37,2.0,1.94,40.68,0.0,0.0,11/3/2024,Ewallet,8.8
3969,3969,Chicago,Chicago,Normal,Female,Electronics,Electronics,96.84,7.0,33.89,711.77,0.0,0.0,11/3/2024,Cash,7.5
3970,3970,Los Angeles,Los Angeles,Normal,Male,Sports & Travel,Sports & Travel,55.86,8.0,22.34,469.22,0.0,0.0,11/3/2024,Cash,4.0
3971,3971,Chicago,Chicago,Normal,Male,Home & Lifestyle,Home & Lifestyle,55.91,10.0,27.96,587.06,0.0,0.0,11/3/2024,Credit card,3.8
3972,3972,Los Angeles,Los Angeles,Normal,Male,Food & Beverages,Food & Beverages,9.19,4.0,1.84,38.6,0.0,0.0,11/3/2024,Ewallet,3.5
3973,3973,New York,New York,Normal,Male,Sports & Travel,Sports & Travel,73.29,8.0,29.32,615.64,0.0,0.0,11/3/2024,Credit card,5.6
3974,3974,New York,New York,Normal,Female,Fashion & Accs,Fashion & Accs,11.92,5.0,2.98,62.58,0.0,0.0,11/3/2024,Ewallet,4.0
3975,3975,Chicago,Chicago,Normal,Female,Food & Beverages,Food & Beverages,3.53,3.0,0.53,11.12,0.0,0.0,11/3/2024,Ewallet,6.0
3976,3976,New York,New York,Member,Female,Electronics,Electronics,96.68,9.0,43.51,913.63,0.0,0.0,11/3/2024,Cash,5.4
3977,3977,New York,New York,Normal,Female,Health & Beauty,Health & Beauty,16.07,4.0,3.21,67.49,0.0,0.0,11/3/2024,Credit card,5.9
3978,3978,Los Angeles,Los Angeles,Normal,Male,Health & Beauty,Health & Beauty,29.73,6.0,8.92,187.3,0.0,0.0,11/3/2024,Cash,8.4
3979,3979,Chicago,Chicago,Normal,Female,Fashion & Accs,Fashion & Accs,21.88,3.0,3.28,68.92,0.0,0.0,11/3/2024,Credit card,5.4
3980,3980,New York,New York,Normal,Female,Fashion & Accs,Fashion & Accs,5.9,8.0,2.36,49.56,0.0,0.0,11/4/2024,Ewallet,3.3
3981,3981,Los Angeles,Los Angeles,Normal,Female,Fashion & Accs,Fashion & Accs,10.66,10.0,5.33,111.93,0.0,0.0,11/4/2024,Ewallet,8.8
3982,3982,Los Angeles,Los Angeles,Normal,Female,Home & Lifestyle,Home & Lifestyle,63.26,1.0,3.16,66.42,0.0,0.0,11/4/2024,Cash,7.2
3983,3983,Los Angeles,Los Angeles,Normal,Female,Fashion & Accs,Fashion & Accs,13.64,10.0,6.82,143.22,0.0,0.0,11/4/2024,Credit card,4.0
3984,3984,Los Angeles,Los Angeles,Member,Male,Sports & Travel,Sports & Travel,52.39,9.0,23.58,495.09,0.0,0.0,11/4/2024,Cash,9.8
3985,3985,Chicago,Chicago,Normal,Male,Sports & Travel,Sports & Travel,53.93,6.0,16.18,339.76,0.0,0.0,11/4/2024,Cash,5.9
3986,3986,New York,New York,Normal,Female,Food & Beverages,Food & Beverages,13.8,10.0,6.9,144.9,0.0,0.0,11/4/2024,Cash,9.3
3987,3987,New York,New York,Normal,Female,Fashion & Accs,Fashion & Accs,12.29,5.0,3.07,64.52,0.0,0.0,11/4/2024,Cash,4.6
3988,3988,Chicago,Chicago,Member,Female,Sports & Travel,Sports & Travel,55.53,3.0,8.33,174.92,0.0,0.0,11/4/2024,Credit card,6.5
3989,3989,Chicago,Chicago,Member,Male,Electronics,Electronics,89.68,1.0,4.48,94.16,0.0,0.0,11/4/2024,Ewallet,8.0
3990,3990,Chicago,Chicago,Member,Female,Food & Beverages,Food & Beverages,8.74,8.0,3.5,73.42,0.0,0.0,11/4/2024,Ewallet,3.6
3991,3991,Chicago,Chicago,Normal,Male,Food & Beverages,Food & Beverages,8.32,3.0,1.25,26.21,0.0,0.0,11/4/2024,Credit card,4.4
3992,3992,New York,New York,Normal,Male,Home & Lifestyle,Home & Lifestyle,45.66,1.0,2.28,47.94,0.0,0.0,11/4/2024,Cash,6.8
3993,3993,Chicago,Chicago,Member,Male,Food & Beverages,Food & Beverages,10.83,5.0,2.71,56.86,0.0,0.0,11/4/2024,Ewallet,3.0
3994,3994,New York,New York,Normal,Female,Electronics,Electronics,86.24,9.0,38.81,814.97,0.0,0.0,11/4/2024,Credit card,5.4
3995,3995,Chicago,Chicago,Normal,Female,Food & Beverages,Food & Beverages,14.13,5.0,3.53,74.18,0.0,0.0,11/4/2024,Ewallet,8.8
3996,3996,New York,New York,Normal,Female,Fashion & Accs,Fashion & Accs,9.2,8.0,3.68,77.28,0.0,0.0,11/4/2024,Cash,3.6
3997,3997,Chicago,Chicago,Normal,Male,Food & Beverages,Food & Beverages,3.59,10.0,1.8,37.7,0.0,0.0,11/4/2024,Credit card,3.9
3998,3998,New York,New York,Member,Female,Food & Beverages,Food & Beverages,6.64,1.0,0.33,6.97,0.0,0.0,11/4/2024,Ewallet,8.6
3999,3999,New York,New York,Normal,Female,Health & Beauty,Health & Beauty,19.53,2.0,1.95,41.01,0.0,0.0,11/4/2024,Cash,7.8
4000,4000,Chicago,Chicago,Member,Female,Health & Beauty,Health & Beauty,32.75,4.0,6.55,137.55,0.0,0.0,11/5/2024,Credit card,6.5
4001,4001,Los Angeles,Los Angeles,Normal,Female,Food & Beverages,Food & Beverages,9.24,1.0,0.46,9.7,0.0,0.0,11/5/2024,Cash,5.2
4002,4002,New York,New York,Normal,Male,Food & Beverages,Food & Beverages,5.76,2.0,0.58,12.1,0.0,0.0,11/5/2024,Credit card,7.2
4003,4003,New York,New York,Normal,Female,Health & Beauty,Health & Beauty,26.96,9.0,12.13,254.77,0.0,0.0,11/5/2024,Cash,8.6
4004,4004,Chicago,Chicago,Normal,Female,Fashion & Accs,Fashion & Accs,5.1,7.0,1.78,37.48,0.0,0.0,11/5/2024,Credit card,6.5
4005,4005,Chicago,Chicago,Normal,Male,Sports & Travel,Sports & Travel,62.61,5.0,15.65,328.7,0.0,0.0,11/5/2024,Credit card,7.4
4006,4006,Chicago,Chicago,Normal,Male,Home & Lifestyle,Home & Lifestyle,65.87,6.0,19.76,414.98,0.0,0.0,11/5/2024,Credit card,8.8
4007,4007,New York,New York,Member,Female,Home & Lifestyle,Home & Lifestyle,64.6,3.0,9.69,203.49,0.0,0.0,11/5/2024,Cash,6.3
4008,4008,Los Angeles,Los Angeles,Member,Female,Health & Beauty,Health & Beauty,23.79,4.0,4.76,99.92,0.0,0.0,11/5/2024,Credit card,7.9
4009,4009,Chicago,Chicago,Member,Female,Health & Beauty,Health & Beauty,26.14,3.0,3.92,82.34,0.0,0.0,11/5/2024,Credit card,7.8
4010,4010,Los Angeles,Los Angeles,Normal,Female,Home & Lifestyle,Home & Lifestyle,59.52,6.0,17.86,374.98,0.0,0.0,11/5/2024,Cash,8.3
4011,4011,Los Angeles,Los Angeles,Normal,Male,Food & Beverages,Food & Beverages,2.6,6.0,0.78,16.38,0.0,0.0,11/5/2024,Ewallet,4.1
4012,4012,Chicago,Chicago,Member,Male,Sports & Travel,Sports & Travel,59.23,6.0,17.77,373.15,0.0,0.0,11/5/2024,Credit card,3.7
4013,4013,Los Angeles,Los Angeles,Member,Male,Food & Beverages,Food & Beverages,5.85,9.0,2.63,55.28,0.0,0.0,11/5/2024,Credit card,7.4
4014,4014,Chicago,Chicago,Normal,Male,Food & Beverages,Food & Beverages,2.16,10.0,1.08,22.68,0.0,0.0,11/5/2024,Credit card,3.8
4015,4015,New York,New York,Member,Female,Health & Beauty,Health & Beauty,35.73,7.0,12.51,262.62,0.0,0.0,11/5/2024,Credit card,6.7
4016,4016,Chicago,Chicago,Member,Male,Food & Beverages,Food & Beverages,6.33,4.0,1.27,26.59,0.0,0.0,11/5/2024,Ewallet,5.9
4017,4017,Chicago,Chicago,Normal,Male,Electronics,Electronics,83.14,10.0,41.57,872.97,0.0,0.0,11/5/2024,Ewallet,8.1
4018,4018,Los Angeles,Los Angeles,Normal,Male,Fashion & Accs,Fashion & Accs,8.0,6.0,2.4,50.4,0.0,0.0,11/5/2024,Cash,3.1
4019,4019,Chicago,Chicago,Normal,Female,Health & Beauty,Health & Beauty,26.45,4.0,5.29,111.09,0.0,0.0,11/5/2024,Credit card,8.8
4020,4020,New York,New York,Normal,Female,Food & Beverages,Food & Beverages,6.87,1.0,0.34,7.21,0.0,0.0,11/5/2024,Cash,8.3
4021,4021,New York,New York,Member,Female,Health & Beauty,Health & Beauty,16.47,10.0,8.24,172.94,0.0,0.0,11/5/2024,Cash,4.6
4022,4022,New York,New York,Normal,Male,Food & Beverages,Food & Beverages,14.18,4.0,2.84,59.56,0.0,0.0,11/5/2024,Cash,8.9
4023,4023,New York,New York,Normal,Male,Health & Beauty,Health & Beauty,38.75,7.0,13.56,284.81,0.0,0.0,11/6/2024,Credit card,6.0
4024,4024,Los Angeles,Los Angeles,Member,Male,Food & Beverages,Food & Beverages,2.21,10.0,1.11,23.21,0.0,0.0,11/6/2024,Ewallet,4.3
4025,4025,New York,New York,Member,Male,Food & Beverages,Food & Beverages,9.17,6.0,2.75,57.77,0.0,0.0,11/6/2024,Ewallet,9.3
4026,4026,Chicago,Chicago,Member,Female,Food & Beverages,Food & Beverages,13.66,9.0,6.15,129.09,0.0,0.0,11/6/2024,Cash,4.0
4027,4027,Los Angeles,Los Angeles,Member,Male,Fashion & Accs,Fashion & Accs,24.72,3.0,3.71,77.87,0.0,0.0,11/6/2024,Credit card,6.8
4028,4028,Los Angeles,Los Angeles,Normal,Female,Health & Beauty,Health & Beauty,16.68,6.0,5.0,105.08,0.0,0.0,11/6/2024,Cash,9.4
4029,4029,Los Angeles,Los Angeles,Normal,Female,Food & Beverages,Food & Beverages,3.99,2.0,0.4,8.38,0.0,0.0,11/6/2024,Ewallet,4.9
4030,4030,Chicago,Chicago,Member,Female,Electronics,Electronics,80.64,6.0,24.19,508.03,0.0,0.0,11/6/2024,Cash,7.6
4031,4031,Los Angeles,Los Angeles,Normal,Male,Food & Beverages,Food & Beverages,7.45,1.0,0.37,7.82,0.0,0.0,11/6/2024,Ewallet,5.0
4032,4032,New York,New York,Member,Male,Sports & Travel,Sports & Travel,57.73,8.0,23.09,484.93,0.0,0.0,11/6/2024,Credit card,9.4
4033,4033,Los Angeles,Los Angeles,Normal,Female,Fashion & Accs,Fashion & Accs,13.43,5.0,3.36,70.51,0.0,0.0,11/6/2024,Cash,7.7
4034,4034,Los Angeles,Los Angeles,Member,Female,Sports & Travel,Sports & Travel,53.82,2.0,5.38,113.02,0.0,0.0,11/6/2024,Credit card,8.0
4035,4035,New York,New York,Normal,Female,Home & Lifestyle,Home & Lifestyle,59.37,5.0,14.84,311.69,0.0,0.0,11/6/2024,Credit card,9.2
4036,4036,New York,New York,Normal,Male,Fashion & Accs,Fashion & Accs,14.29,1.0,0.71,15.0,0.0,0.0,11/6/2024,Cash,3.7
4037,4037,Los Angeles,Los Angeles,Member,Female,Home & Lifestyle,Home & Lifestyle,53.9,3.0,8.08,169.78,0.0,0.0,11/6/2024,Ewallet,6.2
4038,4038,Chicago,Chicago,Normal,Female,Home & Lifestyle,Home & Lifestyle,54.97,6.0,16.49,346.31,0.0,0.0,11/6/2024,Ewallet,3.1
4039,4039,Chicago,Chicago,Member,Male,Home & Lifestyle,Home & Lifestyle,50.83,4.0,10.17,213.49,0.0,0.0,11/6/2024,Credit card,4.9
4040,4040,Chicago,Chicago,Member,Male,Fashion & Accs,Fashion & Accs,17.72,7.0,6.2,130.24,0.0,0.0,11/6/2024,Cash,8.3
4041,4041,Chicago,Chicago,Normal,Male,Food & Beverages,Food & Beverages,4.7,9.0,2.12,44.42,0.0,0.0,11/6/2024,Credit card,4.7
4042,4042,Los Angeles,Los Angeles,Normal,Male,Health & Beauty,Health & Beauty,38.81,5.0,9.7,203.75,0.0,0.0,11/7/2024,Ewallet,5.1
4043,4043,New York,New York,Normal,Female,Fashion & Accs,Fashion & Accs,7.88,3.0,1.18,24.82,0.0,0.0,11/7/2024,Ewallet,3.2
4044,4044,Chicago,Chicago,Member,Female,Food & Beverages,Food & Beverages,7.92,1.0,0.4,8.32,0.0,0.0,11/7/2024,Ewallet,6.7
4045,4045,New York,New York,Member,Female,Electronics,Electronics,92.68,8.0,37.07,778.51,0.0,0.0,11/7/2024,Cash,4.8
4046,4046,Los Angeles,Los Angeles,Member,Male,Health & Beauty,Health & Beauty,29.59,2.0,2.96,62.14,0.0,0.0,11/7/2024,Credit card,4.2
4047,4047,New York,New York,Normal,Female,Food & Beverages,Food & Beverages,11.35,8.0,4.54,95.34,0.0,0.0,11/7/2024,Ewallet,8.9
4048,4048,Chicago,Chicago,Normal,Male,Home & Lifestyle,Home & Lifestyle,68.34,7.0,23.92,502.3,0.0,0.0,11/7/2024,Cash,4.1
4049,4049,Chicago,Chicago,Member,Female,Food & Beverages,Food & Beverages,11.18,7.0,3.91,82.17,0.0,0.0,11/7/2024,Ewallet,4.7
4050,4050,Los Angeles,Los Angeles,Member,Female,Fashion & Accs,Fashion & Accs,10.51,2.0,1.05,22.07,0.0,0.0,11/7/2024,Credit card,7.5
4051,4051,New York,New York,Normal,Female,Electronics,Electronics,90.33,3.0,13.55,284.54,0.0,0.0,11/7/2024,Cash,3.2
4052,4052,Los Angeles,Los Angeles,Member,Male,Health & Beauty,Health & Beauty,33.45,1.0,1.67,35.12,0.0,0.0,11/7/2024,Credit card,9.5
4053,4053,New York,New York,Normal,Female,Food & Beverages,Food & Beverages,2.12,10.0,1.06,22.26,0.0,0.0,11/7/2024,Credit card,9.1
4054,4054,New York,New York,Normal,Male,Fashion & Accs,Fashion & Accs,20.86,8.0,8.34,175.22,0.0,0.0,11/7/2024,Cash,3.8
4055,4055,Chicago,Chicago,Normal,Male,Health & Beauty,Health & Beauty,24.16,6.0,7.25,152.21,0.0,0.0,11/7/2024,Credit card,7.9
4056,4056,Los Angeles,Los Angeles,Member,Female,Sports & Travel,Sports & Travel,59.02,8.0,23.61,495.77,0.0,0.0,11/7/2024,Cash,9.5
4057,4057,Chicago,Chicago,Member,Male,Food & Beverages,Food & Beverages,4.13,5.0,1.03,21.68,0.0,0.0,11/7/2024,Cash,6.4
4058,4058,Chicago,Chicago,Normal,Male,Sports & Travel,Sports & Travel,72.81,5.0,18.2,382.25,0.0,0.0,11/8/2024,Cash,9.4
4059,4059,New York,New York,Member,Female,Health & Beauty,Health & Beauty,21.29,2.0,2.13,44.71,0.0,0.0,11/8/2024,Ewallet,6.4
4060,4060,New York,New York,Member,Male,Food & Beverages,Food & Beverages,7.1,2.0,0.71,14.91,0.0,0.0,11/8/2024,Cash,6.8
4061,4061,Chicago,Chicago,Normal,Male,Electronics,Electronics,93.36,1.0,4.67,98.03,0.0,0.0,11/8/2024,Credit card,6.4
4062,4062,Chicago,Chicago,Member,Female,Fashion & Accs,Fashion & Accs,6.49,3.0,0.97,20.44,0.0,0.0,11/8/2024,Credit card,8.7
4063,4063,Chicago,Chicago,Member,Male,Electronics,Electronics,92.18,7.0,32.26,677.52,0.0,0.0,11/8/2024,Cash,3.8
4064,4064,New York,New York,Normal,Male,Food & Beverages,Food & Beverages,6.25,2.0,0.62,13.12,0.0,0.0,11/8/2024,Ewallet,3.5
4065,4065,Los Angeles,Los Angeles,Normal,Male,Food & Beverages,Food & Beverages,7.14,5.0,1.78,37.48,0.0,0.0,11/8/2024,Ewallet,6.0
4066,4066,Chicago,Chicago,Member,Female,Sports & Travel,Sports & Travel,74.83,3.0,11.22,235.71,0.0,0.0,11/8/2024,Cash,5.0
4067,4067,Los Angeles,Los Angeles,Member,Female,Food & Beverages,Food & Beverages,12.62,6.0,3.79,79.51,0.0,0.0,11/8/2024,Ewallet,8.7
4068,4068,New York,New York,Member,Female,Home & Lifestyle,Home & Lifestyle,68.58,2.0,6.86,144.02,0.0,0.0,11/8/2024,Ewallet,7.6
4069,4069,Los Angeles,Los Angeles,Member,Female,Food & Beverages,Food & Beverages,11.7,8.0,4.68,98.28,0.0,0.0,11/8/2024,Ewallet,8.4
4070,4070,New York,New York,Normal,Female,Electronics,Electronics,86.56,7.0,30.3,636.22,0.0,0.0,11/8/2024,Credit card,3.5
4071,4071,Chicago,Chicago,Normal,Female,Food & Beverages,Food & Beverages,7.31,8.0,2.92,61.4,0.0,0.0,11/8/2024,Credit card,7.5
4072,4072,Los Angeles,Los Angeles,Normal,Female,Food & Beverages,Food & Beverages,7.89,6.0,2.37,49.71,0.0,0.0,11/8/2024,Ewallet,4.5
4073,4073,New York,New York,Member,Female,Fashion & Accs,Fashion & Accs,21.72,8.0,8.69,182.45,0.0,0.0,11/8/2024,Cash,5.4
4074,4074,Chicago,Chicago,Normal,Female,Food & Beverages,Food & Beverages,10.22,10.0,5.11,107.31,0.0,0.0,11/8/2024,Ewallet,7.0
4075,4075,New York,New York,Normal,Female,Food & Beverages,Food & Beverages,8.25,7.0,2.89,60.64,0.0,0.0,11/8/2024,Credit card,6.4
4076,4076,Chicago,Chicago,Normal,Male,Electronics,Electronics,82.85,1.0,4.14,86.99,0.0,0.0,11/8/2024,Credit card,8.4
4077,4077,Chicago,Chicago,Member,Male,Food & Beverages,Food & Beverages,14.98,7.0,5.24,110.1,0.0,0.0,11/8/2024,Credit card,6.2
4078,4078,Chicago,Chicago,Normal,Female,Fashion & Accs,Fashion & Accs,24.29,7.0,8.5,178.53,0.0,0.0,11/8/2024,Credit card,5.0
4079,4079,Chicago,Chicago,Normal,Male,Health & Beauty,Health & Beauty,36.9,5.0,9.22,193.72,0.0,0.0,11/8/2024,Cash,6.2
4080,4080,Los Angeles,Los Angeles,Normal,Female,Home & Lifestyle,Home & Lifestyle,44.31,8.0,17.72,372.2,0.0,0.0,11/8/2024,Credit card,8.2
4081,4081,Los Angeles,Los Angeles,Normal,Female,Fashion & Accs,Fashion & Accs,18.94,10.0,9.47,198.87,0.0,0.0,11/9/2024,Cash,8.3
4082,4082,Chicago,Chicago,Normal,Female,Health & Beauty,Health & Beauty,18.31,2.0,1.83,38.45,0.0,0.0,11/9/2024,Cash,4.5
4083,4083,Los Angeles,Los Angeles,Member,Male,Home & Lifestyle,Home & Lifestyle,51.86,9.0,23.34,490.08,0.0,0.0,11/9/2024,Cash,5.2
4084,4084,Chicago,Chicago,Normal,Female,Food & Beverages,Food & Beverages,6.39,8.0,2.56,53.68,0.0,0.0,11/9/2024,Ewallet,6.2
4085,4085,Chicago,Chicago,Normal,Female,Food & Beverages,Food & Beverages,6.58,6.0,1.97,41.45,0.0,0.0,11/9/2024,Cash,3.1
4086,4086,Chicago,Chicago,Normal,Female,Home & Lifestyle,Home & Lifestyle,57.41,4.0,11.48,241.12,0.0,0.0,11/9/2024,Credit card,7.7
4087,4087,Los Angeles,Los Angeles,Normal,Female,Health & Beauty,Health & Beauty,24.57,3.0,3.69,77.4,0.0,0.0,11/9/2024,Cash,9.8
4088,4088,Chicago,Chicago,Normal,Male,Food & Beverages,Food & Beverages,12.89,8.0,5.16,108.28,0.0,0.0,11/9/2024,Cash,8.9
4089,4089,Chicago,Chicago,Member,Male,Fashion & Accs,Fashion & Accs,14.57,8.0,5.83,122.39,0.0,0.0,11/9/2024,Ewallet,4.6
4090,4090,Los Angeles,Los Angeles,Normal,Male,Food & Beverages,Food & Beverages,12.14,8.0,4.86,101.98,0.0,0.0,11/9/2024,Credit card,9.4
4091,4091,Chicago,Chicago,Normal,Male,Electronics,Electronics,80.91,10.0,40.46,849.56,0.0,0.0,11/9/2024,Credit card,6.9
4092,4092,Los Angeles,Los Angeles,Member,Female,Food & Beverages,Food & Beverages,11.26,6.0,3.38,70.94,0.0,0.0,11/9/2024,Cash,8.9
4093,4093,Los Angeles,Los Angeles,Normal,Male,Food & Beverages,Food & Beverages,4.26,9.0,1.92,40.26,0.0,0.0,11/9/2024,Ewallet,6.0
4094,4094,New York,New York,Normal,Female,Home & Lifestyle,Home & Lifestyle,46.82,4.0,9.36,196.64,0.0,0.0,11/9/2024,Cash,8.4
4095,4095,Los Angeles,Los Angeles,Normal,Female,Food & Beverages,Food & Beverages,13.85,6.0,4.16,87.26,0.0,0.0,11/9/2024,Credit card,5.2
4096,4096,New York,New York,Member,Female,Home & Lifestyle,Home & Lifestyle,49.03,9.0,22.06,463.33,0.0,0.0,11/9/2024,Cash,5.5
4097,4097,Los Angeles,Los Angeles,Member,Female,Sports & Travel,Sports & Travel,61.62,1.0,3.08,64.7,0.0,0.0,11/9/2024,Ewallet,4.6
4098,4098,Chicago,Chicago,Normal,Male,Food & Beverages,Food & Beverages,3.81,5.0,0.95,20.0,0.0,0.0,11/9/2024,Credit card,9.4
4099,4099,Los Angeles,Los Angeles,Normal,Female,Food & Beverages,Food & Beverages,8.69,6.0,2.61,54.75,0.0,0.0,11/9/2024,Cash,7.2
4100,4100,New York,New York,Member,Female,Sports & Travel,Sports & Travel,58.51,7.0,20.48,430.05,0.0,0.0,11/9/2024,Ewallet,5.0
4101,4101,Chicago,Chicago,Normal,Male,Food & Beverages,Food & Beverages,2.56,9.0,1.15,24.19,0.0,0.0,11/9/2024,Cash,8.0
4102,4102,New York,New York,Member,Female,Food & Beverages,Food & Beverages,2.4,7.0,0.84,17.64,0.0,0.0,11/9/2024,Credit card,5.1
4103,4103,New York,New York,Normal,Female,Electronics,Electronics,80.79,1.0,4.04,84.83,0.0,0.0,11/10/2024,Credit card,3.3
4104,4104,New York,New York,Normal,Female,Food & Beverages,Food & Beverages,2.42,8.0,0.97,20.33,0.0,0.0,11/10/2024,Cash,7.6
4105,4105,New York,New York,Normal,Female,Food & Beverages,Food & Beverages,7.83,6.0,2.35,49.33,0.0,0.0,11/10/2024,Ewallet,3.9
4106,4106,Chicago,Chicago,Member,Male,Sports & Travel,Sports & Travel,51.78,8.0,20.71,434.95,0.0,0.0,11/10/2024,Credit card,3.3
4107,4107,Chicago,Chicago,Member,Male,Health & Beauty,Health & Beauty,27.19,2.0,2.72,57.1,0.0,0.0,11/10/2024,Credit card,8.4
4108,4108,Los Angeles,Los Angeles,Member,Female,Food & Beverages,Food & Beverages,8.29,6.0,2.49,52.23,0.0,0.0,11/10/2024,Ewallet,3.2
4109,4109,New York,New York,Normal,Male,Health & Beauty,Health & Beauty,17.85,1.0,0.89,18.74,0.0,0.0,11/10/2024,Cash,5.4
4110,4110,New York,New York,Member,Female,Food & Beverages,Food & Beverages,10.98,7.0,3.84,80.7,0.0,0.0,11/10/2024,Credit card,9.4
4111,4111,Los Angeles,Los Angeles,Member,Female,Home & Lifestyle,Home & Lifestyle,66.12,9.0,29.75,624.83,0.0,0.0,11/10/2024,Ewallet,4.2
4112,4112,Los Angeles,Los Angeles,Normal,Male,Food & Beverages,Food & Beverages,12.12,4.0,2.42,50.9,0.0,0.0,11/10/2024,Ewallet,8.4
4113,4113,Los Angeles,Los Angeles,Normal,Male,Home & Lifestyle,Home & Lifestyle,62.21,3.0,9.33,195.96,0.0,0.0,11/10/2024,Cash,3.5
4114,4114,New York,New York,Normal,Female,Health & Beauty,Health & Beauty,29.19,3.0,4.38,91.95,0.0,0.0,11/10/2024,Credit card,8.3
4115,4115,New York,New York,Member,Female,Home & Lifestyle,Home & Lifestyle,54.08,8.0,21.63,454.27,0.0,0.0,11/10/2024,Ewallet,8.6
4116,4116,New York,New York,Member,Female,Home & Lifestyle,Home & Lifestyle,67.54,8.0,27.02,567.34,0.0,0.0,11/10/2024,Ewallet,8.9
4117,4117,Chicago,Chicago,Member,Female,Food & Beverages,Food & Beverages,6.83,2.0,0.68,14.34,0.0,0.0,11/10/2024,Cash,9.8
4118,4118,Los Angeles,Los Angeles,Member,Male,Home & Lifestyle,Home & Lifestyle,55.07,6.0,16.52,346.94,0.0,0.0,11/10/2024,Credit card,7.6
4119,4119,New York,New York,Normal,Male,Food & Beverages,Food & Beverages,12.72,4.0,2.54,53.42,0.0,0.0,11/10/2024,Ewallet,4.4
4120,4120,Chicago,Chicago,Normal,Male,Food & Beverages,Food & Beverages,2.1,10.0,1.05,22.05,0.0,0.0,11/10/2024,Ewallet,3.6
4121,4121,Los Angeles,Los Angeles,Normal,Female,Electronics,Electronics,96.1,6.0,28.83,605.43,0.0,0.0,11/10/2024,Credit card,7.9
4122,4122,Los Angeles,Los Angeles,Member,Male,Food & Beverages,Food & Beverages,2.33,2.0,0.23,4.89,0.0,0.0,11/10/2024,Cash,4.5
4123,4123,Los Angeles,Los Angeles,Normal,Male,Food & Beverages,Food & Beverages,6.61,6.0,1.98,41.64,0.0,0.0,11/10/2024,Credit card,6.9
4124,4124,New York,New York,Member,Female,Health & Beauty,Health & Beauty,15.31,7.0,5.36,112.53,0.0,0.0,11/10/2024,Ewallet,8.4
4125,4125,Chicago,Chicago,Normal,Female,Sports & Travel,Sports & Travel,54.99,2.0,5.5,115.48,0.0,0.0,11/11/2024,Ewallet,5.4
4126,4126,New York,New York,Member,Male,Home & Lifestyle,Home & Lifestyle,68.33,7.0,23.92,502.23,0.0,0.0,11/11/2024,Cash,7.1
4127,4127,Chicago,Chicago,Normal,Female,Food & Beverages,Food & Beverages,10.94,4.0,2.19,45.95,0.0,0.0,11/11/2024,Cash,9.7
4128,4128,New York,New York,Member,Female,Health & Beauty,Health & Beauty,16.22,10.0,8.11,170.31,0.0,0.0,11/11/2024,Ewallet,4.2
4129,4129,New York,New York,Normal,Female,Fashion & Accs,Fashion & Accs,6.3,5.0,1.58,33.08,0.0,0.0,11/11/2024,Credit card,8.4
4130,4130,Chicago,Chicago,Member,Female,Sports & Travel,Sports & Travel,69.02,9.0,31.06,652.24,0.0,0.0,11/11/2024,Credit card,8.8
4131,4131,Los Angeles,Los Angeles,Member,Female,Electronics,Electronics,93.85,3.0,14.08,295.63,0.0,0.0,11/11/2024,Credit card,5.7
4132,4132,Chicago,Chicago,Normal,Female,Home & Lifestyle,Home & Lifestyle,67.65,9.0,30.44,639.29,0.0,0.0,11/11/2024,Cash,9.4
4133,4133,Los Angeles,Los Angeles,Member,Female,Health & Beauty,Health & Beauty,39.71,3.0,5.96,125.09,0.0,0.0,11/11/2024,Cash,6.9
4134,4134,Chicago,Chicago,Normal,Male,Home & Lifestyle,Home & Lifestyle,61.14,2.0,6.11,128.39,0.0,0.0,11/11/2024,Credit card,7.3
4135,4135,Chicago,Chicago,Normal,Female,Sports & Travel,Sports & Travel,52.9,9.0,23.8,499.9,0.0,0.0,11/11/2024,Credit card,5.9
4136,4136,Chicago,Chicago,Normal,Female,Food & Beverages,Food & Beverages,2.26,8.0,0.9,18.98,0.0,0.0,11/11/2024,Ewallet,5.0
4137,4137,Los Angeles,Los Angeles,Normal,Male,Fashion & Accs,Fashion & Accs,15.86,6.0,4.76,99.92,0.0,0.0,11/11/2024,Ewallet,5.6
4138,4138,Los Angeles,Los Angeles,Member,Male,Food & Beverages,Food & Beverages,7.76,8.0,3.1,65.18,0.0,0.0,11/11/2024,Ewallet,7.8
4139,4139,Chicago,Chicago,Member,Female,Food & Beverages,Food & Beverages,3.34,1.0,0.17,3.51,0.0,0.0,11/11/2024,Ewallet,9.6
4140,4140,New York,New York,Normal,Male,Food & Beverages,Food & Beverages,6.76,8.0,2.7,56.78,0.0,0.0,11/11/2024,Credit card,5.3
4141,4141,Los Angeles,Los Angeles,Member,Female,Fashion & Accs,Fashion & Accs,23.3,5.0,5.82,122.32,0.0,0.0,11/11/2024,Cash,7.9
4142,4142,New York,New York,Normal,Female,Home & Lifestyle,Home & Lifestyle,52.99,4.0,10.6,222.56,0.0,0.0,11/11/2024,Ewallet,8.7
4143,4143,Los Angeles,Los Angeles,Normal,Male,Electronics,Electronics,97.51,6.0,29.25,614.31,0.0,0.0,11/11/2024,Cash,9.0
4144,4144,Chicago,Chicago,Normal,Male,Food & Beverages,Food & Beverages,12.1,10.0,6.05,127.05,0.0,0.0,11/11/2024,Ewallet,6.7
4145,4145,Los Angeles,Los Angeles,Member,Male,Fashion & Accs,Fashion & Accs,14.74,1.0,0.74,15.48,0.0,0.0,11/11/2024,Cash,9.1
4146,4146,Los Angeles,Los Angeles,Normal,Male,Food & Beverages,Food & Beverages,6.21,3.0,0.93,19.56,0.0,0.0,11/11/2024,Credit card,8.3
4147,4147,Chicago,Chicago,Member,Male,Fashion & Accs,Fashion & Accs,5.94,1.0,0.3,6.24,0.0,0.0,11/11/2024,Ewallet,7.7
4148,4148,New York,New York,Member,Male,Food & Beverages,Food & Beverages,4.48,9.0,2.02,42.34,0.0,0.0,11/12/2024,Cash,5.3
4149,4149,Chicago,Chicago,Normal,Male,Food & Beverages,Food & Beverages,11.67,1.0,0.58,12.25,0.0,0.0,11/12/2024,Ewallet,8.9
4150,4150,Los Angeles,Los Angeles,Normal,Female,Sports & Travel,Sports & Travel,67.8,10.0,33.9,711.9,0.0,0.0,11/12/2024,Cash,8.8
4151,4151,Chicago,Chicago,Normal,Female,Health & Beauty,Health & Beauty,18.8,2.0,1.88,39.48,0.0,0.0,11/12/2024,Cash,3.6
4152,4152,Chicago,Chicago,Normal,Female,Sports & Travel,Sports & Travel,51.89,1.0,2.59,54.48,0.0,0.0,11/12/2024,Ewallet,9.0
4153,4153,Chicago,Chicago,Member,Female,Fashion & Accs,Fashion & Accs,13.55,9.0,6.1,128.05,0.0,0.0,11/12/2024,Ewallet,3.3
4154,4154,New York,New York,Normal,Male,Sports & Travel,Sports & Travel,67.28,7.0,23.55,494.51,0.0,0.0,11/12/2024,Cash,5.9
4155,4155,Los Angeles,Los Angeles,Member,Female,Food & Beverages,Food & Beverages,9.41,6.0,2.82,59.28,0.0,0.0,11/12/2024,Cash,7.2
4156,4156,New York,New York,Normal,Female,Home & Lifestyle,Home & Lifestyle,40.58,10.0,20.29,426.09,0.0,0.0,11/12/2024,Credit card,7.2
4157,4157,Los Angeles,Los Angeles,Normal,Male,Food & Beverages,Food & Beverages,2.41,10.0,1.2,25.3,0.0,0.0,11/12/2024,Cash,6.5
4158,4158,Chicago,Chicago,Normal,Female,Food & Beverages,Food & Beverages,13.35,3.0,2.0,42.05,0.0,0.0,11/12/2024,Credit card,6.7
4159,4159,Los Angeles,Los Angeles,Normal,Male,Food & Beverages,Food & Beverages,6.65,7.0,2.33,48.88,0.0,0.0,11/12/2024,Ewallet,8.4
4160,4160,Los Angeles,Los Angeles,Normal,Female,Health & Beauty,Health & Beauty,30.78,3.0,4.62,96.96,0.0,0.0,11/12/2024,Ewallet,9.6
4161,4161,Chicago,Chicago,Member,Female,Food & Beverages,Food & Beverages,14.43,9.0,6.49,136.36,0.0,0.0,11/12/2024,Cash,3.7
4162,4162,Chicago,Chicago,Normal,Female,Fashion & Accs,Fashion & Accs,20.07,2.0,2.01,42.15,0.0,0.0,11/12/2024,Credit card,4.1
4163,4163,Chicago,Chicago,Normal,Female,Food & Beverages,Food & Beverages,2.05,6.0,0.62,12.92,0.0,0.0,11/12/2024,Ewallet,8.1
4164,4164,Chicago,Chicago,Member,Male,Health & Beauty,Health & Beauty,17.77,2.0,1.78,37.32,0.0,0.0,11/13/2024,Ewallet,9.3
4165,4165,Los Angeles,Los Angeles,Member,Male,Fashion & Accs,Fashion & Accs,13.56,9.0,6.1,128.14,0.0,0.0,11/13/2024,Ewallet,3.6
4166,4166,Los Angeles,Los Angeles,Normal,Male,Home & Lifestyle,Home & Lifestyle,48.83,9.0,21.97,461.44,0.0,0.0,11/13/2024,Ewallet,6.7
4167,4167,Chicago,Chicago,Member,Female,Home & Lifestyle,Home & Lifestyle,61.09,10.0,30.55,641.45,0.0,0.0,11/13/2024,Cash,3.5
4168,4168,Los Angeles,Los Angeles,Member,Female,Fashion & Accs,Fashion & Accs,16.95,5.0,4.24,88.99,0.0,0.0,11/13/2024,Credit card,9.4
4169,4169,Los Angeles,Los Angeles,Normal,Male,Food & Beverages,Food & Beverages,11.38,6.0,3.41,71.69,0.0,0.0,11/13/2024,Ewallet,9.6
4170,4170,New York,New York,Member,Male,Health & Beauty,Health & Beauty,25.64,8.0,10.26,215.38,0.0,0.0,11/13/2024,Cash,6.4
4171,4171,New York,New York,Member,Female,Home & Lifestyle,Home & Lifestyle,52.83,8.0,21.13,443.77,0.0,0.0,11/13/2024,Cash,6.6
4172,4172,New York,New York,Normal,Female,Health & Beauty,Health & Beauty,20.52,1.0,1.03,21.55,0.0,0.0,11/13/2024,Cash,9.3
4173,4173,New York,New York,Normal,Female,Fashion & Accs,Fashion & Accs,6.95,7.0,2.43,51.08,0.0,0.0,11/14/2024,Credit card,8.7
4174,4174,Los Angeles,Los Angeles,Normal,Male,Health & Beauty,Health & Beauty,21.75,9.0,9.79,205.54,0.0,0.0,11/14/2024,Cash,6.6
4175,4175,New York,New York,Normal,Male,Health & Beauty,Health & Beauty,29.92,2.0,2.99,62.83,0.0,0.0,11/14/2024,Cash,3.6
4176,4176,Chicago,Chicago,Normal,Male,Health & Beauty,Health & Beauty,27.18,5.0,6.8,142.7,0.0,0.0,11/14/2024,Credit card,6.2
4177,4177,New York,New York,Normal,Female,Health & Beauty,Health & Beauty,30.75,8.0,12.3,258.3,0.0,0.0,11/14/2024,Cash,4.1
4178,4178,Chicago,Chicago,Normal,Female,Health & Beauty,Health & Beauty,38.08,1.0,1.9,39.98,0.0,0.0,11/14/2024,Ewallet,8.4
4179,4179,New York,New York,Member,Male,Home & Lifestyle,Home & Lifestyle,49.26,2.0,4.93,103.45,0.0,0.0,11/14/2024,Cash,3.7
4180,4180,New York,New York,Member,Female,Food & Beverages,Food & Beverages,12.05,2.0,1.2,25.3,0.0,0.0,11/14/2024,Ewallet,9.6
4181,4181,Los Angeles,Los Angeles,Normal,Female,Food & Beverages,Food & Beverages,13.26,8.0,5.3,111.38,0.0,0.0,11/14/2024,Ewallet,5.9
4182,4182,Chicago,Chicago,Normal,Female,Electronics,Electronics,85.21,4.0,17.04,357.88,0.0,0.0,11/14/2024,Cash,4.3
4183,4183,Chicago,Chicago,Normal,Female,Health & Beauty,Health & Beauty,38.74,8.0,15.5,325.42,0.0,0.0,11/14/2024,Credit card,5.9
4184,4184,Chicago,Chicago,Member,Female,Home & Lifestyle,Home & Lifestyle,53.0,3.0,7.95,166.95,0.0,0.0,11/14/2024,Ewallet,4.8
4185,4185,Chicago,Chicago,Member,Female,Food & Beverages,Food & Beverages,12.82,9.0,5.77,121.15,0.0,0.0,11/14/2024,Credit card,3.4
4186,4186,New York,New York,Member,Female,Sports & Travel,Sports & Travel,72.6,9.0,32.67,686.07,0.0,0.0,11/14/2024,Ewallet,5.4
4187,4187,Chicago,Chicago,Member,Female,Health & Beauty,Health & Beauty,34.87,9.0,15.69,329.52,0.0,0.0,11/14/2024,Cash,4.1
4188,4188,New York,New York,Normal,Male,Health & Beauty,Health & Beauty,25.27,2.0,2.53,53.07,0.0,0.0,11/14/2024,Cash,6.3
4189,4189,New York,New York,Normal,Male,Health & Beauty,Health & Beauty,19.81,6.0,5.94,124.8,0.0,0.0,11/14/2024,Ewallet,6.1
4190,4190,New York,New York,Member,Female,Home & Lifestyle,Home & Lifestyle,48.11,1.0,2.41,50.52,0.0,0.0,11/14/2024,Credit card,3.1
4191,4191,New York,New York,Member,Female,Sports & Travel,Sports & Travel,52.45,4.0,10.49,220.29,0.0,0.0,11/14/2024,Credit card,8.9
4192,4192,Los Angeles,Los Angeles,Normal,Male,Food & Beverages,Food & Beverages,8.78,10.0,4.39,92.19,0.0,0.0,11/14/2024,Credit card,7.8
4193,4193,New York,New York,Normal,Male,Food & Beverages,Food & Beverages,7.53,4.0,1.51,31.63,0.0,0.0,11/14/2024,Ewallet,4.4
4194,4194,Los Angeles,Los Angeles,Normal,Male,Health & Beauty,Health & Beauty,28.82,7.0,10.09,211.83,0.0,0.0,11/14/2024,Cash,5.2
4195,4195,Chicago,Chicago,Normal,Female,Fashion & Accs,Fashion & Accs,16.74,2.0,1.67,35.15,0.0,0.0,11/14/2024,Ewallet,6.5
4196,4196,Chicago,Chicago,Member,Female,Food & Beverages,Food & Beverages,4.29,4.0,0.86,18.02,0.0,0.0,11/14/2024,Cash,3.8
4197,4197,New York,New York,Normal,Female,Home & Lifestyle,Home & Lifestyle,48.15,9.0,21.67,455.02,0.0,0.0,11/14/2024,Cash,8.8
4198,4198,Los Angeles,Los Angeles,Normal,Male,Electronics,Electronics,93.73,3.0,14.06,295.25,0.0,0.0,11/15/2024,Credit card,8.5
4199,4199,New York,New York,Member,Female,Sports & Travel,Sports & Travel,57.18,2.0,5.72,120.08,0.0,0.0,11/15/2024,Ewallet,3.3
4200,4200,Los Angeles,Los Angeles,Member,Female,Home & Lifestyle,Home & Lifestyle,66.27,8.0,26.51,556.67,0.0,0.0,11/15/2024,Cash,4.9
4201,4201,New York,New York,Normal,Male,Home & Lifestyle,Home & Lifestyle,52.86,6.0,15.86,333.02,0.0,0.0,11/15/2024,Credit card,4.9
4202,4202,Los Angeles,Los Angeles,Normal,Male,Health & Beauty,Health & Beauty,37.37,7.0,13.08,274.67,0.0,0.0,11/15/2024,Credit card,8.0
4203,4203,New York,New York,Normal,Male,Home & Lifestyle,Home & Lifestyle,63.28,2.0,6.33,132.89,0.0,0.0,11/15/2024,Ewallet,5.0
4204,4204,Los Angeles,Los Angeles,Normal,Female,Sports & Travel,Sports & Travel,55.4,10.0,27.7,581.7,0.0,0.0,11/15/2024,Ewallet,9.7
4205,4205,Chicago,Chicago,Member,Male,Electronics,Electronics,95.85,4.0,19.17,402.57,0.0,0.0,11/15/2024,Credit card,5.4
4206,4206,New York,New York,Normal,Female,Health & Beauty,Health & Beauty,16.23,9.0,7.3,153.37,0.0,0.0,11/15/2024,Credit card,7.3
4207,4207,Chicago,Chicago,Normal,Female,Food & Beverages,Food & Beverages,7.67,3.0,1.15,24.16,0.0,0.0,11/15/2024,Cash,9.2
4208,4208,New York,New York,Normal,Male,Health & Beauty,Health & Beauty,23.4,9.0,10.53,221.13,0.0,0.0,11/15/2024,Credit card,6.8
4209,4209,Los Angeles,Los Angeles,Normal,Female,Food & Beverages,Food & Beverages,12.61,2.0,1.26,26.48,0.0,0.0,11/15/2024,Cash,5.6
4210,4210,Chicago,Chicago,Normal,Male,Home & Lifestyle,Home & Lifestyle,40.74,9.0,18.33,384.99,0.0,0.0,11/15/2024,Ewallet,8.5
4211,4211,Los Angeles,Los Angeles,Normal,Male,Fashion & Accs,Fashion & Accs,22.85,3.0,3.43,71.98,0.0,0.0,11/15/2024,Cash,5.9
4212,4212,New York,New York,Normal,Male,Sports & Travel,Sports & Travel,70.2,4.0,14.04,294.84,0.0,0.0,11/15/2024,Ewallet,5.3
4213,4213,New York,New York,Member,Male,Sports & Travel,Sports & Travel,79.64,10.0,39.82,836.22,0.0,0.0,11/15/2024,Ewallet,7.7
4214,4214,Los Angeles,Los Angeles,Member,Female,Fashion & Accs,Fashion & Accs,19.76,8.0,7.9,165.98,0.0,0.0,11/15/2024,Ewallet,3.8
4215,4215,Chicago,Chicago,Member,Female,Food & Beverages,Food & Beverages,14.36,8.0,5.74,120.62,0.0,0.0,11/16/2024,Ewallet,5.7
4216,4216,New York,New York,Member,Male,Food & Beverages,Food & Beverages,7.33,5.0,1.83,38.48,0.0,0.0,11/16/2024,Ewallet,4.1
4217,4217,Los Angeles,Los Angeles,Normal,Male,Home & Lifestyle,Home & Lifestyle,48.96,1.0,2.45,51.41,0.0,0.0,11/16/2024,Credit card,5.1
4218,4218,New York,New York,Normal,Female,Fashion & Accs,Fashion & Accs,10.08,10.0,5.04,105.84,0.0,0.0,11/16/2024,Credit card,3.3
4219,4219,New York,New York,Member,Female,Home & Lifestyle,Home & Lifestyle,58.57,5.0,14.64,307.49,0.0,0.0,11/16/2024,Credit card,9.3
4220,4220,Los Angeles,Los Angeles,Member,Female,Sports & Travel,Sports & Travel,63.19,7.0,22.12,464.45,0.0,0.0,11/16/2024,Credit card,4.9
4221,4221,New York,New York,Member,Male,Food & Beverages,Food & Beverages,6.62,10.0,3.31,69.51,0.0,0.0,11/16/2024,Ewallet,7.7
4222,4222,Los Angeles,Los Angeles,Member,Female,Food & Beverages,Food & Beverages,10.24,6.0,3.07,64.51,0.0,0.0,11/16/2024,Cash,5.1
4223,4223,Chicago,Chicago,Normal,Female,Home & Lifestyle,Home & Lifestyle,66.24,6.0,19.87,417.31,0.0,0.0,11/16/2024,Ewallet,7.3
4224,4224,New York,New York,Member,Male,Fashion & Accs,Fashion & Accs,14.1,5.0,3.53,74.03,0.0,0.0,11/16/2024,Ewallet,8.2
4225,4225,Los Angeles,Los Angeles,Normal,Female,Fashion & Accs,Fashion & Accs,22.67,1.0,1.13,23.8,0.0,0.0,11/16/2024,Ewallet,6.0
4226,4226,New York,New York,Member,Female,Home & Lifestyle,Home & Lifestyle,51.14,8.0,20.46,429.58,0.0,0.0,11/16/2024,Ewallet,4.8
4227,4227,Los Angeles,Los Angeles,Member,Male,Home & Lifestyle,Home & Lifestyle,63.17,3.0,9.48,198.99,0.0,0.0,11/16/2024,Credit card,8.9
4228,4228,New York,New York,Member,Female,Home & Lifestyle,Home & Lifestyle,56.34,1.0,2.82,59.16,0.0,0.0,11/16/2024,Ewallet,9.5
4229,4229,New York,New York,Normal,Female,Food & Beverages,Food & Beverages,14.48,7.0,5.07,106.43,0.0,0.0,11/16/2024,Ewallet,4.3
4230,4230,Los Angeles,Los Angeles,Member,Female,Home & Lifestyle,Home & Lifestyle,50.54,5.0,12.64,265.34,0.0,0.0,11/16/2024,Credit card,7.7
4231,4231,Los Angeles,Los Angeles,Member,Male,Fashion & Accs,Fashion & Accs,13.31,6.0,3.99,83.85,0.0,0.0,11/16/2024,Cash,3.5
4232,4232,New York,New York,Normal,Male,Sports & Travel,Sports & Travel,69.08,3.0,10.36,217.6,0.0,0.0,11/16/2024,Ewallet,3.8
4233,4233,Chicago,Chicago,Normal,Female,Food & Beverages,Food & Beverages,6.33,6.0,1.9,39.88,0.0,0.0,11/16/2024,Ewallet,8.1
4234,4234,New York,New York,Normal,Male,Sports & Travel,Sports & Travel,74.18,6.0,22.25,467.33,0.0,0.0,11/16/2024,Cash,7.1
4235,4235,New York,New York,Member,Male,Food & Beverages,Food & Beverages,13.31,4.0,2.66,55.9,0.0,0.0,11/16/2024,Ewallet,8.1
4236,4236,Chicago,Chicago,Normal,Female,Food & Beverages,Food & Beverages,11.45,6.0,3.43,72.13,0.0,0.0,11/16/2024,Cash,4.5
4237,4237,Chicago,Chicago,Member,Male,Food & Beverages,Food & Beverages,8.29,8.0,3.32,69.64,0.0,0.0,11/17/2024,Cash,3.5
4238,4238,Los Angeles,Los Angeles,Normal,Female,Food & Beverages,Food & Beverages,5.6,3.0,0.84,17.64,0.0,0.0,11/17/2024,Credit card,8.7
4239,4239,Chicago,Chicago,Normal,Male,Home & Lifestyle,Home & Lifestyle,48.68,3.0,7.3,153.34,0.0,0.0,11/17/2024,Cash,4.1
4240,4240,Chicago,Chicago,Member,Female,Home & Lifestyle,Home & Lifestyle,65.95,8.0,26.38,553.98,0.0,0.0,11/17/2024,Credit card,5.9
4241,4241,New York,New York,Normal,Female,Health & Beauty,Health & Beauty,38.7,8.0,15.48,325.08,0.0,0.0,11/17/2024,Credit card,5.2
4242,4242,Los Angeles,Los Angeles,Normal,Female,Food & Beverages,Food & Beverages,10.5,1.0,0.52,11.02,0.0,0.0,11/17/2024,Ewallet,4.4
4243,4243,Chicago,Chicago,Normal,Male,Home & Lifestyle,Home & Lifestyle,48.15,5.0,12.04,252.79,0.0,0.0,11/17/2024,Ewallet,5.5
4244,4244,Los Angeles,Los Angeles,Member,Male,Home & Lifestyle,Home & Lifestyle,58.93,4.0,11.79,247.51,0.0,0.0,11/17/2024,Credit card,6.5
4245,4245,Los Angeles,Los Angeles,Normal,Female,Food & Beverages,Food & Beverages,8.59,3.0,1.29,27.06,0.0,0.0,11/17/2024,Ewallet,8.7
4246,4246,Los Angeles,Los Angeles,Normal,Female,Fashion & Accs,Fashion & Accs,19.95,1.0,1.0,20.95,0.0,0.0,11/17/2024,Cash,6.3
4247,4247,Los Angeles,Los Angeles,Normal,Male,Fashion & Accs,Fashion & Accs,11.37,5.0,2.84,59.69,0.0,0.0,11/18/2024,Cash,3.3
4248,4248,New York,New York,Normal,Female,Sports & Travel,Sports & Travel,72.3,9.0,32.53,683.23,0.0,0.0,11/18/2024,Cash,3.5
4249,4249,Chicago,Chicago,Member,Male,Fashion & Accs,Fashion & Accs,13.81,3.0,2.07,43.5,0.0,0.0,11/18/2024,Credit card,7.3
4250,4250,Chicago,Chicago,Member,Male,Food & Beverages,Food & Beverages,3.39,2.0,0.34,7.12,0.0,0.0,11/18/2024,Credit card,6.5
4251,4251,Chicago,Chicago,Member,Female,Sports & Travel,Sports & Travel,62.49,10.0,31.24,656.14,0.0,0.0,11/18/2024,Ewallet,3.6
4252,4252,Chicago,Chicago,Normal,Female,Health & Beauty,Health & Beauty,34.55,2.0,3.46,72.56,0.0,0.0,11/18/2024,Credit card,3.6
4253,4253,Los Angeles,Los Angeles,Normal,Female,Food & Beverages,Food & Beverages,9.77,1.0,0.49,10.26,0.0,0.0,11/18/2024,Cash,8.4
4254,4254,New York,New York,Normal,Male,Health & Beauty,Health & Beauty,20.29,2.0,2.03,42.61,0.0,0.0,11/18/2024,Cash,3.2
4255,4255,Chicago,Chicago,Normal,Female,Sports & Travel,Sports & Travel,50.23,6.0,15.07,316.45,0.0,0.0,11/18/2024,Ewallet,7.2
4256,4256,New York,New York,Member,Female,Home & Lifestyle,Home & Lifestyle,51.94,1.0,2.6,54.54,0.0,0.0,11/18/2024,Credit card,4.1
4257,4257,New York,New York,Member,Male,Electronics,Electronics,91.16,2.0,9.12,191.44,0.0,0.0,11/18/2024,Credit card,6.8
4258,4258,Los Angeles,Los Angeles,Member,Female,Health & Beauty,Health & Beauty,24.27,5.0,6.07,127.42,0.0,0.0,11/18/2024,Credit card,7.5
4259,4259,Chicago,Chicago,Normal,Female,Food & Beverages,Food & Beverages,12.54,6.0,3.76,79.0,0.0,0.0,11/18/2024,Credit card,8.7
4260,4260,Chicago,Chicago,Member,Female,Home & Lifestyle,Home & Lifestyle,49.17,1.0,2.46,51.63,0.0,0.0,11/18/2024,Credit card,3.1
4261,4261,Chicago,Chicago,Member,Female,Sports & Travel,Sports & Travel,75.63,5.0,18.91,397.06,0.0,0.0,11/18/2024,Ewallet,4.4
4262,4262,New York,New York,Normal,Female,Food & Beverages,Food & Beverages,10.61,6.0,3.18,66.84,0.0,0.0,11/18/2024,Credit card,8.5
4263,4263,New York,New York,Member,Male,Health & Beauty,Health & Beauty,24.99,8.0,10.0,209.92,0.0,0.0,11/18/2024,Ewallet,4.0
4264,4264,Chicago,Chicago,Normal,Female,Health & Beauty,Health & Beauty,27.71,7.0,9.7,203.67,0.0,0.0,11/18/2024,Ewallet,4.3
4265,4265,Chicago,Chicago,Normal,Male,Food & Beverages,Food & Beverages,14.59,8.0,5.84,122.56,0.0,0.0,11/18/2024,Credit card,8.2
4266,4266,Chicago,Chicago,Normal,Male,Home & Lifestyle,Home & Lifestyle,62.19,3.0,9.33,195.9,0.0,0.0,11/18/2024,Credit card,8.0
4267,4267,Los Angeles,Los Angeles,Normal,Female,Food & Beverages,Food & Beverages,13.28,7.0,4.65,97.61,0.0,0.0,11/18/2024,Ewallet,6.3
4268,4268,Chicago,Chicago,Normal,Male,Food & Beverages,Food & Beverages,7.82,9.0,3.52,73.9,0.0,0.0,11/19/2024,Credit card,3.3
4269,4269,Chicago,Chicago,Member,Female,Electronics,Electronics,95.49,4.0,19.1,401.06,0.0,0.0,11/19/2024,Credit card,7.4
4270,4270,Los Angeles,Los Angeles,Member,Female,Home & Lifestyle,Home & Lifestyle,61.33,10.0,30.66,643.96,0.0,0.0,11/19/2024,Cash,9.1
4271,4271,Chicago,Chicago,Normal,Female,Health & Beauty,Health & Beauty,33.93,8.0,13.57,285.01,0.0,0.0,11/19/2024,Cash,4.9
4272,4272,Chicago,Chicago,Member,Female,Food & Beverages,Food & Beverages,11.25,10.0,5.62,118.12,0.0,0.0,11/19/2024,Ewallet,7.7
4273,4273,New York,New York,Normal,Male,Health & Beauty,Health & Beauty,32.66,4.0,6.53,137.17,0.0,0.0,11/19/2024,Credit card,4.5
4274,4274,Chicago,Chicago,Normal,Female,Fashion & Accs,Fashion & Accs,15.41,5.0,3.85,80.9,0.0,0.0,11/19/2024,Credit card,4.8
4275,4275,Chicago,Chicago,Normal,Male,Electronics,Electronics,84.38,5.0,21.1,443.0,0.0,0.0,11/19/2024,Ewallet,5.7
4276,4276,Chicago,Chicago,Normal,Female,Home & Lifestyle,Home & Lifestyle,47.31,10.0,23.66,496.76,0.0,0.0,11/19/2024,Ewallet,6.2
4277,4277,Chicago,Chicago,Member,Female,Food & Beverages,Food & Beverages,12.66,1.0,0.63,13.29,0.0,0.0,11/19/2024,Ewallet,5.1
4278,4278,Los Angeles,Los Angeles,Normal,Female,Home & Lifestyle,Home & Lifestyle,69.47,5.0,17.37,364.72,0.0,0.0,11/19/2024,Ewallet,7.0
4279,4279,Los Angeles,Los Angeles,Normal,Female,Home & Lifestyle,Home & Lifestyle,46.65,4.0,9.33,195.93,0.0,0.0,11/19/2024,Credit card,8.9
4280,4280,Chicago,Chicago,Normal,Male,Home & Lifestyle,Home & Lifestyle,56.29,5.0,14.07,295.52,0.0,0.0,11/19/2024,Credit card,8.8
4281,4281,New York,New York,Normal,Female,Fashion & Accs,Fashion & Accs,5.93,6.0,1.78,37.36,0.0,0.0,11/19/2024,Ewallet,8.5
4282,4282,New York,New York,Normal,Male,Health & Beauty,Health & Beauty,23.02,3.0,3.45,72.51,0.0,0.0,11/19/2024,Cash,8.3
4283,4283,New York,New York,Normal,Male,Food & Beverages,Food & Beverages,9.21,4.0,1.84,38.68,0.0,0.0,11/19/2024,Ewallet,4.4
4284,4284,Chicago,Chicago,Normal,Female,Fashion & Accs,Fashion & Accs,11.99,3.0,1.8,37.77,0.0,0.0,11/19/2024,Cash,5.9
4285,4285,Chicago,Chicago,Normal,Male,Sports & Travel,Sports & Travel,57.17,7.0,20.01,420.2,0.0,0.0,11/19/2024,Cash,4.7
4286,4286,New York,New York,Normal,Male,Home & Lifestyle,Home & Lifestyle,59.61,2.0,5.96,125.18,0.0,0.0,11/19/2024,Ewallet,5.7
4287,4287,New York,New York,Normal,Male,Sports & Travel,Sports & Travel,79.48,3.0,11.92,250.36,0.0,0.0,11/19/2024,Ewallet,3.5
4288,4288,Chicago,Chicago,Normal,Male,Food & Beverages,Food & Beverages,11.6,6.0,3.48,73.08,0.0,0.0,11/19/2024,Ewallet,3.5
4289,4289,Chicago,Chicago,Normal,Male,Food & Beverages,Food & Beverages,9.89,10.0,4.94,103.84,0.0,0.0,11/19/2024,Credit card,5.1
4290,4290,New York,New York,Member,Male,Home & Lifestyle,Home & Lifestyle,62.18,9.0,27.98,587.6,0.0,0.0,11/19/2024,Credit card,9.2
4291,4291,New York,New York,Member,Female,Fashion & Accs,Fashion & Accs,12.25,3.0,1.84,38.59,0.0,0.0,11/19/2024,Credit card,7.0
4292,4292,Chicago,Chicago,Member,Female,Electronics,Electronics,97.95,1.0,4.9,102.85,0.0,0.0,11/20/2024,Credit card,9.5
4293,4293,New York,New York,Member,Male,Sports & Travel,Sports & Travel,76.4,8.0,30.56,641.76,0.0,0.0,11/20/2024,Credit card,9.1
4294,4294,Chicago,Chicago,Normal,Female,Food & Beverages,Food & Beverages,13.41,7.0,4.69,98.56,0.0,0.0,11/20/2024,Ewallet,4.4
4295,4295,Los Angeles,Los Angeles,Normal,Female,Food & Beverages,Food & Beverages,12.65,1.0,0.63,13.28,0.0,0.0,11/20/2024,Cash,5.6
4296,4296,New York,New York,Normal,Male,Food & Beverages,Food & Beverages,13.33,10.0,6.67,139.97,0.0,0.0,11/20/2024,Ewallet,7.2
4297,4297,Los Angeles,Los Angeles,Normal,Female,Food & Beverages,Food & Beverages,14.61,9.0,6.57,138.06,0.0,0.0,11/20/2024,Cash,6.6
4298,4298,Chicago,Chicago,Normal,Male,Sports & Travel,Sports & Travel,57.16,8.0,22.86,480.14,0.0,0.0,11/20/2024,Cash,7.5
4299,4299,Los Angeles,Los Angeles,Normal,Female,Food & Beverages,Food & Beverages,7.41,4.0,1.48,31.12,0.0,0.0,11/20/2024,Credit card,8.4
4300,4300,Chicago,Chicago,Member,Female,Home & Lifestyle,Home & Lifestyle,66.79,2.0,6.68,140.26,0.0,0.0,11/20/2024,Ewallet,7.3
4301,4301,Chicago,Chicago,Normal,Female,Home & Lifestyle,Home & Lifestyle,66.71,5.0,16.68,350.23,0.0,0.0,11/20/2024,Credit card,3.4
4302,4302,New York,New York,Normal,Male,Fashion & Accs,Fashion & Accs,8.22,9.0,3.7,77.68,0.0,0.0,11/20/2024,Credit card,8.4
4303,4303,New York,New York,Normal,Female,Food & Beverages,Food & Beverages,4.08,10.0,2.04,42.84,0.0,0.0,11/20/2024,Cash,4.8
4304,4304,Chicago,Chicago,Member,Female,Home & Lifestyle,Home & Lifestyle,58.38,4.0,11.68,245.2,0.0,0.0,11/20/2024,Ewallet,3.5
4305,4305,Chicago,Chicago,Member,Female,Food & Beverages,Food & Beverages,5.76,6.0,1.73,36.29,0.0,0.0,11/20/2024,Credit card,6.7
4306,4306,New York,New York,Member,Female,Food & Beverages,Food & Beverages,14.09,2.0,1.41,29.59,0.0,0.0,11/20/2024,Ewallet,8.4
4307,4307,Los Angeles,Los Angeles,Normal,Male,Food & Beverages,Food & Beverages,3.66,1.0,0.18,3.84,0.0,0.0,11/21/2024,Credit card,7.3
4308,4308,New York,New York,Normal,Male,Health & Beauty,Health & Beauty,18.81,5.0,4.7,98.75,0.0,0.0,11/21/2024,Cash,4.3
4309,4309,Chicago,Chicago,Normal,Male,Food & Beverages,Food & Beverages,6.36,8.0,2.54,53.42,0.0,0.0,11/21/2024,Ewallet,4.5
4310,4310,Chicago,Chicago,Normal,Female,Home & Lifestyle,Home & Lifestyle,53.3,7.0,18.65,391.75,0.0,0.0,11/21/2024,Ewallet,9.8
4311,4311,Los Angeles,Los Angeles,Normal,Male,Health & Beauty,Health & Beauty,25.21,8.0,10.08,211.76,0.0,0.0,11/21/2024,Credit card,9.1
4312,4312,Los Angeles,Los Angeles,Normal,Female,Fashion & Accs,Fashion & Accs,22.8,10.0,11.4,239.4,0.0,0.0,11/21/2024,Cash,7.1
4313,4313,Los Angeles,Los Angeles,Member,Female,Food & Beverages,Food & Beverages,6.2,2.0,0.62,13.02,0.0,0.0,11/21/2024,Credit card,6.3
4314,4314,Los Angeles,Los Angeles,Normal,Male,Fashion & Accs,Fashion & Accs,10.56,6.0,3.17,66.53,0.0,0.0,11/21/2024,Ewallet,7.3
4315,4315,Chicago,Chicago,Normal,Male,Health & Beauty,Health & Beauty,27.04,5.0,6.76,141.96,0.0,0.0,11/21/2024,Cash,4.7
4316,4316,Los Angeles,Los Angeles,Normal,Male,Fashion & Accs,Fashion & Accs,7.73,6.0,2.32,48.7,0.0,0.0,11/21/2024,Ewallet,6.7
4317,4317,Los Angeles,Los Angeles,Normal,Female,Sports & Travel,Sports & Travel,66.94,4.0,13.39,281.15,0.0,0.0,11/21/2024,Credit card,8.3
4318,4318,Los Angeles,Los Angeles,Normal,Female,Food & Beverages,Food & Beverages,6.33,1.0,0.32,6.65,0.0,0.0,11/22/2024,Cash,4.9
4319,4319,Los Angeles,Los Angeles,Normal,Male,Food & Beverages,Food & Beverages,7.59,10.0,3.8,79.7,0.0,0.0,11/22/2024,Cash,8.1
4320,4320,Los Angeles,Los Angeles,Normal,Female,Health & Beauty,Health & Beauty,29.39,8.0,11.76,246.88,0.0,0.0,11/22/2024,Credit card,7.3
4321,4321,Los Angeles,Los Angeles,Normal,Female,Health & Beauty,Health & Beauty,25.34,8.0,10.14,212.86,0.0,0.0,11/22/2024,Cash,3.6
4322,4322,New York,New York,Member,Female,Food & Beverages,Food & Beverages,10.96,6.0,3.29,69.05,0.0,0.0,11/22/2024,Credit card,7.9
4323,4323,New York,New York,Member,Male,Electronics,Electronics,90.64,2.0,9.06,190.34,0.0,0.0,11/22/2024,Ewallet,7.5
4324,4324,New York,New York,Normal,Male,Electronics,Electronics,95.01,8.0,38.0,798.08,0.0,0.0,11/22/2024,Ewallet,8.9
4325,4325,New York,New York,Normal,Male,Electronics,Electronics,94.39,4.0,18.88,396.44,0.0,0.0,11/22/2024,Credit card,3.4
4326,4326,Chicago,Chicago,Normal,Male,Home & Lifestyle,Home & Lifestyle,46.12,3.0,6.92,145.28,0.0,0.0,11/22/2024,Credit card,6.8
4327,4327,Los Angeles,Los Angeles,Normal,Female,Fashion & Accs,Fashion & Accs,17.61,3.0,2.64,55.47,0.0,0.0,11/22/2024,Cash,3.7
4328,4328,Los Angeles,Los Angeles,Member,Female,Health & Beauty,Health & Beauty,21.38,10.0,10.69,224.49,0.0,0.0,11/22/2024,Credit card,6.4
4329,4329,Chicago,Chicago,Member,Female,Sports & Travel,Sports & Travel,54.96,6.0,16.49,346.25,0.0,0.0,11/22/2024,Credit card,6.5
4330,4330,Los Angeles,Los Angeles,Normal,Male,Home & Lifestyle,Home & Lifestyle,62.77,7.0,21.97,461.36,0.0,0.0,11/22/2024,Credit card,5.5
4331,4331,Chicago,Chicago,Normal,Female,Fashion & Accs,Fashion & Accs,9.86,3.0,1.48,31.06,0.0,0.0,11/22/2024,Credit card,4.5
4332,4332,Chicago,Chicago,Member,Male,Food & Beverages,Food & Beverages,10.49,3.0,1.57,33.04,0.0,0.0,11/22/2024,Cash,5.0
4333,4333,New York,New York,Member,Female,Health & Beauty,Health & Beauty,28.31,7.0,9.91,208.08,0.0,0.0,11/22/2024,Cash,7.3
4334,4334,Chicago,Chicago,Normal,Female,Health & Beauty,Health & Beauty,17.8,5.0,4.45,93.45,0.0,0.0,11/23/2024,Credit card,4.8
4335,4335,New York,New York,Normal,Female,Health & Beauty,Health & Beauty,28.75,6.0,8.62,181.12,0.0,0.0,11/23/2024,Cash,8.0
4336,4336,New York,New York,Member,Male,Health & Beauty,Health & Beauty,33.07,6.0,9.92,208.34,0.0,0.0,11/23/2024,Credit card,6.5
4337,4337,Chicago,Chicago,Normal,Male,Home & Lifestyle,Home & Lifestyle,42.82,8.0,17.13,359.69,0.0,0.0,11/23/2024,Credit card,5.7
4338,4338,Chicago,Chicago,Normal,Male,Food & Beverages,Food & Beverages,4.6,8.0,1.84,38.64,0.0,0.0,11/23/2024,Ewallet,6.4
4339,4339,Los Angeles,Los Angeles,Normal,Female,Home & Lifestyle,Home & Lifestyle,51.01,7.0,17.85,374.92,0.0,0.0,11/23/2024,Cash,8.1
4340,4340,Chicago,Chicago,Normal,Female,Food & Beverages,Food & Beverages,5.88,8.0,2.35,49.39,0.0,0.0,11/23/2024,Credit card,8.7
4341,4341,Chicago,Chicago,Member,Female,Home & Lifestyle,Home & Lifestyle,55.31,4.0,11.06,232.3,0.0,0.0,11/23/2024,Cash,5.2
4342,4342,Chicago,Chicago,Normal,Male,Home & Lifestyle,Home & Lifestyle,48.24,9.0,21.71,455.87,0.0,0.0,11/23/2024,Cash,5.2
4343,4343,Chicago,Chicago,Normal,Male,Health & Beauty,Health & Beauty,17.65,1.0,0.88,18.53,0.0,0.0,11/23/2024,Credit card,3.0
4344,4344,Chicago,Chicago,Normal,Male,Health & Beauty,Health & Beauty,33.48,10.0,16.74,351.54,0.0,0.0,11/23/2024,Ewallet,6.6
4345,4345,Los Angeles,Los Angeles,Member,Male,Food & Beverages,Food & Beverages,5.6,5.0,1.4,29.4,0.0,0.0,11/23/2024,Cash,9.3
4346,4346,Los Angeles,Los Angeles,Normal,Male,Food & Beverages,Food & Beverages,5.78,8.0,2.31,48.55,0.0,0.0,11/23/2024,Ewallet,4.9
4347,4347,New York,New York,Member,Male,Health & Beauty,Health & Beauty,28.06,8.0,11.22,235.7,0.0,0.0,11/23/2024,Credit card,6.1
4348,4348,New York,New York,Member,Male,Food & Beverages,Food & Beverages,11.09,7.0,3.88,81.51,0.0,0.0,11/23/2024,Cash,6.8
4349,4349,New York,New York,Member,Male,Health & Beauty,Health & Beauty,35.56,4.0,7.11,149.35,0.0,0.0,11/24/2024,Credit card,9.3
4350,4350,New York,New York,Member,Male,Fashion & Accs,Fashion & Accs,19.35,8.0,7.74,162.54,0.0,0.0,11/24/2024,Cash,3.6
4351,4351,Los Angeles,Los Angeles,Normal,Male,Food & Beverages,Food & Beverages,7.14,2.0,0.71,14.99,0.0,0.0,11/24/2024,Credit card,4.2
4352,4352,New York,New York,Normal,Male,Health & Beauty,Health & Beauty,26.87,5.0,6.72,141.07,0.0,0.0,11/24/2024,Ewallet,6.4
4353,4353,Los Angeles,Los Angeles,Normal,Female,Food & Beverages,Food & Beverages,13.3,10.0,6.65,139.65,0.0,0.0,11/24/2024,Ewallet,7.0
4354,4354,Chicago,Chicago,Member,Female,Home & Lifestyle,Home & Lifestyle,69.85,4.0,13.97,293.37,0.0,0.0,11/24/2024,Ewallet,4.2
4355,4355,Los Angeles,Los Angeles,Member,Female,Electronics,Electronics,90.37,2.0,9.04,189.78,0.0,0.0,11/24/2024,Ewallet,8.7
4356,4356,Los Angeles,Los Angeles,Member,Female,Home & Lifestyle,Home & Lifestyle,68.5,6.0,20.55,431.55,0.0,0.0,11/24/2024,Credit card,9.7
4357,4357,Los Angeles,Los Angeles,Normal,Male,Sports & Travel,Sports & Travel,71.65,9.0,32.24,677.09,0.0,0.0,11/24/2024,Credit card,6.4
4358,4358,Los Angeles,Los Angeles,Normal,Female,Food & Beverages,Food & Beverages,9.85,1.0,0.49,10.34,0.0,0.0,11/24/2024,Credit card,8.6
4359,4359,Los Angeles,Los Angeles,Normal,Female,Fashion & Accs,Fashion & Accs,17.35,9.0,7.81,163.96,0.0,0.0,11/24/2024,Ewallet,3.8
4360,4360,New York,New York,Normal,Female,Home & Lifestyle,Home & Lifestyle,56.25,7.0,19.69,413.44,0.0,0.0,11/24/2024,Credit card,3.3
4361,4361,Los Angeles,Los Angeles,Normal,Female,Fashion & Accs,Fashion & Accs,12.64,4.0,2.53,53.09,0.0,0.0,11/24/2024,Ewallet,3.4
4362,4362,Los Angeles,Los Angeles,Normal,Female,Food & Beverages,Food & Beverages,6.1,3.0,0.91,19.21,0.0,0.0,11/24/2024,Ewallet,9.3
4363,4363,Chicago,Chicago,Normal,Male,Health & Beauty,Health & Beauty,36.45,2.0,3.65,76.55,0.0,0.0,11/24/2024,Ewallet,3.4
4364,4364,New York,New York,Normal,Male,Home & Lifestyle,Home & Lifestyle,66.25,3.0,9.94,208.69,0.0,0.0,11/24/2024,Ewallet,5.1
4365,4365,New York,New York,Normal,Female,Sports & Travel,Sports & Travel,63.49,1.0,3.17,66.66,0.0,0.0,11/24/2024,Credit card,9.3
4366,4366,New York,New York,Normal,Female,Food & Beverages,Food & Beverages,3.88,8.0,1.55,32.59,0.0,0.0,11/24/2024,Credit card,5.2
4367,4367,New York,New York,Normal,Male,Food & Beverages,Food & Beverages,3.07,6.0,0.92,19.34,0.0,0.0,11/24/2024,Credit card,6.9
4368,4368,Chicago,Chicago,Normal,Male,Home & Lifestyle,Home & Lifestyle,42.63,3.0,6.39,134.28,0.0,0.0,11/24/2024,Ewallet,8.0
4369,4369,Chicago,Chicago,Normal,Female,Food & Beverages,Food & Beverages,9.05,1.0,0.45,9.5,0.0,0.0,11/25/2024,Credit card,8.9
4370,4370,Los Angeles,Los Angeles,Normal,Male,Electronics,Electronics,83.84,9.0,37.73,792.29,0.0,0.0,11/25/2024,Cash,8.3
4371,4371,New York,New York,Normal,Female,Food & Beverages,Food & Beverages,7.46,4.0,1.49,31.33,0.0,0.0,11/25/2024,Credit card,3.2
4372,4372,Los Angeles,Los Angeles,Member,Female,Food & Beverages,Food & Beverages,8.23,4.0,1.65,34.57,0.0,0.0,11/25/2024,Ewallet,3.5
4373,4373,Los Angeles,Los Angeles,Member,Female,Sports & Travel,Sports & Travel,70.83,6.0,21.25,446.23,0.0,0.0,11/25/2024,Credit card,8.5
4374,4374,Chicago,Chicago,Normal,Female,Fashion & Accs,Fashion & Accs,20.91,7.0,7.32,153.69,0.0,0.0,11/25/2024,Cash,8.1
4375,4375,Chicago,Chicago,Normal,Male,Fashion & Accs,Fashion & Accs,24.18,6.0,7.25,152.33,0.0,0.0,11/25/2024,Ewallet,5.6
4376,4376,Chicago,Chicago,Normal,Female,Fashion & Accs,Fashion & Accs,17.35,7.0,6.07,127.52,0.0,0.0,11/25/2024,Cash,3.5
4377,4377,New York,New York,Normal,Female,Food & Beverages,Food & Beverages,12.35,8.0,4.94,103.74,0.0,0.0,11/25/2024,Cash,8.5
4378,4378,New York,New York,Normal,Female,Food & Beverages,Food & Beverages,5.46,9.0,2.46,51.6,0.0,0.0,11/25/2024,Cash,9.4
4379,4379,New York,New York,Member,Female,Food & Beverages,Food & Beverages,7.78,8.0,3.11,65.35,0.0,0.0,11/25/2024,Credit card,8.6
4380,4380,Chicago,Chicago,Normal,Female,Home & Lifestyle,Home & Lifestyle,64.18,9.0,28.88,606.5,0.0,0.0,11/25/2024,Credit card,5.9
4381,4381,New York,New York,Member,Male,Fashion & Accs,Fashion & Accs,12.12,2.0,1.21,25.45,0.0,0.0,11/25/2024,Cash,8.9
4382,4382,New York,New York,Member,Female,Food & Beverages,Food & Beverages,3.36,3.0,0.5,10.58,0.0,0.0,11/25/2024,Cash,4.0
4383,4383,New York,New York,Member,Male,Food & Beverages,Food & Beverages,12.83,5.0,3.21,67.36,0.0,0.0,11/25/2024,Credit card,9.7
4384,4384,Chicago,Chicago,Member,Male,Sports & Travel,Sports & Travel,62.86,6.0,18.86,396.02,0.0,0.0,11/25/2024,Credit card,5.0
4385,4385,Los Angeles,Los Angeles,Member,Female,Food & Beverages,Food & Beverages,8.95,3.0,1.34,28.19,0.0,0.0,11/25/2024,Cash,5.6
4386,4386,New York,New York,Member,Female,Fashion & Accs,Fashion & Accs,14.6,3.0,2.19,45.99,0.0,0.0,11/25/2024,Cash,4.3
4387,4387,New York,New York,Member,Female,Health & Beauty,Health & Beauty,35.25,7.0,12.34,259.09,0.0,0.0,11/25/2024,Cash,3.9
4388,4388,Chicago,Chicago,Normal,Male,Food & Beverages,Food & Beverages,9.07,6.0,2.72,57.14,0.0,0.0,11/25/2024,Credit card,5.1
4389,4389,New York,New York,Member,Female,Food & Beverages,Food & Beverages,8.98,1.0,0.45,9.43,0.0,0.0,11/25/2024,Cash,8.1
4390,4390,New York,New York,Member,Female,Home & Lifestyle,Home & Lifestyle,46.1,8.0,18.44,387.24,0.0,0.0,11/25/2024,Credit card,3.8
4391,4391,Chicago,Chicago,Normal,Female,Home & Lifestyle,Home & Lifestyle,40.16,2.0,4.02,84.34,0.0,0.0,11/26/2024,Credit card,9.5
4392,4392,New York,New York,Member,Male,Fashion & Accs,Fashion & Accs,23.71,4.0,4.74,99.58,0.0,0.0,11/26/2024,Ewallet,7.1
4393,4393,Los Angeles,Los Angeles,Normal,Female,Home & Lifestyle,Home & Lifestyle,65.95,4.0,13.19,276.99,0.0,0.0,11/26/2024,Cash,5.1
4394,4394,Los Angeles,Los Angeles,Normal,Male,Electronics,Electronics,93.98,4.0,18.8,394.72,0.0,0.0,11/26/2024,Credit card,7.4
4395,4395,New York,New York,Normal,Female,Fashion & Accs,Fashion & Accs,8.56,6.0,2.57,53.93,0.0,0.0,11/26/2024,Ewallet,9.3
4396,4396,Los Angeles,Los Angeles,Normal,Male,Health & Beauty,Health & Beauty,34.49,9.0,15.52,325.93,0.0,0.0,11/26/2024,Credit card,3.9
4397,4397,New York,New York,Member,Female,Food & Beverages,Food & Beverages,9.7,8.0,3.88,81.48,0.0,0.0,11/26/2024,Credit card,7.6
4398,4398,Chicago,Chicago,Normal,Male,Electronics,Electronics,85.77,4.0,17.15,360.23,0.0,0.0,11/26/2024,Ewallet,4.6
4399,4399,Los Angeles,Los Angeles,Normal,Female,Home & Lifestyle,Home & Lifestyle,47.88,4.0,9.58,201.1,0.0,0.0,11/26/2024,Cash,6.5
4400,4400,Los Angeles,Los Angeles,Member,Male,Electronics,Electronics,92.05,2.0,9.2,193.3,0.0,0.0,11/26/2024,Ewallet,3.9
4401,4401,Los Angeles,Los Angeles,Member,Female,Electronics,Electronics,82.13,6.0,24.64,517.42,0.0,0.0,11/26/2024,Ewallet,8.0
4402,4402,Los Angeles,Los Angeles,Member,Female,Fashion & Accs,Fashion & Accs,15.55,9.0,7.0,146.95,0.0,0.0,11/26/2024,Ewallet,7.1
4403,4403,Los Angeles,Los Angeles,Normal,Female,Food & Beverages,Food & Beverages,14.05,5.0,3.51,73.76,0.0,0.0,11/26/2024,Cash,9.4
4404,4404,New York,New York,Normal,Female,Health & Beauty,Health & Beauty,17.78,3.0,2.67,56.01,0.0,0.0,11/26/2024,Cash,8.1
4405,4405,Chicago,Chicago,Member,Male,Health & Beauty,Health & Beauty,32.6,6.0,9.78,205.38,0.0,0.0,11/26/2024,Cash,7.1
4406,4406,New York,New York,Member,Female,Home & Lifestyle,Home & Lifestyle,40.75,2.0,4.08,85.58,0.0,0.0,11/26/2024,Ewallet,3.0
4407,4407,New York,New York,Member,Male,Home & Lifestyle,Home & Lifestyle,63.98,7.0,22.39,470.25,0.0,0.0,11/26/2024,Cash,3.8
4408,4408,Los Angeles,Los Angeles,Member,Male,Sports & Travel,Sports & Travel,77.27,9.0,34.77,730.2,0.0,0.0,11/26/2024,Cash,9.1
4409,4409,New York,New York,Member,Female,Sports & Travel,Sports & Travel,56.49,4.0,11.3,237.26,0.0,0.0,11/26/2024,Cash,6.7
4410,4410,New York,New York,Normal,Female,Food & Beverages,Food & Beverages,10.71,7.0,3.75,78.72,0.0,0.0,11/26/2024,Cash,9.2
4411,4411,New York,New York,Normal,Male,Fashion & Accs,Fashion & Accs,12.13,9.0,5.46,114.63,0.0,0.0,11/26/2024,Credit card,4.3
4412,4412,Chicago,Chicago,Member,Male,Fashion & Accs,Fashion & Accs,22.96,8.0,9.18,192.86,0.0,0.0,11/26/2024,Ewallet,5.2
4413,4413,New York,New York,Member,Female,Food & Beverages,Food & Beverages,10.98,7.0,3.84,80.7,0.0,0.0,11/26/2024,Credit card,6.0
4414,4414,Chicago,Chicago,Normal,Male,Health & Beauty,Health & Beauty,34.86,7.0,12.2,256.22,0.0,0.0,11/26/2024,Cash,8.8
4415,4415,Chicago,Chicago,Member,Male,Food & Beverages,Food & Beverages,3.85,3.0,0.58,12.13,0.0,0.0,11/26/2024,Cash,4.7
4416,4416,Los Angeles,Los Angeles,Normal,Male,Food & Beverages,Food & Beverages,8.12,4.0,1.62,34.1,0.0,0.0,11/27/2024,Cash,3.8
4417,4417,New York,New York,Normal,Female,Health & Beauty,Health & Beauty,17.85,4.0,3.57,74.97,0.0,0.0,11/27/2024,Ewallet,9.5
4418,4418,New York,New York,Member,Female,Sports & Travel,Sports & Travel,66.09,7.0,23.13,485.76,0.0,0.0,11/27/2024,Cash,8.6
4419,4419,Chicago,Chicago,Member,Female,Food & Beverages,Food & Beverages,13.46,4.0,2.69,56.53,0.0,0.0,11/27/2024,Ewallet,3.0
4420,4420,New York,New York,Normal,Male,Food & Beverages,Food & Beverages,9.65,10.0,4.82,101.32,0.0,0.0,11/27/2024,Ewallet,3.6
4421,4421,Chicago,Chicago,Normal,Female,Food & Beverages,Food & Beverages,8.82,10.0,4.41,92.61,0.0,0.0,11/27/2024,Credit card,6.4
4422,4422,New York,New York,Member,Male,Food & Beverages,Food & Beverages,9.86,3.0,1.48,31.06,0.0,0.0,11/27/2024,Ewallet,3.6
4423,4423,Los Angeles,Los Angeles,Member,Female,Home & Lifestyle,Home & Lifestyle,56.38,4.0,11.28,236.8,0.0,0.0,11/27/2024,Ewallet,3.5
4424,4424,Los Angeles,Los Angeles,Normal,Female,Sports & Travel,Sports & Travel,68.63,2.0,6.86,144.12,0.0,0.0,11/27/2024,Cash,3.3
4425,4425,New York,New York,Member,Female,Home & Lifestyle,Home & Lifestyle,52.94,5.0,13.24,277.94,0.0,0.0,11/27/2024,Cash,6.4
4426,4426,New York,New York,Normal,,,,,,,,,,,,
