sale_id,branch,customer_type,gender,unit_price,quantity,product_category,product_name,total_price,reward_points,sale_date
27283017318,403,Member,Male,1.99,2,DRY BN/VEG/POTATO/RICE,RICE - INSTANT & MICROWAVE,3.98,4,2024-01-26
27283017318,403,Member,Male,2.57,1,PEARS,PEARS ANJOU,2.57,3,2024-01-26
27283017318,403,Member,Male,0.55,4,DINNER MXS:DRY,MACARONI & CHEESE DNRS,2.2,2,2024-01-26
27283017318,403,Member,Male,2.0,2,FRZN MEAT/MEAT DINNERS,FRZN MULTI SERVE ENTREES ALL,4.0,4,2024-01-26
27283017318,403,Member,Male,3.57,1,APPLES,APPLES RED DELICIOUS (BULK&BAG,3.57,4,2024-01-26
27283017318,403,Member,Male,2.17,2,FLUID MILK PRODUCTS,FLUID MILK WHITE ONLY,4.34,4,2024-01-26
27283017318,403,Member,Male,1.74,2,TROPICAL FRUIT,BANANAS,3.48,3,2024-01-26
27283017318,403,Member,Male,2.99,2,COLD CEREAL,KIDS CEREAL,5.98,6,2024-01-26
27283017318,403,Member,Male,2.99,2,COLD CEREAL,KIDS CEREAL,5.98,6,2024-01-26
27283017318,403,Member,Male,2.99,2,COLD CEREAL,KIDS CEREAL,5.98,6,2024-01-26
27283017318,403,Member,Male,2.5,1,SALD DRSNG/SNDWCH SPRD,POURABLE SALAD DRESSINGS,2.5,2,2024-01-26
27283017318,403,Member,Male,2.5,1,SALD DRSNG/SNDWCH SPRD,POURABLE SALAD DRESSINGS,2.5,2,2024-01-26
27333961283,295,Normal,Female,2.89,1,FROZEN BREAD/DOUGH,FRZN GARLIC BREAD/TOAST/STICKS,2.89,3,2024-01-30
27333961283,295,Normal,Female,5.13,4,BEEF,LOIN - STK/CHP/SLC,20.52,21,2024-01-30
27333961283,295,Normal,Female,2.245,2,BACON,PREMIUM,4.49,4,2024-01-30
27333961283,295,Normal,Female,7.99,1,SOFT DRINKS,SOFT DRINKS 20PK&24PK CAN CARB,7.99,8,2024-01-30
27333961283,295,Normal,Female,1.67,2,FLUID MILK PRODUCTS,FLUID MILK WHITE ONLY,3.34,3,2024-01-30
27333961283,295,Normal,Female,2.0,1,REFRGRATD JUICES/DRNKS,DAIRY CASE 100% PURE JUICE - O,2.0,2,2024-01-30
27333961283,295,Normal,Female,1.25,2,BERRIES,STRAWBERRIES,2.5,2,2024-01-30
27352452868,358,Normal,Male,14.99,1,CAKES,CAKES: SHEET,14.99,15,2024-02-01
27352452868,358,Normal,Male,1.29,1,ICE CREAM/MILK/SHERBTS,PREMIUM,1.29,1,2024-02-01
27352452868,358,Normal,Male,3.34,1,SOFT DRINKS,SOFT DRINKS 12/18&15PK CAN CAR,3.34,3,2024-02-01
27432075950,309,Member,Female,3.97,1,BEEF,CHOICE BEEF,3.97,4,2024-02-07
27432075950,309,Member,Female,5.34,1,PORK,LOIN - CHOPS BONE-IN,5.34,5,2024-02-07
27432075950,309,Member,Female,6.095,2,BEEF,LOIN - STK/CHP/SLC,12.19,12,2024-02-07
27432075950,309,Member,Female,3.29,1,BATH TISSUES,TOILET TISSUE,3.29,3,2024-02-07
27432075950,309,Member,Female,7.99,1,BEERS/ALES,BEERALEMALT LIQUORS,7.99,8,2024-02-07
27432075950,309,Member,Female,8.87,1,BEEF,NATURAL BEEF,8.87,9,2024-02-07
27432075950,309,Member,Female,1.78,1,BEEF,CHOICE BEEF,1.78,2,2024-02-07
27432075950,309,Member,Female,2.75,1,BAG SNACKS,TORTILLA/NACHO CHIPS,2.75,3,2024-02-07
27432075950,309,Member,Female,0.0,0, , ,0.0,0,2024-02-07
27432075950,309,Member,Female,4.99,1,ICE CREAM/MILK/SHERBTS,PREMIUM,4.99,5,2024-02-07
27529480145,359,Normal,Female,1.23,1,VEGETABLES SALAD,VARIETY LETTUCE,1.23,1,2024-02-15
27529480145,359,Normal,Female,0.99,1,BAKED BREAD/BUNS/ROLLS,HAMBURGER BUNS,0.99,1,2024-02-15
27529480145,359,Normal,Female,2.72,1,TOMATOES,TOMATOES HOTHOUSE ON THE VINE,2.72,3,2024-02-15
27529480145,359,Normal,Female,3.0,1,BACON,ECONOMY,3.0,3,2024-02-15
27529480145,359,Normal,Female,1.34,1,BEANS - CANNED GLASS & MW,PREPARED BEANS - BAKED W/PORK,1.34,1,2024-02-15
27529480145,359,Normal,Female,14.99,2,GARDEN CENTER,HANGING BASKETS (BLOOMING),29.98,30,2024-02-15
27529480145,359,Normal,Female,3.69,1,GREETING CARDS/WRAP/PARTY SPLY,CARDS SEASONAL,3.69,4,2024-02-15
27529480145,359,Normal,Female,2.99,1,GREETING CARDS/WRAP/PARTY SPLY,CARDS SEASONAL,2.99,3,2024-02-15
27529480145,359,Normal,Female,4.99,1,SPRING/SUMMER SEASONAL,GRILL ACCESSORIES,4.99,5,2024-02-15
27529480145,359,Normal,Female,1.5,1,FACIAL TISS/DNR NAPKIN,PAPER NAPKINS,1.5,2,2024-02-15
27529480145,359,Normal,Female,2.5,2,DINNER SAUSAGE,SMOKED/COOKED,5.0,5,2024-02-15
27529480145,359,Normal,Female,3.99,1,SOFT DRINKS,SFT DRNK MLT-PK BTL CARB (EXCP,3.99,4,2024-02-15
27529480145,359,Normal,Female,2.29,1,MILK BY-PRODUCTS,REFRIG DIPS,2.29,2,2024-02-15
27529480145,359,Normal,Female,0.99,1,BAKED BREAD/BUNS/ROLLS,HOT DOG BUNS,0.99,1,2024-02-15
27529480145,359,Normal,Female,1.49,2,FRZN ICE,ICE - CRUSHED/CUBED,2.98,3,2024-02-15
27529480145,359,Normal,Female,2.99,1,SOFT DRINKS,SFT DRNK MLT-PK BTL CARB (EXCP,2.99,3,2024-02-15
27529480145,359,Normal,Female,2.79,1,PAPER HOUSEWARES,DESIGNER PAPER: MEDIUM WEIGHT,2.79,3,2024-02-15
27529480145,359,Normal,Female,9.99,1,FLORAL-FLOWERING PLANTS,FLOWERING PLANTS (5IN & DOWN),9.99,10,2024-02-15
27609977832,315,Member,Female,2.0,1,BAKED BREAD/BUNS/ROLLS,PREMIUM BREAD,2.0,2,2024-02-22
27609977832,315,Member,Female,2.0,1,COOKIES/CONES,TRAY PACK/CHOC CHIP COOKIES,2.0,2,2024-02-22
27609977832,315,Member,Female,2.99,1,BAKED BREAD/BUNS/ROLLS,PREMIUM BREAD,2.99,3,2024-02-22
27609977832,315,Member,Female,4.99,1,WATER - CARBONATED/FLVRD DRINK,NON-CRBNTD DRNKING/MNERAL WATE,4.99,5,2024-02-22
27610115028,356,Member,Male,3.04,1,CIGARETTES,CIGARETTES,3.04,3,2024-02-22
27649152133,316,Member,Female,3.69,1,GREETING CARDS/WRAP/PARTY SPLY,CARDS EVERYDAY,3.69,4,2024-02-25
27649152133,316,Member,Female,2.19,1,CHEESE,IWS SINGLE CHEESE,2.19,2,2024-02-25
27649152133,316,Member,Female,2.69,1,GREETING CARDS/WRAP/PARTY SPLY,CARDS EVERYDAY,2.69,3,2024-02-25
27649152133,316,Member,Female,1.99,1,GREETING CARDS/WRAP/PARTY SPLY,CARDS EVERYDAY,1.99,2,2024-02-25
27686421669,370,Member,Female,0.53,2,VEGETABLES - SHELF STABLE,POTATOES WHITE,1.06,1,2024-02-28
27686421669,370,Member,Female,2.0,1,SOFT DRINKS,SOFT DRINKS 12/18&15PK CAN CAR,2.0,2,2024-02-28
27686421669,370,Member,Female,1.0,1,FLUID MILK PRODUCTS,CHOCOLATE MILK,1.0,1,2024-02-28
27686421669,370,Member,Female,0.43,1,VEGETABLES - SHELF STABLE,CORN,0.43,0,2024-02-28
27686421669,370,Member,Female,0.99,1,DRY BN/VEG/POTATO/RICE,RICE SIDE DISH MIXES DRY,0.99,1,2024-02-28
27686421669,370,Member,Female,1.49,1,DRY BN/VEG/POTATO/RICE,RICE - INSTANT & MICROWAVE,1.49,1,2024-02-28
27686421669,370,Member,Female,0.21,1,CAT FOOD,CANNED CAT FOOD (9 LIVES/FRISK,0.21,0,2024-02-28
27686421669,370,Member,Female,2.5,2,MEAT - SHELF STABLE,BEEF STEW,5.0,5,2024-02-28
27686421669,370,Member,Female,0.99,1,DINNER SAUSAGE,SMOKED/COOKED,0.99,1,2024-02-28
27686421669,370,Member,Female,2.0,1,SOFT DRINKS,SOFT DRINKS 12/18&15PK CAN CAR,2.0,2,2024-02-28
27686421669,370,Member,Female,0.21,1,CAT FOOD,CANNED CAT FOOD (9 LIVES/FRISK,0.21,0,2024-02-28
27686421669,370,Member,Female,0.88,2,CANDY - PACKAGED,CANDY BARS (MULTI PACK),1.76,2,2024-02-28
27686860007,300,Member,Female,2.5,1,BACON,PRE-COOKED,2.5,2,2024-02-29
27686860007,300,Member,Female,0.99,1,EGGS,EGGS - MEDIUM,0.99,1,2024-02-29
27686860007,300,Member,Female,1.0,1,FLUID MILK PRODUCTS,FLUID MILK WHITE ONLY,1.0,1,2024-02-29
27709294153,361,Member,Male,0.3333333333333333,3,CANDY - CHECKLANE,CANDY BARS (SINGLES)(INCLUDING,1.0,1,2024-03-01
27709359176,319,Normal,Male,1.54,1,FRZN MEAT/MEAT DINNERS,FRZN SS PREMIUM ENTREES/DNRS/T,1.54,2,2024-03-01
27709359176,319,Normal,Male,0.84,1,DISPOSIBLE FOILWARE,DISPOSABLE FOILWARE,0.84,1,2024-03-01
27709359176,319,Normal,Male,0.99,1,DINNER SAUSAGE,SMOKED/COOKED,0.99,1,2024-03-01
27709359176,319,Normal,Male,1.69,1,FRZN MEAT/MEAT DINNERS,FRZN SS PREMIUM ENTREES/DNRS/T,1.69,2,2024-03-01
27709359176,319,Normal,Male,1.0,1,FLUID MILK PRODUCTS,FLUID MILK WHITE ONLY,1.0,1,2024-03-01
27709359176,319,Normal,Male,0.75,1,BAKED BREAD/BUNS/ROLLS,MAINSTREAM WHITE BREAD,0.75,1,2024-03-01
27709359176,319,Normal,Male,1.99,1,KITCHEN GADGETS,UNBREAKABLE TABLETOP,1.99,2,2024-03-01
27744937737,432,Member,Male,2.0,1,CHEESES,CHEESE: PROCESSED BULK,2.0,2,2024-03-04
27744937737,432,Member,Male,1.25,4,BEANS - CANNED GLASS & MW,PREPARED BEANS - BAKED W/PORK,5.0,5,2024-03-04
27744937737,432,Member,Male,2.39,1,ORAL HYGIENE PRODUCTS,MOUTHWASH RINSES AND SPRAYS,2.39,2,2024-03-04
27744937737,432,Member,Male,0.79,1,HAIR CARE PRODUCTS,SHAMPOO,0.79,1,2024-03-04
27744937737,432,Member,Male,0.99,2,DINNER SAUSAGE,SMOKED/COOKED,1.98,2,2024-03-04
27744937737,432,Member,Male,2.59,1,DELI MEATS,MEAT: SAUS DRY BULK,2.59,3,2024-03-04
27744937737,432,Member,Male,2.82,1,CHEESES,CHEESE: NATURAL BULK,2.82,3,2024-03-04
27744937737,432,Member,Male,4.99,1,CHICKEN/POULTRY,CHIX:FRD 8PC/CUT UP (HOT),4.99,5,2024-03-04
27744937737,432,Member,Male,1.645,2,HOT DOGS,PREMIUM - MEAT,3.29,3,2024-03-04
27744937737,432,Member,Male,0.79,1,HAIR CARE PRODUCTS,SHAMPOO,0.79,1,2024-03-04
27744937737,432,Member,Male,8.99,1,CAT FOOD,DRY CAT FOOD ECONOMY (COST CUT,8.99,9,2024-03-04
27744937737,432,Member,Male,0.99,2,DINNER SAUSAGE,SMOKED/COOKED,1.98,2,2024-03-04
27744937737,432,Member,Male,0.76,1,SALADS/DIPS,VEGETABLE SALADS - BULK,0.76,1,2024-03-04
27744937737,432,Member,Male,2.5,2,DINNER SAUSAGE,SMOKED/COOKED,5.0,5,2024-03-04
27744937737,432,Member,Male,2.63,2,SMOKED MEATS,HAM - STEAKS/SLICES/CUBES,5.26,5,2024-03-04
27744937737,432,Member,Male,0.5,4,VEGETABLES - SHELF STABLE,CORN,2.0,2,2024-03-04
27744937737,432,Member,Male,0.5,2,SPRING/SUMMER SEASONAL,MISCELLANEOUS CANDY (INCLUDING,1.0,1,2024-03-04
27745116433,424,Member,Male,1.19,1,VEGETABLES - SHELF STABLE,CORN,1.19,1,2024-03-04
27745116433,424,Member,Male,0.6,1,CANDY - CHECKLANE,CANDY BARS (SINGLES)(INCLUDING,0.6,1,2024-03-04
27745116433,424,Member,Male,1.09,1,BEANS - CANNED GLASS & MW,PREPARED BEANS - BAKED W/PORK,1.09,1,2024-03-04
27745116433,424,Member,Male,0.99,1,WATER - CARBONATED/FLVRD DRINK,NON-CRBNTD DRNKING/MNERAL WATE,0.99,1,2024-03-04
27745116433,424,Member,Male,1.79,1,BATH TISSUES,TOILET TISSUE,1.79,2,2024-03-04
27745116433,424,Member,Male,0.89,1,CONDIMENTS/SAUCES,BBQ SAUCE,0.89,1,2024-03-04
27745116433,424,Member,Male,3.99,1,DINNER SAUSAGE,RED,3.99,4,2024-03-04
27745116433,424,Member,Male,1.5,1,BAKED BREAD/BUNS/ROLLS,SANDWICH BUNS,1.5,2,2024-03-04
27828990982,429,Member,Male,0.69,1,WATER - CARBONATED/FLVRD DRINK,NON-CRBNTD DRNKING/MNERAL WATE,0.69,1,2024-03-11
27828990982,429,Member,Male,13.99,1,INFANT CARE PRODUCTS,FEEDING ACCESSORIES BOTTLES,13.99,14,2024-03-11
27828990982,429,Member,Male,2.88,1,ORAL HYGIENE PRODUCTS,TOOTHPASTE,2.88,3,2024-03-11
27841230807,356,Member,Female,0.335,2,CANDY - CHECKLANE,CANDY BARS (SINGLES)(INCLUDING,0.67,1,2024-03-12
27841230807,356,Member,Female,0.99,1,COFFEE FILTERS,COFFEE FILTERS,0.99,1,2024-03-12
27841230807,356,Member,Female,0.3333333333333333,3,CANDY - CHECKLANE,CANDY BARS (SINGLES)(INCLUDING,1.0,1,2024-03-12
27841230807,356,Member,Female,0.33,1,CANDY - CHECKLANE,CANDY BARS (SINGLES)(INCLUDING,0.33,0,2024-03-12
27870987548,315,Member,Female,0.5,1,ONIONS,ONIONS OTHER,0.5,0,2024-03-15
27870987548,315,Member,Female,0.99,1,CONDIMENTS/SAUCES,SALAD MUSTARD,0.99,1,2024-03-15
27870987548,315,Member,Female,3.99,1,DINNER SAUSAGE,SMOKED/COOKED,3.99,4,2024-03-15
27870987548,315,Member,Female,2.19,1,BAKED BREAD/BUNS/ROLLS,SANDWICH BUNS,2.19,2,2024-03-15
27870987548,315,Member,Female,1.5,1,FLUID MILK PRODUCTS,FLUID MILK WHITE ONLY,1.5,2,2024-03-15
27870987548,315,Member,Female,3.49,1,BEERS/ALES,BEERALEMALT LIQUORS,3.49,3,2024-03-15
27870987548,315,Member,Female,3.99,1,CHEESE,STRING CHEESE,3.99,4,2024-03-15
27870987548,315,Member,Female,0.99,1,BAKED BREAD/BUNS/ROLLS,HOT DOG BUNS,0.99,1,2024-03-15
27870987548,315,Member,Female,1.5,2,BERRIES,STRAWBERRIES,3.0,3,2024-03-15
27870987548,315,Member,Female,3.99,1,BAG SNACKS,POTATO CHIPS,3.99,4,2024-03-15
27901313409,343,Member,Female,0.34,1,SOFT DRINKS,SFT DRNK 2 LITER BTL CARB INCL,0.34,0,2024-03-17
27901313409,343,Member,Female,2.0,1,SOFT DRINKS,SOFT DRINKS CAN NON-CARB (EXCE,2.0,2,2024-03-17
27901313409,343,Member,Female,0.59,1,SOFT DRINKS,SFT DRNK 2 LITER BTL CARB INCL,0.59,1,2024-03-17
27901313409,343,Member,Female,4.99,1,BEERS/ALES,BEERALEMALT LIQUORS,4.99,5,2024-03-17
27912820520,31642,Member,Male,0.59,1,BAKED BREAD/BUNS/ROLLS,SANDWICH BUNS,0.59,1,2024-03-18
27950656585,299,Member,Female,0.33,1,CANDY - CHECKLANE,CANDY BARS (SINGLES)(INCLUDING,0.33,0,2024-03-22
27950656585,299,Member,Female,0.34,1,CANDY - CHECKLANE,CANDY BARS (SINGLES)(INCLUDING,0.34,0,2024-03-22
27950656585,299,Member,Female,0.6,1,CANDY - CHECKLANE,CANDY BARS (SINGLES)(INCLUDING,0.6,1,2024-03-22
27950656585,299,Member,Female,1.0,1,SOFT DRINKS,SFT DRNK SNGL SRV BTL CARB (EX,1.0,1,2024-03-22
27985365062,361,Member,Male,0.0019989138797121,22097,COUPON/MISC ITEMS,GASOLINE-REG UNLEADED,44.17,44,2024-03-24
27997247013,316,Member,Male,1.0,2,SOFT DRINKS,SFT DRNK SNGL SRV BTL CARB (EX,2.0,2,2024-03-25
27997247013,316,Member,Male,3.99,1,WATER - CARBONATED/FLVRD DRINK,SPRING WATER,3.99,4,2024-03-25
27997247013,316,Member,Male,2.49,1,FLUID MILK PRODUCTS,CHOCOLATE MILK,2.49,2,2024-03-25
27997247013,316,Member,Male,1.0,6,FLUID MILK PRODUCTS,FLUID MILK WHITE ONLY,6.0,6,2024-03-25
27997247013,316,Member,Male,2.87,2,PORK,RIBS,5.74,6,2024-03-25
27997247013,316,Member,Male,7.85,1,PORK,SEASONED PORK,7.85,8,2024-03-25
27997247013,316,Member,Male,1.79,1,CHEESE,NATURAL CHEESE EXACT WT CHUNKS,1.79,2,2024-03-25
27997247013,316,Member,Male,3.34,1,SOFT DRINKS,SFT DRNK MLT-PK BTL CARB (EXCP,3.34,3,2024-03-25
27997247013,316,Member,Male,1.29,1,SOFT DRINKS,SFT DRNK MLT-PK BTL CARB (EXCP,1.29,1,2024-03-25
27997311029,447,Member,Female,0.25,4,CANDY - CHECKLANE,MINTS CANDY & BREATH (NOT LIF,1.0,1,2024-03-25
28141066911,396,Member,Female,1.0,1,FLUID MILK PRODUCTS,FLUID MILK WHITE ONLY,1.0,1,2024-04-05
28141066911,396,Member,Female,2.78,1,BEEF,SOUP/STEW,2.78,3,2024-04-05
28141066911,396,Member,Female,1.99,1,SOFT DRINKS,SOFT DRINKS 6PK/4PK CAN CARB (,1.99,2,2024-04-05
28141066911,396,Member,Female,1.99,1,FACIAL TISS/DNR NAPKIN,PAPER NAPKINS,1.99,2,2024-04-05
28141066911,396,Member,Female,0.32,1,TROPICAL FRUIT,BANANAS,0.32,0,2024-04-05
28141066911,396,Member,Female,1.29,1,BAKED BREAD/BUNS/ROLLS,DINNER ROLLS,1.29,1,2024-04-05
28141066911,396,Member,Female,1.0,1,FLUID MILK PRODUCTS,FLUID MILK WHITE ONLY,1.0,1,2024-04-05
28141066911,396,Member,Female,1.995,2,DINNER SAUSAGE,SMOKED/COOKED,3.99,4,2024-04-05
28179811614,359,Member,Male,0.79,2,BAKED BREAD/BUNS/ROLLS,HAMBURGER BUNS,1.58,2,2024-04-09
28179811614,359,Member,Male,1.99,1,SHORTENING/OIL,CANOLA OILS,1.99,2,2024-04-09
28179811614,359,Member,Male,0.99,2,OLIVES,RIPE OLIVES,1.98,2,2024-04-09
28179811614,359,Member,Male,2.0,1,LUNCHMEAT,BOLOGNA,2.0,2,2024-04-09
28179811614,359,Member,Male,2.99,1,PASTA SAUCE,MAINSTREAM,2.99,3,2024-04-09
28179811614,359,Member,Male,3.39,1,TEAS,TEA BAGS & BULK TEA,3.39,3,2024-04-09
28179811614,359,Member,Male,3.49,1,BAG SNACKS,MISC BAG SNACKS,3.49,3,2024-04-09
28179811614,359,Member,Male,1.5,1,PICKLE/RELISH/PKLD VEG,PICKLES,1.5,2,2024-04-09
28179811614,359,Member,Male,1.97,1,CHEESE,IWS SINGLE CHEESE,1.97,2,2024-04-09
28179811614,359,Member,Male,1.25,2,BEANS - CANNED GLASS & MW,PREPARED BEANS - BAKED W/PORK,2.5,2,2024-04-09
28179811614,359,Member,Male,0.99,1,VEGETABLES SALAD,HEAD LETTUCE,0.99,1,2024-04-09
28179811614,359,Member,Male,2.99,4,SOFT DRINKS,SFT DRNK MLT-PK BTL CARB (EXCP,11.96,12,2024-04-09
28179811614,359,Member,Male,3.29,1,HOT DOGS,PREMIUM - MEAT,3.29,3,2024-04-09
28179811614,359,Member,Male,0.69,1,CONDIMENTS/SAUCES,HOT MUSTARD/SPECIALTY MUSTAR,0.69,1,2024-04-09
28179811614,359,Member,Male,4.99,1,CHEESE,NATURAL CHEESE EXACT WT CHUNKS,4.99,5,2024-04-09
28179811614,359,Member,Male,4.99,1,PROCESSED,DRESSINGS,4.99,5,2024-04-09
28179811614,359,Member,Male,3.99,1,BACON,FLAVORED/OTHER,3.99,4,2024-04-09
28179811614,359,Member,Male,4.5,1,WATER - CARBONATED/FLVRD DRINK,SPRING WATER,4.5,4,2024-04-09
28179811614,359,Member,Male,1.0,2,CANNED JUICES,CRANBERRY JUICE (50% AND UNDER,2.0,2,2024-04-09
28179811614,359,Member,Male,1.99,1,MILK BY-PRODUCTS,SOUR CREAMS,1.99,2,2024-04-09
28179811614,359,Member,Male,2.57,2,FROZEN PIZZA,PIZZA/TRADITIONAL,5.14,5,2024-04-09
28179811614,359,Member,Male,0.5,4,VEGETABLES - SHELF STABLE,MUSHROOMS CND & GLASS,2.0,2,2024-04-09
28179811614,359,Member,Male,1.99,2,KITCHEN GADGETS,GADGETS/TOOLS,3.98,4,2024-04-09
28179811614,359,Member,Male,7.99,1,LIQUOR,TRADITIONAL VODKA(42 UNDER PRO,7.99,8,2024-04-09
28179811614,359,Member,Male,0.99,1,CRACKERS/MISC BKD FD,CROUTONS SALAD TOPPERS BREAD,0.99,1,2024-04-09
28179811614,359,Member,Male,2.0,2,SALAD MIX,GARDEN PLUS,4.0,4,2024-04-09
28179811614,359,Member,Male,7.1,2,BEEF,SELECT BEEF,14.2,14,2024-04-09
28179811614,359,Member,Male,2.5,1,PASTA SAUCE,MAINSTREAM,2.5,2,2024-04-09
28179811614,359,Member,Male,2.57,1,FROZEN PIZZA,PIZZA/TRADITIONAL,2.57,3,2024-04-09
28179811614,359,Member,Male,9.39,1,ANTACIDS,ANTI-ACIDS,9.39,9,2024-04-09
28179811614,359,Member,Male,9.45,1,BEEF,LEAN,9.45,9,2024-04-09
28179811614,359,Member,Male,2.99,1,PASTA SAUCE,MAINSTREAM,2.99,3,2024-04-09
28179811614,359,Member,Male,5.59,1,ANTACIDS,ANTI-ACIDS,5.59,6,2024-04-09
28179811614,359,Member,Male,2.0,2,MILK BY-PRODUCTS,COTTAGE CHEESE,4.0,4,2024-04-09
28179811614,359,Member,Male,2.99,1,PASTA SAUCE,MAINSTREAM,2.99,3,2024-04-09
28179811614,359,Member,Male,2.79,1,FLUID MILK PRODUCTS,MISCELLANEOUS MILK,2.79,3,2024-04-09
28179811614,359,Member,Male,2.79,1,SPICES & EXTRACTS,SPICES & SEASONINGS,2.79,3,2024-04-09
28179811614,359,Member,Male,6.99,1,HISPANIC,MEXICAN SAUCESSALSAPICANTEE,6.99,7,2024-04-09
28179811614,359,Member,Male,0.79,1,CONDIMENTS/SAUCES,SALAD MUSTARD,0.79,1,2024-04-09
28179811614,359,Member,Male,2.99,1,FRZN POTATOES,FRZN FRENCH FRIES,2.99,3,2024-04-09
28179811614,359,Member,Male,0.79,2,BAKED BREAD/BUNS/ROLLS,HOT DOG BUNS,1.58,2,2024-04-09
28179811614,359,Member,Male,3.29,1,SALAD MIX,BLENDS,3.29,3,2024-04-09
28179811614,359,Member,Male,4.99,1,CHEESE,NATURAL CHEESE EXACT WT CHUNKS,4.99,5,2024-04-09
28179811614,359,Member,Male,0.5,4,DRY NOODLES/PASTA,MACARONI DRY,2.0,2,2024-04-09
28179811614,359,Member,Male,3.0,1,BAG SNACKS,TORTILLA/NACHO CHIPS,3.0,3,2024-04-09
28179811614,359,Member,Male,2.0,1,LUNCHMEAT,POULTRY,2.0,2,2024-04-09
28179811614,359,Member,Male,0.53,4,VEGETABLES - SHELF STABLE,TOMATOES WHOLE,2.12,2,2024-04-09
28179811614,359,Member,Male,2.5,3,DINNER SAUSAGE,SMOKED/COOKED,7.5,8,2024-04-09
28179811614,359,Member,Male,1.67,1,BAG SNACKS,TORTILLA/NACHO CHIPS,1.67,2,2024-04-09
28179811614,359,Member,Male,1.67,1,BAG SNACKS,TORTILLA/NACHO CHIPS,1.67,2,2024-04-09
28179811614,359,Member,Male,2.49,1,TOMATOES,TOMATOES VINE RIPE PKG,2.49,2,2024-04-09
28179811614,359,Member,Male,5.19,1,FROZEN PIZZA,PIZZA/PREMIUM,5.19,5,2024-04-09
28179811614,359,Member,Male,8.99,1,BEERS/ALES,BEERALEMALT LIQUORS,8.99,9,2024-04-09
28197468400,448,Member,Female,3.99,1,ORAL HYGIENE PRODUCTS,ORAL HYGIENE BRUSHES,3.99,4,2024-04-11
28197468400,448,Member,Female,3.99,1,POPCORN,POPCORN - MICROWAVE,3.99,4,2024-04-11
28197468400,448,Member,Female,2.5,2,WATER - CARBONATED/FLVRD DRINK,NON-CRBNTD DRNKING/MNERAL WATE,5.0,5,2024-04-11
28210596234,406,Normal,Male,0.002019104624467,24392,COUPON/MISC ITEMS,GASOLINE-REG UNLEADED,49.25,49,2024-04-12
28235137372,362,Member,Female,7.99,1,SOFT DRINKS,SOFT DRINKS 20PK&24PK CAN CARB,7.99,8,2024-04-10
28235137372,362,Member,Female,1.21,1,VALUE ADDED FRUIT,INSTORE CUT FRUIT,1.21,1,2024-04-10
28235137372,362,Member,Female,1.5,1,BREAKFAST SWEETS,SW GDS: SW ROLLS/DAN,1.5,2,2024-04-10
28235137372,362,Member,Female,4.89,1,CRACKERS/MISC BKD FD,CHEESE CRACKERS (CHEEZ-ITS/GOL,4.89,5,2024-04-10
28235137372,362,Member,Female,1.99,1,FLUID MILK PRODUCTS,FLUID MILK WHITE ONLY,1.99,2,2024-04-10
28235137372,362,Member,Female,1.08,1,TROPICAL FRUIT,BANANAS,1.08,1,2024-04-10
28235137372,362,Member,Female,2.5,1,SOFT DRINKS,SOFT DRINKS 12/18&15PK CAN CAR,2.5,2,2024-04-10
28235206965,340,Normal,Female,0.0,0,REFRIGERATED,JUICE (OVER 50% JUICE),0.0,0,2024-04-10
28235206965,340,Normal,Female,2.09,1,PREPARED FOOD,PREP FD: SIDE DISHES (HOT),2.09,2,2024-04-10
28235206965,340,Normal,Female,0.99,1,SERVICE BEVERAGE,SV BEV: N/CARB FLV FRK/MINWTR,0.99,1,2024-04-10
28294337422,427,Member,Female,1.39,1,KITCHEN GADGETS,GADGETS/TOOLS,1.39,1,2024-04-18
28294337422,427,Member,Female,5.99,1,FILM AND CAMERA PRODUCTS,SINGLE USE CAMERAS,5.99,6,2024-04-18
28294337422,427,Member,Female,1.99,1,CANDY - CHECKLANE,CHEWING GUM,1.99,2,2024-04-18
28294337422,427,Member,Female,1.59,1,CANDY - CHECKLANE,CHEWING GUM,1.59,2,2024-04-18
28294337422,427,Member,Female,5.99,1,FILM AND CAMERA PRODUCTS,SINGLE USE CAMERAS,5.99,6,2024-04-18
28306555995,345,Member,Female,3.77,1,SOFT DRINKS,SOFT DRINKS 20PK&24PK CAN CARB,3.77,4,2024-04-19
28306555995,345,Member,Female,3.99,1,ICE CREAM/MILK/SHERBTS,PAILS,3.99,4,2024-04-19
28306555995,345,Member,Female,1.0,2,SOFT DRINKS,SFT DRNK SNGL SRV BTL CARB (EX,2.0,2,2024-04-19
28306592485,380,Normal,Male,2.99,1,MAKEUP AND TREATMENT,MAYBELLINE,2.99,3,2024-04-19
28306592485,380,Normal,Male,2.69,1,DISHWASH DETERGENTS,AUTOMATIC DISHWASHER DETERGENT,2.69,3,2024-04-19
28306592485,380,Normal,Male,0.3333333333333333,3,VEGETABLES - SHELF STABLE,PEAS GREEN,1.0,1,2024-04-19
28306592485,380,Normal,Male,1.79,1,ETHNIC PERSONAL CARE,ETHNIC HAIR CARE,1.79,2,2024-04-19
28331226664,297,Normal,Male,6.99,1,DIAPERS & DISPOSABLES,BABY DIAPERS,6.99,7,2024-04-21
28344480823,429,Member,Male,0.75,1,REFRIGERATED,TEA SWEETENED,0.75,1,2024-04-22
28344480823,429,Member,Male,0.5,1,CANDY - PACKAGED,CHEWING GUM,0.5,0,2024-04-22
28344480823,429,Member,Male,0.3,1,BAG SNACKS,SGL SV/VEND MACH SNACKS CHIP/P,0.3,0,2024-04-22
28345076823,447,Member,Male,1.47,1,MILK BY-PRODUCTS,COTTAGE CHEESE,1.47,1,2024-04-23
28345076823,447,Member,Male,2.99,1,CRACKERS/MISC BKD FD,SNACK CRACKERS,2.99,3,2024-04-23
28345076823,447,Member,Male,1.67,1,CANNED JUICES,ASEPTIC PACK JUICE AND DRINKS,1.67,2,2024-04-23
28345076823,447,Member,Male,2.69,1,REFRGRATD JUICES/DRNKS,DAIRY CASE 100% PURE JUICE - O,2.69,3,2024-04-23
28345076823,447,Member,Male,1.29,1,VEGETABLES - ALL OTHERS,CELERY,1.29,1,2024-04-23
28345076823,447,Member,Male,1.5,1,COCOA MIXES,MALTED MLK/SYRUP/PWDRS (EGGNOG,1.5,2,2024-04-23
28345076823,447,Member,Male,1.0,1,BATH TISSUES,TOILET TISSUE,1.0,1,2024-04-23
28345076823,447,Member,Male,3.03,1,CHICKEN,CHICKEN BREAST BONELESS,3.03,3,2024-04-23
28345076823,447,Member,Male,2.79,1,COFFEE,REGULAR BEAN,2.79,3,2024-04-23
28345076823,447,Member,Male,3.0,1,BREAKFAST SAUSAGE/SANDWICHES,ROLLS - PORK,3.0,3,2024-04-23
28345076823,447,Member,Male,1.67,1,CANNED JUICES,ASEPTIC PACK JUICE AND DRINKS,1.67,2,2024-04-23
28345076823,447,Member,Male,1.66,1,CANNED JUICES,ASEPTIC PACK JUICE AND DRINKS,1.66,2,2024-04-23
28345076823,447,Member,Male,3.34,1,SOFT DRINKS,SOFT DRINKS 12/18&15PK CAN CAR,3.34,3,2024-04-23
28364391776,388,Member,Male,3.49,1,FRZN ICE,ICE - CRUSHED/CUBED,3.49,3,2024-04-24
28364391776,388,Member,Male,10.99,1,IMPORTED WINE,AUSTRALIAN/NZ WINES,10.99,11,2024-04-24
28379318181,406,Normal,Female,3.99,1,HOUSEHOLD CLEANG NEEDS,DRAIN CARE,3.99,4,2024-04-25
28379318181,406,Normal,Female,4.5,1,WATER - CARBONATED/FLVRD DRINK,SPRING WATER,4.5,4,2024-04-25
28391457153,327,Member,Female,2.5,1,BAG SNACKS,DIPS (NON-REFRIGERATED),2.5,2,2024-04-26
28391457153,327,Member,Female,2.39,1,BAG SNACKS,DIPS (NON-REFRIGERATED),2.39,2,2024-04-26
28391457153,327,Member,Female,3.29,1,BAG SNACKS,TORTILLA/NACHO CHIPS,3.29,3,2024-04-26
28391758666,391,Member,Male,0.79,1,EGGS,EGGS - LARGE,0.79,1,2024-04-27
28391758666,391,Member,Male,0.88,1,BAKED BREAD/BUNS/ROLLS,MAINSTREAM WHEAT/MULTIGRAIN BR,0.88,1,2024-04-27
28391758666,391,Member,Male,3.89,1,DISHWASH DETERGENTS,AUTO DISH DETERGENT - GEL,3.89,4,2024-04-27
28391758666,391,Member,Male,0.99,1,NEWSPAPER,NEWSPAPER,0.99,1,2024-04-27
28391758666,391,Member,Male,2.99,1,HAIR CARE PRODUCTS,SHAMPOO,2.99,3,2024-04-27
28391758666,391,Member,Male,0.89,1,PICKLE/RELISH/PKLD VEG,RELISHES,0.89,1,2024-04-27
28391758666,391,Member,Male,4.79,1,DEODORANTS,SOLID/STK DEODORANTS,4.79,5,2024-04-27
28391758666,391,Member,Male,3.99,1,DEODORANTS,ANTIPERSPIRANTS ONLY (ALL OTHE,3.99,4,2024-04-27
28391758666,391,Member,Male,7.99,1,LAUNDRY ADDITIVES,FABRIC SOFTENER LIQUID,7.99,8,2024-04-27
28405647680,32004,Member,Female,2.59,1,ICE CREAM/MILK/SHERBTS,PREMIUM PINTS,2.59,3,2024-04-27
28405647680,32004,Member,Female,2.59,1,ICE CREAM/MILK/SHERBTS,PREMIUM PINTS,2.59,3,2024-04-27
28405805924,447,Member,Female,0.99,1,BAKED BREAD/BUNS/ROLLS,HAMBURGER BUNS,0.99,1,2024-04-27
28405805924,447,Member,Female,3.46,1,BEEF,GRND/PATTY - BEEF,3.46,3,2024-04-27
28405805924,447,Member,Female,1.11,1,TOMATOES,TOMATOES HOT HOUSE BULK,1.11,1,2024-04-27
28405805924,447,Member,Female,7.76,1,BEEF,SELECT BEEF,7.76,8,2024-04-27
28405805924,447,Member,Female,1.5,1,BAKED BREAD/BUNS/ROLLS,MAINSTREAM WHITE BREAD,1.5,2,2024-04-27
28405805924,447,Member,Female,0.79,1,EGGS,EGGS - X-LARGE,0.79,1,2024-04-27
28417696264,414,Member,Female,0.5,1,COOKIES/CONES,VENDOR SIZE/SINGLE SERVE COOKI,0.5,0,2024-04-28
28417696264,414,Member,Female,0.81,1,FLUID MILK PRODUCTS,CHOCOLATE MILK,0.81,1,2024-04-28
28511584271,361,Member,Male,3.69,1,HOUSEHOLD CLEANG NEEDS,DRAIN CARE,3.69,4,2024-04-29
28511584271,361,Member,Male,1.99,1,BLEACH,LIQUID BLEACH,1.99,2,2024-04-29
28511722427,356,Normal,Male,0.5,2,ONIONS,ONIONS OTHER,1.0,1,2024-04-29
28511722427,356,Normal,Male,1.49,1,HERBS,HERBS CILANTO,1.49,1,2024-04-29
28511722427,356,Normal,Male,12.99,1,HAND/BODY/FACIAL PRODUCTS,FACIAL SOAPS-SCRUBS-MASKS,12.99,13,2024-04-29
28511722427,356,Normal,Male,0.99,1,VEGETABLES SALAD,HEAD LETTUCE,0.99,1,2024-04-29
28511722427,356,Normal,Male,7.11,1,PORK,LOIN - ROAST,7.11,7,2024-04-29
28511722427,356,Normal,Male,1.99,1,MUSHROOMS,MUSHROOMS W/WHOLE PKG,1.99,2,2024-04-29
28511722427,356,Normal,Male,0.4,5,CORN,CORN YELLOW,2.0,2,2024-04-29
28511722427,356,Normal,Male,3.36,1,PORK,RIBS,3.36,3,2024-04-29
28511722427,356,Normal,Male,3.52,1,TOMATOES,ROMA TOMATOES (BULK/PKG),3.52,4,2024-04-29
28511722427,356,Normal,Male,1.7,1,VEGETABLES SALAD,VARIETY LETTUCE,1.7,2,2024-04-29
28511722427,356,Normal,Male,2.99,1,APPLES,APPLES GOLD DELICIOUS (BULK&BA,2.99,3,2024-04-29
28511722427,356,Normal,Male,12.99,1,HAND/BODY/FACIAL PRODUCTS,FACIAL MOISTURIZERS,12.99,13,2024-04-29
28511803166,400,Member,Female,2.5,1,FROZEN PIZZA,PIZZA/TRADITIONAL,2.5,2,2024-04-29
28511803166,400,Member,Female,5.99,1,BEERS/ALES,BEERALEMALT LIQUORS,5.99,6,2024-04-29
28511803166,400,Member,Female,4.19,1,COLD CEREAL,ALL FAMILY CEREAL,4.19,4,2024-04-29
28511803166,400,Member,Female,1.48,1,ORGANICS FRUIT & VEGETABLES,ORGANIC TROPICAL FRUIT,1.48,1,2024-04-29
28516010684,758,Member,Male,0.87,2,HARDWARE SUPPLIES,HANGERS,1.74,2,2024-04-30
28516010684,758,Member,Male,1.67,1,CONVENIENT BRKFST/WHLSM SNACKS,GRANOLA BARS,1.67,2,2024-04-30
28516010684,758,Member,Male,0.71,1,TROPICAL FRUIT,BANANAS,0.71,1,2024-04-30
28516010684,758,Member,Male,0.4,1,YOGURT,YOGURT NOT MULTI-PACKS,0.4,0,2024-04-30
28516010684,758,Member,Male,0.4,1,YOGURT,YOGURT NOT MULTI-PACKS,0.4,0,2024-04-30
28516010684,758,Member,Male,0.4,1,YOGURT,YOGURT NOT MULTI-PACKS,0.4,0,2024-04-30
28516010684,758,Member,Male,1.49,1,ICE CREAM/MILK/SHERBTS,PREMIUM PINTS,1.49,1,2024-04-30
28536795658,292,Member,Female,1.5,1,MUSHROOMS,MUSHROOMS WHITE SLICED PKG,1.5,2,2024-05-01
28536795658,292,Member,Female,4.09,1,SUGARS/SWEETNERS,SWEETENERS,4.09,4,2024-05-01
28536795658,292,Member,Female,0.5,2,VEGETABLES - ALL OTHERS,CUCUMBERS,1.0,1,2024-05-01
28536795658,292,Member,Female,3.19,2,CIGARETTES,CIGARETTES,6.38,6,2024-05-01
28536795658,292,Member,Female,2.0,1,MELONS,CANTALOUPE WHOLE,2.0,2,2024-05-01
28536795658,292,Member,Female,6.99,2,DIETARY AID PRODUCTS,LIQUID NUTRITION FOR ADULTS,13.98,14,2024-05-01
28536795658,292,Member,Female,3.19,1,DOG FOODS,DOG TREATS (SOFT TREATS),3.19,3,2024-05-01
28536795658,292,Member,Female,13.65,1,BEEF,LOIN - STK/CHP/SLC,13.65,14,2024-05-01
28536795658,292,Member,Female,1.67,1,FLUID MILK PRODUCTS,FLUID MILK WHITE ONLY,1.67,2,2024-05-01
28536795658,292,Member,Female,0.99,1,VEGETABLES SALAD,HEAD LETTUCE,0.99,1,2024-05-01
28536795658,292,Member,Female,1.97,1,FRZN MEAT/MEAT DINNERS,FRZN SS PREMIUM ENTREES/DNRS/T,1.97,2,2024-05-01
28536795658,292,Member,Female,2.09,1,BAKED BREAD/BUNS/ROLLS,RYE BREADS,2.09,2,2024-05-01
28536795658,292,Member,Female,0.0,0, , ,0.0,0,2024-05-01
28536795658,292,Member,Female,3.335,2,SOFT DRINKS,SOFT DRINKS 12/18&15PK CAN CAR,6.67,7,2024-05-01
28571755069,323,Member,Male,1.99,1,ONIONS,ONIONS YELLOW (BULK&BAG),1.99,2,2024-05-05
28571755069,323,Member,Male,1.0,1,PASTA SAUCE,MAINSTREAM,1.0,1,2024-05-05
28571755069,323,Member,Male,1.79,2,BREAKFAST SAUSAGE/SANDWICHES,ROLLS - PORK,3.58,4,2024-05-05
28601066395,333,Member,Female,2.79,1,CHEESE,IWS SINGLE CHEESE,2.79,3,2024-05-06
28601066395,333,Member,Female,2.3,1,CONDIMENTS/SAUCES,CATSUP,2.3,2,2024-05-06
28601066395,333,Member,Female,2.88,1,MELONS,WATERMELON SEEDLESS WHOLE,2.88,3,2024-05-06
28601066395,333,Member,Female,5.09,1,DELI MEATS,MEAT:HAM BULK,5.09,5,2024-05-06
28601331913,296,Normal,Female,1.25,1,WAREHOUSE SNACKS,CANISTER POTATO/TORT CHIPS,1.25,1,2024-05-07
28601331913,296,Normal,Female,3.19,1,CANNED JUICES,FRUIT DRINKS: CANNED & GLASS (,3.19,3,2024-05-07
28601331913,296,Normal,Female,2.69,1,CANNED JUICES,CRANBERRY JUICE (50% AND UNDER,2.69,3,2024-05-07
28601331913,296,Normal,Female,2.86,1,CIGARETTES,CIGARETTES,2.86,3,2024-05-07
28601331913,296,Normal,Female,0.88,2,CANDY - PACKAGED,CANDY BARS (MULTI PACK),1.76,2,2024-05-07
28601371320,295,Normal,Female,2.99,1,BAKED SWEET GOODS,SW GDS:DONUTS,2.99,3,2024-05-07
28601371320,295,Normal,Female,2.25,1,TOMATOES,TOMATOES HOTHOUSE ON THE VINE,2.25,2,2024-05-07
28601371320,295,Normal,Female,0.79,1,VEGETABLES SALAD,HEAD LETTUCE,0.79,1,2024-05-07
28601371320,295,Normal,Female,0.88,1,CONDIMENTS/SAUCES,CATSUP,0.88,1,2024-05-07
28601371320,295,Normal,Female,2.49,1,FLUID MILK PRODUCTS,FLUID MILK WHITE ONLY,2.49,2,2024-05-07
28601371320,295,Normal,Female,1.99,1,SUGARS/SWEETNERS,SUGAR,1.99,2,2024-05-07
28601371320,295,Normal,Female,2.0,1,BAG SNACKS,TORTILLA/NACHO CHIPS,2.0,2,2024-05-07
28601371320,295,Normal,Female,2.5,1,COLD CEREAL,KIDS CEREAL,2.5,2,2024-05-07
28619177010,323,Member,Male,0.35,1,SOFT DRINKS,SOFT DRINKS 20PK&24PK CAN CARB,0.35,0,2024-05-08
28619177010,323,Member,Male,5.04,1,SALAD BAR,SALAD BAR FRESH FRUIT,5.04,5,2024-05-08
28619177010,323,Member,Male,0.0,0, , ,0.0,0,2024-05-08
28619518025,306,Member,Male,2.0,2,BAKED BREAD/BUNS/ROLLS,PREMIUM BREAD,4.0,4,2024-05-08
28619518025,306,Member,Male,2.145,2,BACON,PREMIUM,4.29,4,2024-05-08
28619518025,306,Member,Male,0.99,1,DELI SUPPLIES,CAKES - OTHER,0.99,1,2024-05-08
28619518025,306,Member,Male,3.99,1,BLEACH,SOIL & STAIN REMOVER,3.99,4,2024-05-08
28619518025,306,Member,Male,2.0,1,BAG SNACKS,CORN CHIPS,2.0,2,2024-05-08
28619518025,306,Member,Male,2.0,1,BAG SNACKS,CORN CHIPS,2.0,2,2024-05-08
28619518025,306,Member,Male,0.99,1,REFRGRATD JUICES/DRNKS,DAIRY CASE JUICE DRNK UNDER 10,0.99,1,2024-05-08
28619518025,306,Member,Male,0.99,1,REFRGRATD JUICES/DRNKS,DAIRY CASE JUICE DRNK UNDER 10,0.99,1,2024-05-08
28619518025,306,Member,Male,1.77,1,BAG SNACKS,POTATO CHIPS,1.77,2,2024-05-08
28619518025,306,Member,Male,1.49,2,CANDY - CHECKLANE,MINTS CANDY & BREATH (NOT LIF,2.98,3,2024-05-08
28628936812,337,Member,Male,0.6,1,CANDY - CHECKLANE,CANDY BARS (SINGLES)(INCLUDING,0.6,1,2024-05-09
28628936812,337,Member,Male,0.59,1,SOFT DRINKS,SFT DRNK 2 LITER BTL CARB INCL,0.59,1,2024-05-09
28648484973,343,Member,Female,1.89,1,BAKED BREAD/BUNS/ROLLS,MAINSTREAM WHITE BREAD,1.89,2,2024-05-11
28648484973,343,Member,Female,2.49,2,FLUID MILK PRODUCTS,FLUID MILK WHITE ONLY,4.98,5,2024-05-11
28675108865,361,Member,Male,14.99,1,GARDEN CENTER,PREMIUM PERENNIALS (OUTDOOR),14.99,15,2024-05-12
28675108865,361,Member,Male,2.29,1,MOLASSES/SYRUP/PANCAKE MIXS,PANCAKE MIXES,2.29,2,2024-05-12
28675108865,361,Member,Male,1.74,1,SALAD BAR,SALAD BAR FRESH FRUIT,1.74,2,2024-05-12
28675108865,361,Member,Male,3.69,1,MOLASSES/SYRUP/PANCAKE MIXS,MOLASSES & SYRUPS,3.69,4,2024-05-12
28675108865,361,Member,Male,3.19,1,SALD DRSNG/SNDWCH SPRD,POURABLE SALAD DRESSINGS,3.19,3,2024-05-12
28675108865,361,Member,Male,3.49,1,CHARCOAL AND LIGHTER FLUID,FIREWOOD,3.49,3,2024-05-12
28675701062,406,Member,Female,3.49,1,BAKED SWEET GOODS,SNACK CAKE - MULTI PACK,3.49,3,2024-05-13
28675701062,406,Member,Female,0.5,2,VEGETABLES - SHELF STABLE,MUSHROOMS CND & GLASS,1.0,1,2024-05-13
28675701062,406,Member,Female,1.49,1,BROCCOLI/CAULIFLOWER,BROCCOLI WHOLE&CROWNS,1.49,1,2024-05-13
28675701062,406,Member,Female,3.25,1,BEEF,PRIMAL,3.25,3,2024-05-13
28675701062,406,Member,Female,0.69,3,HISPANIC,ORIENTAL NOODLES RICE,2.07,2,2024-05-13
28675701062,406,Member,Female,0.79,1,FRUIT - SHELF STABLE,PINEAPPLE,0.79,1,2024-05-13
28675701062,406,Member,Female,2.79,1,YOGURT,YOGURT NOT MULTI-PACKS,2.79,3,2024-05-13
28675701062,406,Member,Female,2.345,2,SEAFOOD - FROZEN,FRZN BRD STICK/PORTON,4.69,5,2024-05-13
28675701062,406,Member,Female,0.38125,8,CORN,CORN YELLOW,3.05,3,2024-05-13
28675701062,406,Member,Female,1.18,1,VEGETABLES - ALL OTHERS,CABBAGE,1.18,1,2024-05-13
28675701062,406,Member,Female,0.95,1,APPLES,APPLES GOLD DELICIOUS (BULK&BA,0.95,1,2024-05-13
28675701062,406,Member,Female,3.59,1,CHICKEN,CHICKEN BREAST BONELESS,3.59,4,2024-05-13
28675701062,406,Member,Female,0.99,2,WATER - CARBONATED/FLVRD DRINK,SPRING WATER,1.98,2,2024-05-13
28675701062,406,Member,Female,1.79,1,REFRIGERATED,TOFU,1.79,2,2024-05-13
28675701062,406,Member,Female,2.49,1,PORK,GROUND PORK,2.49,2,2024-05-13
28675701062,406,Member,Female,0.99,1,DRY NOODLES/PASTA,SPAGHETTI DRY,0.99,1,2024-05-13
28675701062,406,Member,Female,1.19,1,FRUIT - SHELF STABLE,FRUIT COCKTAIL FRUIT SALAD,1.19,1,2024-05-13
28675701062,406,Member,Female,3.49,1,GREETING CARDS/WRAP/PARTY SPLY,SPECIAL EVERYDAY,3.49,3,2024-05-13
28675701062,406,Member,Female,4.99,1,BABY HBC,BABY WIPES,4.99,5,2024-05-13
28675701062,406,Member,Female,2.5,1,YOGURT,YOGURT MULTI-PACKS,2.5,2,2024-05-13
28675701062,406,Member,Female,1.89,1,CHEESE,CREAM CHEESE,1.89,2,2024-05-13
28698207035,321,Member,Female,2.69,1,WATER - CARBONATED/FLVRD DRINK,DISTILLED WATER,2.69,3,2024-05-14
28698207035,321,Member,Female,1.0,1,REFRGRATD JUICES/DRNKS,DAIRY CASE 100% PURE JUICE - O,1.0,1,2024-05-14
28698207035,321,Member,Female,1.0,1,EGGS,EGGS - LARGE,1.0,1,2024-05-14
28698207035,321,Member,Female,2.99,1,SEAFOOD - FROZEN,FRZN BRD STICK/PORTON,2.99,3,2024-05-14
28698207035,321,Member,Female,1.5,1,REFRGRATD DOUGH PRODUCTS,REFRIGERATED BAGELS,1.5,2,2024-05-14
28698207035,321,Member,Female,2.32,1,FLUID MILK PRODUCTS,FLUID MILK WHITE ONLY,2.32,2,2024-05-14
28698207035,321,Member,Female,1.5,2,PNT BTR/JELLY/JAMS,JELLY,3.0,3,2024-05-14
28698207035,321,Member,Female,0.81,1,CHEESE,CREAM CHEESE,0.81,1,2024-05-14
28698207035,321,Member,Female,2.99,1,SEAFOOD - FROZEN,FRZN GRILLED PORTIONS,2.99,3,2024-05-14
28698207035,321,Member,Female,7.06,1,SEAFOOD-FRESH,SEAFOOD-FRE-MISC,7.06,7,2024-05-14
28732987637,442,Normal,Male,1.0,1,FRZN NOVELTIES/WTR ICE,WATER ICE,1.0,1,2024-05-15
28732987637,442,Normal,Male,0.5,1,CANDY - PACKAGED,CHEWING GUM,0.5,0,2024-05-15
28732987637,442,Normal,Male,1.0,4,ICE CREAM/MILK/SHERBTS,QUARTS,4.0,4,2024-05-15
28732987637,442,Normal,Male,0.5,1,CANDY - PACKAGED,CHEWING GUM,0.5,0,2024-05-15
28732987637,442,Normal,Male,1.0,1,CANDY - PACKAGED,CANDY BARS (MULTI PACK),1.0,1,2024-05-15
28732987637,442,Normal,Male,1.0,1,CANDY - PACKAGED,CANDY BARS (MULTI PACK),1.0,1,2024-05-15
28733028491,432,Normal,Male,2.5,1,ICE CREAM/MILK/SHERBTS,PREMIUM,2.5,2,2024-05-15
28733028491,432,Normal,Male,4.59,1,CIGARETTES,CIGARETTES,4.59,5,2024-05-15
28733028491,432,Normal,Male,0.99,1,REFRGRATD JUICES/DRNKS,DAIRY CASE TEA WITH SUGAR OR S,0.99,1,2024-05-15
28757367478,31782,Member,Female,6.29,1,BOOKSTORE,PAPERBACK BOOKS,6.29,6,2024-05-17
28757367478,31782,Member,Female,1.995,2,COOKIES,COOKIES: REGULAR,3.99,4,2024-05-17
28757367478,31782,Member,Female,3.0,1,CANNED JUICES,GRAPE JUICE (OVER 50% JUICE),3.0,3,2024-05-17
28757367478,31782,Member,Female,2.5,1,SOFT DRINKS,SFT DRNK MLT-PK BTL CARB (EXCP,2.5,2,2024-05-17
28757367478,31782,Member,Female,3.29,1,SOFT DRINKS,SFT DRNK MLT-PK BTL CARB (EXCP,3.29,3,2024-05-17
28757367478,31782,Member,Female,3.0,1,CANNED JUICES,GRAPE JUICE (OVER 50% JUICE),3.0,3,2024-05-17
28757612809,375,Normal,Male,1.23,1,STONE FRUIT,PLUMS,1.23,1,2024-05-17
28757612809,375,Normal,Male,2.0,4,BAKING NEEDS,BITS & MORSELS,8.0,8,2024-05-17
28757612809,375,Normal,Male,0.99,1,NEWSPAPER,NEWSPAPER,0.99,1,2024-05-17
28757612809,375,Normal,Male,2.5,2,MISC. DAIRY,REFRIGERATED PUDDING,5.0,5,2024-05-17
28757612809,375,Normal,Male,3.0,2,CONDIMENTS/SAUCES,BBQ SAUCE,6.0,6,2024-05-17
28771311845,295,Member,Female,1.0,1,SOFT DRINKS,SFT DRNK 2 LITER BTL CARB INCL,1.0,1,2024-05-18
28771311845,295,Member,Female,2.39,1,COCOA MIXES,MALTED MLK/SYRUP/PWDRS (EGGNOG,2.39,2,2024-05-18
28771311845,295,Member,Female,2.39,1,COCOA MIXES,MALTED MLK/SYRUP/PWDRS (EGGNOG,2.39,2,2024-05-18
28771311845,295,Member,Female,1.39,1,CONDIMENTS/SAUCES,CATSUP,1.39,1,2024-05-18
28771311845,295,Member,Female,3.49,1,CHEESE,IWS SINGLE CHEESE,3.49,3,2024-05-18
28771311845,295,Member,Female,6.99,1,BREAKFAST SAUSAGE/SANDWICHES,SANDWICHES/BISCUITS/GRAVY,6.99,7,2024-05-18
28771311845,295,Member,Female,1.79,1,COFFEE FILTERS,COFFEE FILTERS,1.79,2,2024-05-18
28771311845,295,Member,Female,1.0,1,FLUID MILK PRODUCTS,FLUID MILK WHITE ONLY,1.0,1,2024-05-18
28771311845,295,Member,Female,8.49,1,COFFEE,REGULAR BEAN,8.49,8,2024-05-18
28771311845,295,Member,Female,3.19,1,BAG SNACKS,POTATO CHIPS,3.19,3,2024-05-18
28771311845,295,Member,Female,1.88,1,BAG SNACKS,POTATO CHIPS,1.88,2,2024-05-18
28788261946,345,Member,Male,0.0022490739107426,11338,COUPON/MISC ITEMS,GASOLINE-REG UNLEADED,25.5,26,2024-05-19
28788727893,422,Member,Male,3.99,1,FRZN MEAT/MEAT DINNERS,FRZN MULTI SERVE ENTREES ALL,3.99,4,2024-05-20
28788727893,422,Member,Male,1.0,1,FLUID MILK PRODUCTS,FLUID MILK WHITE ONLY,1.0,1,2024-05-20
28788727893,422,Member,Male,0.295,2,CORN,CORN YELLOW,0.59,1,2024-05-20
28788727893,422,Member,Male,5.99,1,DOMESTIC WINE,POPULAR 750ML WINES,5.99,6,2024-05-20
28788727893,422,Member,Male,3.99,1,FRZN MEAT/MEAT DINNERS,FRZN MULTI SERVE ENTREES ALL,3.99,4,2024-05-20
28788727893,422,Member,Male,1.0,1,FLUID MILK PRODUCTS,FLUID MILK WHITE ONLY,1.0,1,2024-05-20
28788727893,422,Member,Male,5.49,1,FROZEN PIZZA,PIZZA/PREMIUM,5.49,5,2024-05-20
28788727893,422,Member,Male,4.49,1,DOMESTIC WINE,FIGHTING VARIETAL WINES,4.49,4,2024-05-20
28788940749,427,Member,Female,9.99,1,LAUNDRY ADDITIVES,FABRIC REFRESHERS/DRY CLEAN,9.99,10,2024-05-21
28788940749,427,Member,Female,1.99,1,FD WRAPS/BAGS/TRSH BG,FOOD STORAGE BAGS,1.99,2,2024-05-21
28788940749,427,Member,Female,3.02,1,VEGETABLES - ALL OTHERS,ASPARAGUS,3.02,3,2024-05-21
28788940749,427,Member,Female,1.79,1,BAKING MIXES,PIE CRUST MIXES & SHELLS,1.79,2,2024-05-21
28788940749,427,Member,Female,2.99,1,SPICES & EXTRACTS,SPICES & SEASONINGS,2.99,3,2024-05-21
28788940749,427,Member,Female,1.59,1,BROOMS AND MOPS,SPONGES: BATH HOUSEHOLD,1.59,2,2024-05-21
28788940749,427,Member,Female,9.99,1,LAUNDRY DETERGENTS,LIQUID LAUNDRY DETERGENTS,9.99,10,2024-05-21
28789660693,446,Member,Female,7.99,1,COFFEE,GROUND COFFEE,7.99,8,2024-05-22
28789660693,446,Member,Female,1.74,1,APPLES,APPLES RED DELICIOUS (BULK&BAG,1.74,2,2024-05-22
28789660693,446,Member,Female,2.69,1,REFRGRATD JUICES/DRNKS,DAIRY CASE 100% PURE JUICE - O,2.69,3,2024-05-22
28789660693,446,Member,Female,1.41,1,STONE FRUIT,PEACHES YELLOW FLESH,1.41,1,2024-05-22
28789660693,446,Member,Female,2.5,1,BERRIES,RASPBERRIES,2.5,2,2024-05-22
28789660693,446,Member,Female,3.5,1,PNT BTR/JELLY/JAMS,HONEY,3.5,4,2024-05-22
28789660693,446,Member,Female,0.36,1,TROPICAL FRUIT,BANANAS,0.36,0,2024-05-22
28789660693,446,Member,Female,3.05,1,VALUE ADDED FRUIT,INSTORE CUT FRUIT,3.05,3,2024-05-22
28789660693,446,Member,Female,2.49,1,FLUID MILK PRODUCTS,FLUID MILK WHITE ONLY,2.49,2,2024-05-22
28789660693,446,Member,Female,2.5,1,BERRIES,BLUEBERRIES,2.5,2,2024-05-22
28789660693,446,Member,Female,14.99,1,FITNESS&DIET,FITNESS & DIET - SUPPLEMENTS,14.99,15,2024-05-22
28790142176,32004,Normal,Female,3.99,1,LAUNDRY ADDITIVES,FABRIC SOFTENER LIQUID,3.99,4,2024-05-23
28790142176,32004,Normal,Female,2.59,1,FRUIT - SHELF STABLE,FRUIT BOWL AND CUPS,2.59,3,2024-05-23
28790142176,32004,Normal,Female,2.99,1,BEERS/ALES,BEERALE -NON ALCOHOLIC,2.99,3,2024-05-23
28790142176,32004,Normal,Female,2.59,1,MISC WINE,BEVERAGE WINES,2.59,3,2024-05-23
28790142176,32004,Normal,Female,2.99,1,FD WRAPS/BAGS/TRSH BG,PLASTIC WRAP (SARANETC.),2.99,3,2024-05-23
28790142176,32004,Normal,Female,4.59,1,CHICKEN/POULTRY,CHIX: ROTISSERIE (HOT),4.59,5,2024-05-23
28790142176,32004,Normal,Female,0.5,2,PAPER TOWELS,PAPER TOWELS & HOLDERS,1.0,1,2024-05-23
28790142176,32004,Normal,Female,2.99,1,LUNCHMEAT,BOLOGNA,2.99,3,2024-05-23
28790142176,32004,Normal,Female,1.99,1,FLUID MILK PRODUCTS,BUTTERMILK,1.99,2,2024-05-23
28790142176,32004,Normal,Female,1.59,1,SOFT DRINKS,SFT DRNK 2 LITER BTL CARB INCL,1.59,2,2024-05-23
28790142176,32004,Normal,Female,0.79,2,SOUP,CONDENSED SOUP,1.58,2,2024-05-23
28790142176,32004,Normal,Female,1.0,10,BATH TISSUES,TOILET TISSUE,10.0,10,2024-05-23
28790142176,32004,Normal,Female,2.33,1,MISC. DAIRY,REFRIGERATED PUDDING,2.33,2,2024-05-23
28790142176,32004,Normal,Female,2.34,1,MISC. DAIRY,REFRIGERATED PUDDING,2.34,2,2024-05-23
28790142176,32004,Normal,Female,2.99,1,LAUNDRY DETERGENTS,LIQUID LAUNDRY DETERGENTS,2.99,3,2024-05-23
28790142176,32004,Normal,Female,0.99,1,FLOUR & MEALS,FLOUR: WHITE & SELF RISING,0.99,1,2024-05-23
28790142176,32004,Normal,Female,10.29,1,BAKING NEEDS,BAKING NUTS,10.29,10,2024-05-23
28790142176,32004,Normal,Female,2.29,1,CONVENIENT BRKFST/WHLSM SNACKS,GRANOLA BARS,2.29,2,2024-05-23
28790142176,32004,Normal,Female,3.69,1,BATH,FRAGRANCED BATH PRODUCTS,3.69,4,2024-05-23
28790142176,32004,Normal,Female,1.0,1,BAKED BREAD/BUNS/ROLLS,MAINSTREAM WHITE BREAD,1.0,1,2024-05-23
28790142176,32004,Normal,Female,3.19,1,CONVENIENT BRKFST/WHLSM SNACKS,TREATS,3.19,3,2024-05-23
28790421644,31401,Member,Male,7.99,1,BEERS/ALES,BEERALEMALT LIQUORS,7.99,8,2024-05-23
28790421644,31401,Member,Male,2.5,1,FROZEN MEAT,PIZZA,2.5,2,2024-05-23
28790421644,31401,Member,Male,6.99,1,BEERS/ALES,BEERALEMALT LIQUORS,6.99,7,2024-05-23
28790421644,31401,Member,Male,4.59,1,SOFT DRINKS,SOFT DRINKS 12/18&15PK CAN CAR,4.59,5,2024-05-23
28790582040,369,Normal,Female,0.88,1,EGGS,EGGS - LARGE,0.88,1,2024-05-23
28790582040,369,Normal,Female,1.79,1,BREAD,BREAD:ITALIAN/FRENCH,1.79,2,2024-05-23
28919181737,292,Member,Female,2.99,1,LAUNDRY DETERGENTS,LIQUID LAUNDRY DETERGENTS,2.99,3,2024-05-28
28919181737,292,Member,Female,2.99,2,AIR CARE,AIR CARE - CONTINUOUS ACTION,5.98,6,2024-05-28
28919181737,292,Member,Female,1.89,1,AIR CARE,AIR CARE - CONTINUOUS ACTION,1.89,2,2024-05-28
28919200138,339,Member,Female,0.5,2,BAKED SWEET GOODS,SNACK CAKE - SINGLE SERVE,1.0,1,2024-05-28
28919200138,339,Member,Female,1.29,1,SOFT DRINKS,SFT DRNK MLT-PK BTL CARB (EXCP,1.29,1,2024-05-28
28919393779,369,Normal,Male,0.0025390625,8960,COUPON/MISC ITEMS,GASOLINE-REG UNLEADED,22.75,23,2024-05-28
28919407966,391,Member,Male,2.69,1,PNT BTR/JELLY/JAMS,PRESERVES JAM MARMALADE,2.69,3,2024-05-28
28919407966,391,Member,Male,3.56,1,DELI MEATS,MEAT: LUNCHMEAT BULK,3.56,4,2024-05-28
28919407966,391,Member,Male,3.59,1,CHEESE,CHEESE CRACKERS (CHEEZ-ITS/GOL,3.59,4,2024-05-28
28919407966,391,Member,Male,3.89,1,PNT BTR/JELLY/JAMS,PEANUT BUTTER,3.89,4,2024-05-28
28919407966,391,Member,Male,3.84,1,CHEESES,CHEESE: NATURAL BULK,3.84,4,2024-05-28
28919407966,391,Member,Male,2.5,1,CRACKERS/MISC BKD FD,SNACK CRACKERS,2.5,2,2024-05-28
28919407966,391,Member,Male,3.17,1,CHEESES,CHEESE: NATURAL BULK,3.17,3,2024-05-28
28919407966,391,Member,Male,8.94,1,SALAD BAR,SALAD BAR FRESH FRUIT,8.94,9,2024-05-28
28919407966,391,Member,Male,1.79,1,HAIR CARE PRODUCTS,SHAMPOO,1.79,2,2024-05-28
28919407966,391,Member,Male,2.49,1,FLUID MILK PRODUCTS,FLUID MILK WHITE ONLY,2.49,2,2024-05-28
28919407966,391,Member,Male,6.47,1,DELI MEATS,MEAT:HAM BULK,6.47,6,2024-05-28
28919407966,391,Member,Male,1.69,1,BAKED BREAD/BUNS/ROLLS,MAINSTREAM WHEAT/MULTIGRAIN BR,1.69,2,2024-05-28
28919407966,391,Member,Male,1.88,1,COOKIES/CONES,TRAY PACK/CHOC CHIP COOKIES,1.88,2,2024-05-28
28919486307,343,Member,Female,1.29,1,DRY SAUCES/GRAVY,SAUCE MIXES GRAVY MIXES DRY,1.29,1,2024-05-28
28919486307,343,Member,Female,0.5,1,VEGETABLES - SHELF STABLE,BEANS WAX SHELLIES,0.5,0,2024-05-28
28919486307,343,Member,Female,1.5,1,REFRGRATD JUICES/DRNKS,DAIRY CASE 100% PURE JUICE - O,1.5,2,2024-05-28
28919486307,343,Member,Female,1.0,2,MEAT - SHELF STABLE,PASTA: CANNED,2.0,2,2024-05-28
28919486307,343,Member,Female,0.99,1,DEODORANTS,ANTIPERSPIRANTS ONLY (ALL OTHE,0.99,1,2024-05-28
28919486307,343,Member,Female,1.88,1,COOKIES/CONES,TRAY PACK/CHOC CHIP COOKIES,1.88,2,2024-05-28
28919486307,343,Member,Female,1.89,1,DINNER MXS:DRY,PACKAGE DINNERS: OTHER,1.89,2,2024-05-28
28919486307,343,Member,Female,1.59,1,PICKLE/RELISH/PKLD VEG,PICKLES,1.59,2,2024-05-28
28919486307,343,Member,Female,0.89,1,VEGETABLES - SHELF STABLE,TOMATO SAUCE,0.89,1,2024-05-28
28919486307,343,Member,Female,1.09,1,VEGETABLES - SHELF STABLE,TOMATOES: STEWED/DICED/CRMD,1.09,1,2024-05-28
28919486307,343,Member,Female,1.89,1,CHEESE,SHREDDED CHEESE,1.89,2,2024-05-28
28919486307,343,Member,Female,0.34,1,EGGS,EGGS - MEDIUM,0.34,0,2024-05-28
28919486307,343,Member,Female,2.49,1,FLUID MILK PRODUCTS,FLUID MILK WHITE ONLY,2.49,2,2024-05-28
28919486307,343,Member,Female,0.79,1,VEGETABLES - SHELF STABLE,TOMATO SAUCE,0.79,1,2024-05-28
28919486307,343,Member,Female,0.79,1,BEANS - CANNED GLASS & MW,VARIETY BEANS - KIDNEY PINTO,0.79,1,2024-05-28
28919486307,343,Member,Female,0.5,2,VEGETABLES - SHELF STABLE,CORN,1.0,1,2024-05-28
28919486307,343,Member,Female,1.34,1,SOFT DRINKS,SFT DRNK 2 LITER BTL CARB INCL,1.34,1,2024-05-28
28919486307,343,Member,Female,1.5,1,FRZN NOVELTIES/WTR ICE,WATER ICE,1.5,2,2024-05-28
28919486307,343,Member,Female,1.69,1,FRZN VEGETABLE/VEG DSH,FRZN CORN ON THE COB,1.69,2,2024-05-28
28919486307,343,Member,Female,1.59,1,BEANS - CANNED GLASS & MW,PREPARED BEANS - BAKED W/PORK,1.59,2,2024-05-28
28919834671,375,Member,Female,0.0024486961888597,12962,COUPON/MISC ITEMS,GASOLINE-REG UNLEADED,31.74,32,2024-05-29
28941460725,340,Member,Female,0.77,1,SOFT DRINKS,SFT DRNK 3 LITER BTL CARB (EXC,0.77,1,2024-05-31
28941460725,340,Member,Female,1.5,1,ICE CREAM/MILK/SHERBTS,PREMIUM PINTS,1.5,2,2024-05-31
28941460725,340,Member,Female,1.67,1,CONVENIENT BRKFST/WHLSM SNACKS,TOASTER PASTRIES,1.67,2,2024-05-31
28941460725,340,Member,Female,1.66,1,CONVENIENT BRKFST/WHLSM SNACKS,TOASTER PASTRIES,1.66,2,2024-05-31
28941460725,340,Member,Female,1.67,1,CONVENIENT BRKFST/WHLSM SNACKS,TOASTER PASTRIES,1.67,2,2024-05-31
28941467218,408,Member,Male,3.99,1,POTATOES,POTATOES RUSSET (BULK&BAG),3.99,4,2024-05-31
28941622415,299,Member,Female,2.14,1,BAG SNACKS,POTATO CHIPS,2.14,2,2024-05-31
28970580813,292,Member,Female,0.53,1,STONE FRUIT,PEACHES YELLOW FLESH,0.53,1,2024-06-01
28970580813,292,Member,Female,0.5,1,STONE FRUIT,PLUMS,0.5,0,2024-06-01
28970580813,292,Member,Female,0.48,1,TROPICAL FRUIT,BANANAS,0.48,0,2024-06-01
28970580813,292,Member,Female,1.0,1,BAKED BREAD/BUNS/ROLLS,MAINSTREAM WHITE BREAD,1.0,1,2024-06-01
29019541426,402,Member,Male,0.79,2,DOG FOODS,CAN DOG FOOD (SKIPPY/PEDIGREE/,1.58,2,2024-06-02
29019541426,402,Member,Male,0.8,1,DRY NOODLES/PASTA,MACARONI DRY,0.8,1,2024-06-02
29019541426,402,Member,Male,4.04,1,DELI MEATS,MEAT:HAM BULK,4.04,4,2024-06-02
29019541426,402,Member,Male,0.79,1,DOG FOODS,CAN DOG FOOD (SKIPPY/PEDIGREE/,0.79,1,2024-06-02
29019541426,402,Member,Male,2.13,1,SALADS/DIPS,PASTA/GRAIN SALADS - BULK,2.13,2,2024-06-02
29019541426,402,Member,Male,3.99,1,CHEESE,NATURAL CHEESE EXACT WT CHUNKS,3.99,4,2024-06-02
29019541426,402,Member,Male,2.5,1,CANNED JUICES,CRANAPPLE CRAN GRAPE JUICE (5,2.5,2,2024-06-02
29019541426,402,Member,Male,0.6,1,CITRUS,LEMONS,0.6,1,2024-06-02
29019541426,402,Member,Male,1.25,1,SALAD MIX,REGULAR GARDEN,1.25,1,2024-06-02
29019541426,402,Member,Male,0.37,1,CAT FOOD,CANNED CAT FOOD (9 LIVES/FRISK,0.37,0,2024-06-02
29019541426,402,Member,Male,1.19,1,DRY NOODLES/PASTA,NOODLES DRY,1.19,1,2024-06-02
29019541426,402,Member,Male,2.29,1,SHAVING CARE PRODUCTS,SHAVE CREAMS AND POWDERS,2.29,2,2024-06-02
29019541426,402,Member,Male,4.09,1,CAT FOOD,DRY CAT FOOD (CAT CHOW/FRISKIE,4.09,4,2024-06-02
29019541426,402,Member,Male,2.99,1,POPCORN,POPCORN - MICROWAVE,2.99,3,2024-06-02
29019541426,402,Member,Male,1.99,1,STONE FRUIT,PEACHES YELLOW FLESH,1.99,2,2024-06-02
29019541426,402,Member,Male,3.56,1,APPLES,APPLES GRANNY SMITH (BULK&BAG),3.56,4,2024-06-02
29019541426,402,Member,Male,3.99,1,MAKEUP AND TREATMENT,FACIAL SOAPS-SCRUBS-MASKS,3.99,4,2024-06-02
29019541426,402,Member,Male,2.0,1,HAIR CARE PRODUCTS,SHAMPOO,2.0,2,2024-06-02
29019541426,402,Member,Male,1.5,1,COLD CEREAL,KIDS CEREAL,1.5,2,2024-06-02
29019541426,402,Member,Male,2.29,1,COLD CEREAL,ADULT CEREAL,2.29,2,2024-06-02
29019541426,402,Member,Male,1.71,1,STONE FRUIT,PLUMS,1.71,2,2024-06-02
29019541426,402,Member,Male,1.89,1,DINNER MXS:DRY,PACKAGE DINNERS: OTHER,1.89,2,2024-06-02
29019541426,402,Member,Male,2.5,1,FACIAL TISS/DNR NAPKIN,PAPER NAPKINS,2.5,2,2024-06-02
29019541426,402,Member,Male,0.8,1,DRY NOODLES/PASTA,MACARONI DRY,0.8,1,2024-06-02
29019541426,402,Member,Male,3.27,1,COLD CEREAL,ALL FAMILY CEREAL,3.27,3,2024-06-02
29019541426,402,Member,Male,1.59,1,VEGETABLES - SHELF STABLE,TOMATOES WHOLE,1.59,2,2024-06-02
29019541426,402,Member,Male,2.69,1,PASTA SAUCE,PREMIUM,2.69,3,2024-06-02
29019541426,402,Member,Male,0.79,2,DOG FOODS,CAN DOG FOOD (SKIPPY/PEDIGREE/,1.58,2,2024-06-02
29019541426,402,Member,Male,4.91,1,BEEF,VARIETY MEAT - CUBE/STW/STRP,4.91,5,2024-06-02
29019541426,402,Member,Male,3.84,1,CHEESES,CHEESE: NATURAL BULK,3.84,4,2024-06-02
29019541426,402,Member,Male,2.79,1,SALD DRSNG/SNDWCH SPRD,SEMI-SOLID SALAD DRESSING MAY,2.79,3,2024-06-02
29019541426,402,Member,Male,3.19,1,COLD CEREAL,ALL FAMILY CEREAL,3.19,3,2024-06-02
29019541426,402,Member,Male,0.79,1,DOG FOODS,CAN DOG FOOD (SKIPPY/PEDIGREE/,0.79,1,2024-06-02
29019541426,402,Member,Male,1.65,1,TROPICAL FRUIT,BANANAS,1.65,2,2024-06-02
29019541426,402,Member,Male,2.5,1,PICKLE/RELISH/PKLD VEG,PICKLES,2.5,2,2024-06-02
29019541426,402,Member,Male,0.54,2,DOG FOODS,CAN DOG FOOD (SKIPPY/PEDIGREE/,1.08,1,2024-06-02
29019541426,402,Member,Male,0.75,1,FIRST AID PRODUCTS,LINAMENTS,0.75,1,2024-06-02
29019541426,402,Member,Male,0.99,1,CHEESE,SHREDDED CHEESE,0.99,1,2024-06-02
29019541426,402,Member,Male,2.99,1,STATIONERY & SCHOOL SUPPLIES,TAPE & MAILING PRODUCTS,2.99,3,2024-06-02
29019541426,402,Member,Male,0.0,0, , ,0.0,0,2024-06-02
29019541426,402,Member,Male,4.12,1,DELI MEATS,MEAT: CHICKEN BULK,4.12,4,2024-06-02
29019541426,402,Member,Male,2.49,2,TURKEY,GROUND TURKEY,4.98,5,2024-06-02
29019541426,402,Member,Male,9.99,1,VITAMINS,VITAMIN - INDIVIDUAL,9.99,10,2024-06-02
29019541426,402,Member,Male,2.79,1,COLD CEREAL,ALL FAMILY CEREAL,2.79,3,2024-06-02
29019541426,402,Member,Male,0.36,1,CAT FOOD,CANNED CAT FOOD (9 LIVES/FRISK,0.36,0,2024-06-02
29019541426,402,Member,Male,0.36,1,CAT FOOD,CANNED CAT FOOD (9 LIVES/FRISK,0.36,0,2024-06-02
29019541426,402,Member,Male,3.19,1,DEODORANTS,N/A DEOD SPRAY/GEL DEOD,3.19,3,2024-06-02
29019541426,402,Member,Male,1.99,1,STATIONERY & SCHOOL SUPPLIES,SEASONAL/NON-BASIC MERCH,1.99,2,2024-06-02
29019541426,402,Member,Male,2.0,1,COLD CEREAL,KIDS CEREAL,2.0,2,2024-06-02
29035052818,408,Normal,Female,1.99,1,BEVERAGE,ENERGY DRINK,1.99,2,2024-06-06
29035101340,445,Member,Female,1.5,1,FLUID MILK PRODUCTS,CHOCOLATE MILK,1.5,2,2024-06-05
29035101340,445,Member,Female,5.54,1,DELI MEATS,MEAT:HAM BULK,5.54,6,2024-06-05
29035101340,445,Member,Female,6.99,1,PIES,PIES: FRUIT/NUT,6.99,7,2024-06-05
29035101340,445,Member,Female,0.99,2,FACIAL TISS/DNR NAPKIN,PAPER NAPKINS,1.98,2,2024-06-05
29035101340,445,Member,Female,2.14,1,BAG SNACKS,POTATO CHIPS,2.14,2,2024-06-05
29035328399,363,Member,Female,2.99,1,COLD CEREAL,KIDS CEREAL,2.99,3,2024-06-05
29035328399,363,Member,Female,1.25,2,CHEESE,SHREDDED CHEESE,2.5,2,2024-06-05
29035328399,363,Member,Female,2.0,1,HISPANIC,MEXICAN SAUCESSALSAPICANTEE,2.0,2,2024-06-05
29035328399,363,Member,Female,1.39,1,FRZN JCE CONC/DRNKS,FRZN CONC ALLIEDS OVER 50% JUI,1.39,1,2024-06-05
29035328399,363,Member,Female,0.99,2,FRZN JCE CONC/DRNKS,FRZN CONC ALLIEDS OVER 50% JUI,1.98,2,2024-06-05
29035328399,363,Member,Female,1.34,1,MILK BY-PRODUCTS,SOUR CREAMS,1.34,1,2024-06-05
29035328399,363,Member,Female,1.29,1,BEEF,LEAN,1.29,1,2024-06-05
29035328399,363,Member,Female,1.67,1,FLUID MILK PRODUCTS,FLUID MILK WHITE ONLY,1.67,2,2024-06-05
29035745812,361,Member,Female,1.29,1,FLUID MILK PRODUCTS,YOGURT NOT MULTI-PACKS,1.29,1,2024-06-06
29035745812,361,Member,Female,1.5,1,BAKING MIXES,MISCELLANEOUS PACKAGE MIXES,1.5,2,2024-06-06
29035745812,361,Member,Female,1.5,1,BAKING MIXES,LAYER CAKE MIX,1.5,2,2024-06-06
29036061445,322,Member,Male,2.0,1,COOKIES,COOKIES: REGULAR,2.0,2,2024-06-06
29036061445,322,Member,Male,2.0,1,COOKIES,COOKIES: REGULAR,2.0,2,2024-06-06
29141520629,334,Normal,Male,12.61,1,PORK,RIBS - SPARE RIB/BACK RIB,12.61,13,2024-06-11
29141520629,334,Normal,Male,1.33,1,CONVENIENT BRKFST/WHLSM SNACKS,FRUIT SNACKS,1.33,1,2024-06-11
29141520629,334,Normal,Male,1.19,1,BREAD,BREAD:ITALIAN/FRENCH,1.19,1,2024-06-11
29141520629,334,Normal,Male,2.89,1,SOUP,DRY SOUP,2.89,3,2024-06-11
29141520629,334,Normal,Male,1.89,1,CHEESE,SHREDDED CHEESE,1.89,2,2024-06-11
29141520629,334,Normal,Male,1.5,1,WAREHOUSE SNACKS,MISC SNACKS,1.5,2,2024-06-11
29141520629,334,Normal,Male,2.99,1,ROLLS,ROLLS: CROISSANTS/BREADSTICKS,2.99,3,2024-06-11
29141520629,334,Normal,Male,1.79,1,REFRGRATD DOUGH PRODUCTS,REFRIGERATED SPECILATY ROLLS,1.79,2,2024-06-11
29141520629,334,Normal,Male,1.29,1,WAREHOUSE SNACKS,CANISTER POTATO/TORT CHIPS,1.29,1,2024-06-11
29141520629,334,Normal,Male,2.69,1,SALD DRSNG/SNDWCH SPRD,SEMI-SOLID SALAD DRESSING MAY,2.69,3,2024-06-11
29141520629,334,Normal,Male,1.79,1,CONVENIENT BRKFST/WHLSM SNACKS,TOASTER PASTRIES,1.79,2,2024-06-11
29141520629,334,Normal,Male,1.69,1,BAKED BREAD/BUNS/ROLLS,MAINSTREAM WHEAT/MULTIGRAIN BR,1.69,2,2024-06-11
29141520629,334,Normal,Male,0.0,1,BAG SNACKS,PRETZELS,0.0,0,2024-06-11
29141520629,334,Normal,Male,0.99,1,VEGETABLES SALAD,HEAD LETTUCE,0.99,1,2024-06-11
29141520629,334,Normal,Male,3.24,2,CHICKEN,CHICKEN BREAST BONELESS,6.48,6,2024-06-11
29141520629,334,Normal,Male,3.19,1,COLD CEREAL,ALL FAMILY CEREAL,3.19,3,2024-06-11
29141520629,334,Normal,Male,1.33,1,CONVENIENT BRKFST/WHLSM SNACKS,FRUIT SNACKS,1.33,1,2024-06-11
29141520629,334,Normal,Male,1.79,1,MOLASSES/SYRUP/PANCAKE MIXS,MOLASSES & SYRUPS,1.79,2,2024-06-11
29141520629,334,Normal,Male,1.79,1,REFRGRATD DOUGH PRODUCTS,REFRIGERATED SPECILATY ROLLS,1.79,2,2024-06-11
29141520629,334,Normal,Male,1.5,1,BAKED BREAD/BUNS/ROLLS,MAINSTREAM WHITE BREAD,1.5,2,2024-06-11
29141520629,334,Normal,Male,3.29,1,HOT DOGS,BETTER FOR YOU,3.29,3,2024-06-11
29141520629,334,Normal,Male,1.89,1,CHEESE,SHREDDED CHEESE,1.89,2,2024-06-11
29141520629,334,Normal,Male,1.79,1,CONVENIENT BRKFST/WHLSM SNACKS,TOASTER PASTRIES,1.79,2,2024-06-11
29141520629,334,Normal,Male,8.73,1,BEEF,SELECT BEEF,8.73,9,2024-06-11
29141520629,334,Normal,Male,0.3333333333333333,3,CORN,CORN YELLOW,1.0,1,2024-06-11
29141520629,334,Normal,Male,1.79,1,CONVENIENT BRKFST/WHLSM SNACKS,TOASTER PASTRIES,1.79,2,2024-06-11
29141520629,334,Normal,Male,3.49,1,BACON,ECONOMY,3.49,3,2024-06-11
29141520629,334,Normal,Male,2.99,1,LUNCHMEAT,BOLOGNA,2.99,3,2024-06-11
29141520629,334,Normal,Male,0.99,1,MELONS,CANTALOUPE WHOLE,0.99,1,2024-06-11
29141520629,334,Normal,Male,2.5,1,SNACK NUTS,DRY ROAST NUTS,2.5,2,2024-06-11
29141520629,334,Normal,Male,1.5,1,COLD CEREAL,ALL FAMILY CEREAL,1.5,2,2024-06-11
29141520629,334,Normal,Male,1.39,1,BAKED BREAD/BUNS/ROLLS,MAINSTREAM WHITE BREAD,1.39,1,2024-06-11
29141520629,334,Normal,Male,4.13,1,BEEF,PRIMAL,4.13,4,2024-06-11
29141520629,334,Normal,Male,2.49,1,FLUID MILK PRODUCTS,FLUID MILK WHITE ONLY,2.49,2,2024-06-11
29141520629,334,Normal,Male,2.29,1,BAG SNACKS,PRETZELS,2.29,2,2024-06-11
29141520629,334,Normal,Male,1.33,1,CONVENIENT BRKFST/WHLSM SNACKS,FRUIT SNACKS,1.33,1,2024-06-11
29141520629,334,Normal,Male,0.84,1,TROPICAL FRUIT,BANANAS,0.84,1,2024-06-11
29141520629,334,Normal,Male,2.0,1,STATIONERY & SCHOOL SUPPLIES,CHILDREN S ACTIVITY,2.0,2,2024-06-11
29141520629,334,Normal,Male,1.79,1,REFRGRATD DOUGH PRODUCTS,REFRIGERATED SPECILATY ROLLS,1.79,2,2024-06-11
29141520629,334,Normal,Male,1.99,1,SOFT DRINKS,SOFT DRINKS 6PK/4PK CAN CARB (,1.99,2,2024-06-11
29141520629,334,Normal,Male,3.0,1,GRAPES,GRAPES RED,3.0,3,2024-06-11
29141520629,334,Normal,Male,3.333333333333333,3,SOFT DRINKS,SOFT DRINKS 12/18&15PK CAN CAR,10.0,10,2024-06-11
29141520629,334,Normal,Male,3.29,1,NUTS,NUTS OTHER,3.29,3,2024-06-11
29141520629,334,Normal,Male,2.0,1,BAKED BREAD/BUNS/ROLLS,FRUIT/BREAKFAST BREAD,2.0,2,2024-06-11
29141520629,334,Normal,Male,5.48,1,FROZEN PIZZA,PIZZA/PREMIUM,5.48,5,2024-06-11
29141520629,334,Normal,Male,2.0,1,CONDIMENTS/SAUCES,BBQ SAUCE,2.0,2,2024-06-11
29141520629,334,Normal,Male,2.5,1,YOGURT,YOGURT MULTI-PACKS,2.5,2,2024-06-11
29141520629,334,Normal,Male,5.0,1,SNACK NUTS,VAC PAC NUTS(CANS),5.0,5,2024-06-11
29141520629,334,Normal,Male,5.99,1,LAUNDRY DETERGENTS,POWDER LAUNDRY DETERGENT,5.99,6,2024-06-11
29141520629,334,Normal,Male,4.43,1,BEEF,PRIMAL,4.43,4,2024-06-11
29141520629,334,Normal,Male,4.7,1,BEEF,PATTIES,4.7,5,2024-06-11
29141693484,316,Member,Female,0.0029990297256769,11337,COUPON/MISC ITEMS,GASOLINE-REG UNLEADED,34.0,34,2024-06-11
29141737871,361,Member,Male,5.49,1,BEERS/ALES,BEERALEMALT LIQUORS,5.49,5,2024-06-11
29141737871,361,Member,Male,9.99,1,AUDIO/VIDEO PRODUCTS,DVD S,9.99,10,2024-06-11
29170626375,381,Member,Male,3.99,1,CHARCOAL AND LIGHTER FLUID,CHARCOAL LIGHTER FLUID/UTILITY,3.99,4,2024-06-13
29170626375,381,Member,Male,9.45,1,SUSHI,SUSHI - IN STORE PREPARED,9.45,9,2024-06-13
29170626375,381,Member,Male,1.34,1,SOFT DRINKS,SFT DRNK 2 LITER BTL CARB INCL,1.34,1,2024-06-13
29170626375,381,Member,Male,5.25,1,SUSHI,SUSHI - IN STORE PREPARED,5.25,5,2024-06-13
29170626375,381,Member,Male,1.33,1,SOFT DRINKS,SFT DRNK 2 LITER BTL CARB INCL,1.33,1,2024-06-13
29170626375,381,Member,Male,1.29,1,SOFT DRINKS,SFT DRNK MLT-PK BTL CARB (EXCP,1.29,1,2024-06-13
29170626375,381,Member,Male,2.49,1,BAKED BREAD/BUNS/ROLLS,HAMBURGER BUNS,2.49,2,2024-06-13
29170626375,381,Member,Male,1.99,1,PICKLE/RELISH/PKLD VEG,PICKLES,1.99,2,2024-06-13
29170802839,359,Normal,Male,2.79,1,ICE CREAM/MILK/SHERBTS,TRADITIONAL,2.79,3,2024-06-13
29170802839,359,Normal,Male,2.79,1,ICE CREAM/MILK/SHERBTS,TRADITIONAL,2.79,3,2024-06-13
29170802839,359,Normal,Male,2.32,1,FLUID MILK PRODUCTS,FLUID MILK WHITE ONLY,2.32,2,2024-06-13
29182952516,372,Member,Female,1.66,1,CHEESE,SHREDDED CHEESE,1.66,2,2024-06-14
29182952516,372,Member,Female,2.5,1,DINNER SAUSAGE,SMOKED/COOKED,2.5,2,2024-06-14
29182952516,372,Member,Female,0.87,1,TOMATOES,TOMATOES HOTHOUSE ON THE VINE,0.87,1,2024-06-14
29182952516,372,Member,Female,0.56,1,MARGARINES,MARGARINE  STICK,0.56,1,2024-06-14
29182952516,372,Member,Female,0.42,2,VEGETABLES - ALL OTHERS,CUCUMBERS,0.84,1,2024-06-14
29182952516,372,Member,Female,0.59,1,SOFT DRINKS,SFT DRNK 2 LITER BTL CARB INCL,0.59,1,2024-06-14
29182952516,372,Member,Female,1.5,1,SALD DRSNG/SNDWCH SPRD,POURABLE SALAD DRESSINGS,1.5,2,2024-06-14
29182952516,372,Member,Female,1.34,1,SOFT DRINKS,SFT DRNK 2 LITER BTL CARB INCL,1.34,1,2024-06-14
29182952516,372,Member,Female,0.88,2,BAKED BREAD/BUNS/ROLLS,MAINSTREAM WHITE BREAD,1.76,2,2024-06-14
29182952516,372,Member,Female,0.59,1,SOFT DRINKS,SOFT DRINK BOTTLE NON-CARB (EX,0.59,1,2024-06-14
29182952516,372,Member,Female,1.67,2,CHEESE,SHREDDED CHEESE,3.34,3,2024-06-14
29182952516,372,Member,Female,1.09,1,BLEACH,LIQUID BLEACH,1.09,1,2024-06-14
29182952516,372,Member,Female,0.69,1,CONDIMENTS/SAUCES,BBQ SAUCE,0.69,1,2024-06-14
29182952516,372,Member,Female,3.47,1,ANALGESICS,ADULT ANALGESICS,3.47,3,2024-06-14
29182952516,372,Member,Female,0.88,2,EGGS,EGGS - X-LARGE,1.76,2,2024-06-14
29182952516,372,Member,Female,2.49,1,FLUID MILK PRODUCTS,FLUID MILK WHITE ONLY,2.49,2,2024-06-14
29182952516,372,Member,Female,1.3,1,ONIONS,ONIONS SWEET (BULK&BAG),1.3,1,2024-06-14
29182952516,372,Member,Female,0.69,1,CONDIMENTS/SAUCES,BBQ SAUCE,0.69,1,2024-06-14
29182952516,372,Member,Female,0.99,1,VEGETABLES SALAD,HEAD LETTUCE,0.99,1,2024-06-14
29182952516,372,Member,Female,0.99,1,VALUE ADDED VEGETABLES,CUT VEGETABLES ALL OTHER,0.99,1,2024-06-14
29182952516,372,Member,Female,0.99,1,HOT DOGS,ECONOMY - MEAT,0.99,1,2024-06-14
29182952516,372,Member,Female,0.69,1,CONDIMENTS/SAUCES,BBQ SAUCE,0.69,1,2024-06-14
29182952516,372,Member,Female,0.69,2,SUGARS/SWEETNERS,SUGAR,1.38,1,2024-06-14
29182952516,372,Member,Female,3.07,1,CHEESE,LOAF CHEESE,3.07,3,2024-06-14
29182952516,372,Member,Female,1.99,1,LAUNDRY DETERGENTS,LIQUID LAUNDRY DETERGENTS,1.99,2,2024-06-14
29182952516,372,Member,Female,0.59,1,SOFT DRINKS,SFT DRNK 2 LITER BTL CARB INCL,0.59,1,2024-06-14
29182952516,372,Member,Female,2.99,1,POTATOES,POTATOES RED (BULK&BAG),2.99,3,2024-06-14
29182952516,372,Member,Female,1.48,1,SUGARS/SWEETNERS,SUGAR,1.48,1,2024-06-14
29182952516,372,Member,Female,0.89,1,CANNED JUICES,APPLE JUICE & CIDER (50% AND U,0.89,1,2024-06-14
29182952516,372,Member,Female,4.99,1,CHARCOAL AND LIGHTER FLUID,CHARCOAL,4.99,5,2024-06-14
29182975600,445,Normal,Female,2.89,2,COLD AND FLU,LIPCARE,5.78,6,2024-06-14
29182975600,445,Normal,Female,3.99,1,DINNER MXS:DRY,STUFFING MIXES,3.99,4,2024-06-14
29182975600,445,Normal,Female,3.79,1,FROZEN PIE/DESSERTS,FROZEN CAKES/ALL TYPES INCLUDI,3.79,4,2024-06-14
29182975600,445,Normal,Female,1.59,1,EGGS,EGGS - LARGE,1.59,2,2024-06-14
29182975600,445,Normal,Female,2.5,2,FRZN NOVELTIES/WTR ICE,WATER ICE,5.0,5,2024-06-14
29182975600,445,Normal,Female,0.99,2,VEGETABLES - SHELF STABLE,POTATOES WHITE,1.98,2,2024-06-14
29182975600,445,Normal,Female,1.99,1,BAG SNACKS,PRETZELS,1.99,2,2024-06-14
29182975600,445,Normal,Female,1.69,1,DRY SAUCES/GRAVY,GRAVY CAN/GLASS,1.69,2,2024-06-14
29182975600,445,Normal,Female,0.69,1,ROLLS,ROLLS: DINNER,0.69,1,2024-06-14
29182975600,445,Normal,Female,2.49,1,HAIR CARE ACCESSORIES,HAIR COMBS AND BRUSHES,2.49,2,2024-06-14
29182975600,445,Normal,Female,2.09,1,BAKED BREAD/BUNS/ROLLS,RYE BREADS,2.09,2,2024-06-14
29182975600,445,Normal,Female,1.49,5,CANDY - PACKAGED,CANDY BAGS-NON CHOCOLATE,7.45,7,2024-06-14
29183192574,356,Member,Male,1.29,2,DRY MIX DESSERTS,PUDDINGS DRY,2.58,3,2024-06-14
29183192574,356,Member,Male,2.35,1,BAKED BREAD/BUNS/ROLLS,HAMBURGER BUNS,2.35,2,2024-06-14
29183192574,356,Member,Male,5.49,1,PAPER TOWELS,PAPER TOWELS & HOLDERS,5.49,5,2024-06-14
29183192574,356,Member,Male,0.99,1,VEGETABLES SALAD,HEAD LETTUCE,0.99,1,2024-06-14
29183192574,356,Member,Male,1.69,1,SPRING/SUMMER SEASONAL,DISPOSABLE FOILWARE,1.69,2,2024-06-14
29183192574,356,Member,Male,2.68,1,COOKIES/CONES,SANDWICH COOKIES,2.68,3,2024-06-14
29183192574,356,Member,Male,2.28,1,TOMATOES,TOMATOES VINE RIPE BULK,2.28,2,2024-06-14
29183192574,356,Member,Male,4.513333333333333,3,BEEF,PATTIES,13.54,14,2024-06-14
29238311842,362,Member,Female,5.29,1,COCOA MIXES,MALTED MLK/SYRUP/PWDRS (EGGNOG,5.29,5,2024-06-17
29238311842,362,Member,Female,2.0,1,COLD CEREAL,ALL FAMILY CEREAL,2.0,2,2024-06-17
29238311842,362,Member,Female,2.0,1,COLD CEREAL,ADULT CEREAL,2.0,2,2024-06-17
29238311842,362,Member,Female,2.0,1,COLD CEREAL,KIDS CEREAL,2.0,2,2024-06-17
29238311842,362,Member,Female,2.0,1,COLD CEREAL,KIDS CEREAL,2.0,2,2024-06-17
29238311842,362,Member,Female,3.5,1,SOFT DRINKS,SOFT DRINKS 12/18&15PK CAN CAR,3.5,4,2024-06-17
29238311842,362,Member,Female,2.0,1,COLD CEREAL,KIDS CEREAL,2.0,2,2024-06-17
29273237533,339,Member,Female,0.33,1,SOFT DRINKS,SFT DRNK SNGL SRV BTL CARB (EX,0.33,0,2024-06-19
29276491869,367,Member,Male,6.19,3,INFANT FORMULA,INFANT FORMULA SPECIALTY,18.57,19,2024-06-20
29277040338,286,Member,Male,1.0,1,HOT CEREAL,STANDARD OATMEAL,1.0,1,2024-06-21
29277040338,286,Member,Male,2.21,1,GRAPES,GRAPES WHITE,2.21,2,2024-06-21
29277040338,286,Member,Male,2.29,1,REFRGRATD DOUGH PRODUCTS,REFRIGERATED SPECILATY ROLLS,2.29,2,2024-06-21
29277040338,286,Member,Male,0.8,2,FRUIT - SHELF STABLE,PEARS,1.6,2,2024-06-21
29277040338,286,Member,Male,0.99,1,MARGARINES,MARGARINE  STICK,0.99,1,2024-06-21
29277040338,286,Member,Male,8.99,1,DOG FOODS,DRY DOG FOOD PREMIUM (ALPO/PUR,8.99,9,2024-06-21
29277040338,286,Member,Male,2.49,1,POTATOES,POTATOES RUSSET (BULK&BAG),2.49,2,2024-06-21
29277040338,286,Member,Male,0.69,2,VEGETABLES - SHELF STABLE,PEAS GREEN,1.38,1,2024-06-21
29277040338,286,Member,Male,0.5,1,VEGETABLES - SHELF STABLE,TOMATOES: STEWED/DICED/CRMD,0.5,0,2024-06-21
29277040338,286,Member,Male,1.0,3,FLUID MILK PRODUCTS,FLUID MILK WHITE ONLY,3.0,3,2024-06-21
29277040338,286,Member,Male,2.5,1,SALAD MIX,BLENDS,2.5,2,2024-06-21
29277040338,286,Member,Male,0.99,1,FROZEN BREAD/DOUGH,FRZN BAGELS,0.99,1,2024-06-21
29277040338,286,Member,Male,3.99,1,MAGAZINE,TV/MOVIE-MAGAZINE,3.99,4,2024-06-21
29277040338,286,Member,Male,1.19,1,BAKED BREAD/BUNS/ROLLS,ENGLISH MUFFINS/WAFFLES,1.19,1,2024-06-21
29277040338,286,Member,Male,0.5,1,VEGETABLES - SHELF STABLE,CORN,0.5,0,2024-06-21
29277040338,286,Member,Male,1.5,2,CANNED JUICES,BLENDED JUICE&COMBINATIONS (OV,3.0,3,2024-06-21
29277040338,286,Member,Male,0.56,4,SOUP,CONDENSED SOUP,2.24,2,2024-06-21
29277040338,286,Member,Male,2.0,2,MILK BY-PRODUCTS,COTTAGE CHEESE,4.0,4,2024-06-21
29277040338,286,Member,Male,0.7999999999999999,3,FRUIT - SHELF STABLE,PEACHES,2.4,2,2024-06-21
29277040338,286,Member,Male,0.99,1,SUGARS/SWEETNERS,SUGAR,0.99,1,2024-06-21
29277040338,286,Member,Male,0.55,1,VEGETABLES - SHELF STABLE,TOMATO SAUCE,0.55,1,2024-06-21
29277040338,286,Member,Male,0.8,1,TROPICAL FRUIT,BANANAS,0.8,1,2024-06-21
29277040338,286,Member,Male,1.0,2,SOFT DRINKS,SFT DRNK SNGL SRV BTL CARB (EX,2.0,2,2024-06-21
29277040338,286,Member,Male,1.52,1,STONE FRUIT,NECTARINES YELLOW FLESH,1.52,2,2024-06-21
29277040338,286,Member,Male,6.86,1,BEEF,PRIMAL,6.86,7,2024-06-21
29299962068,450,Normal,Male,1.49,1,FRZN ICE,ICE - CRUSHED/CUBED,1.49,1,2024-06-22
29300017238,329,Normal,Male,1.94,1,TEAS,TEA BAGS HERBAL & FLAVORED,1.94,2,2024-06-22
29300017238,329,Normal,Male,1.0,1,FLOUR & MEALS,FLOUR: WHITE & SELF RISING,1.0,1,2024-06-22
29300017238,329,Normal,Male,3.99,1,ICE CREAM/MILK/SHERBTS,TRADITIONAL,3.99,4,2024-06-22
29300017238,329,Normal,Male,0.99,2,CANDY - CHECKLANE,CHEWING GUM,1.98,2,2024-06-22
29300017238,329,Normal,Male,2.88,1,ICE CREAM/MILK/SHERBTS,PREMIUM,2.88,3,2024-06-22
29311818683,375,Member,Female,0.0026792698826597,16874,COUPON/MISC ITEMS,GASOLINE-REG UNLEADED,45.21,45,2024-06-23
29329777175,316,Member,Male,5.99,1,HEAT/SERVE,ENTREES,5.99,6,2024-06-24
29329777175,316,Member,Male,5.09,1,BEEF,CHOICE BEEF,5.09,5,2024-06-24
29329777175,316,Member,Male,2.79,1,MILK BY-PRODUCTS,COTTAGE CHEESE,2.79,3,2024-06-24
29329777175,316,Member,Male,2.49,1,VEGETABLES SALAD,VARIETY LETTUCE,2.49,2,2024-06-24
29329777175,316,Member,Male,2.99,1,MELONS,HONEYDEW WHOLE,2.99,3,2024-06-24
29329777175,316,Member,Male,1.09,4,SOUP,CONDENSED SOUP,4.36,4,2024-06-24
29329777175,316,Member,Male,1.69,1,REFRGRATD DOUGH PRODUCTS,REFRIGERATED ENGLISH MUFFINS,1.69,2,2024-06-24
29329777175,316,Member,Male,2.5,2,BACON,ECONOMY,5.0,5,2024-06-24
29329777175,316,Member,Male,2.99,1,BREAD,BREAD:SAVORY/SPECIALTY,2.99,3,2024-06-24
29329777175,316,Member,Male,1.69,1,EGGS,EGGS - LARGE,1.69,2,2024-06-24
29329777175,316,Member,Male,2.333333333333333,3,REFRGRATD JUICES/DRNKS,DAIRY CASE 100% PURE JUICE - O,7.0,7,2024-06-24
29329777175,316,Member,Male,0.4,5,CORN,CORN YELLOW,2.0,2,2024-06-24
29329777175,316,Member,Male,2.29,1,MUSHROOMS,MUSHROOMS PORTABELLA,2.29,2,2024-06-24
29329777175,316,Member,Male,1.5,4,SOUP,RTS SOUP: CHUNKY/HOMESTYLE ET,6.0,6,2024-06-24
29329777175,316,Member,Male,7.99,1,FROZEN MEAT,FRZN BURGERS/BBQ/MEATBALL,7.99,8,2024-06-24
29329777175,316,Member,Male,2.0,1,BERRIES,STRAWBERRIES,2.0,2,2024-06-24
29330061358,420,Member,Male,3.99,1,WATER - CARBONATED/FLVRD DRINK,SPRING WATER,3.99,4,2024-06-24
29353975845,329,Normal,Male,2.19,1,COOKIES/CONES,SANDWICH COOKIES,2.19,2,2024-06-28
29353975845,329,Normal,Male,1.5,1,SALD DRSNG/SNDWCH SPRD,SEMI-SOLID SALAD DRESSING MAY,1.5,2,2024-06-28
29353975845,329,Normal,Male,0.88,1,EGGS,EGGS - LARGE,0.88,1,2024-06-28
29353975845,329,Normal,Male,2.99,1,SALAD MIX,BLENDS,2.99,3,2024-06-28
29353975845,329,Normal,Male,0.59,1,VEGETABLES - ALL OTHERS,CUCUMBERS,0.59,1,2024-06-28
29353975845,329,Normal,Male,0.96,1,ONIONS,ONIONS RED (BULK&BAG),0.96,1,2024-06-28
29353975845,329,Normal,Male,2.5,1,POTATOES,POTATOES OTHER,2.5,2,2024-06-28
29353975845,329,Normal,Male,2.5,1,BACON,ECONOMY,2.5,2,2024-06-28
29353975845,329,Normal,Male,3.5,3,BEEF,STUFFED/MIXED BEEF,10.5,10,2024-06-28
29353975845,329,Normal,Male,1.0,1,FRUIT - SHELF STABLE,PINEAPPLE,1.0,1,2024-06-28
29353975845,329,Normal,Male,1.39,1,BAKED BREAD/BUNS/ROLLS,MAINSTREAM WHITE BREAD,1.39,1,2024-06-28
29353975845,329,Normal,Male,1.99,1,FLUID MILK PRODUCTS,FLUID MILK WHITE ONLY,1.99,2,2024-06-28
29353975845,329,Normal,Male,1.61,1,REFRGRATD JUICES/DRNKS,DAIRY CASE 100% PURE JUICE - O,1.61,2,2024-06-28
29353975845,329,Normal,Male,0.79,1,FRUIT - SHELF STABLE,FRUIT COCKTAIL FRUIT SALAD,0.79,1,2024-06-28
29353975845,329,Normal,Male,0.79,1,FRUIT - SHELF STABLE,PEACHES,0.79,1,2024-06-28
29353975845,329,Normal,Male,1.0,1,FRUIT - SHELF STABLE,PINEAPPLE,1.0,1,2024-06-28
29353975845,329,Normal,Male,2.29,1,COOKIES/CONES,VANILLA WAFER/KIDS COOKIES,2.29,2,2024-06-28
29353975845,329,Normal,Male,0.99,1,DINNER SAUSAGE,SMOKED/COOKED,0.99,1,2024-06-28
29353975845,329,Normal,Male,1.29,1,BAKING NEEDS,MARSHMALLOWS,1.29,1,2024-06-28
29353975845,329,Normal,Male,1.49,1,COOKIES/CONES,VANILLA WAFER/KIDS COOKIES,1.49,1,2024-06-28
29353975845,329,Normal,Male,2.0,1,BERRIES,STRAWBERRIES,2.0,2,2024-06-28
29391825171,340,Member,Male,0.77,1,SOFT DRINKS,SFT DRNK 3 LITER BTL CARB (EXC,0.77,1,2024-06-29
29471055807,368,Member,Female,0.68,1,TOMATOES,TOMATOES HOTHOUSE ON THE VINE,0.68,1,2024-07-02
29471055807,368,Member,Female,1.89,1,CHEESE,CREAM CHEESE,1.89,2,2024-07-02
29471055807,368,Member,Female,1.0,1,BAKED SWEET GOODS,SNACK CAKE - MULTI PACK,1.0,1,2024-07-02
29471055807,368,Member,Female,0.69,1,VEGETABLES - ALL OTHERS,CUCUMBERS,0.69,1,2024-07-02
29471055807,368,Member,Female,1.72,1,CHEESE,IWS SINGLE CHEESE,1.72,2,2024-07-02
29471055807,368,Member,Female,6.62,1,DELI MEATS,MEAT:HAM BULK,6.62,7,2024-07-02
29471055807,368,Member,Female,1.0,1,BAKED SWEET GOODS,SNACK CAKE - MULTI PACK,1.0,1,2024-07-02
29471055807,368,Member,Female,1.0,2,CANDY - PACKAGED,CANDY BAGS-CHOCOCLATE,2.0,2,2024-07-02
29471055807,368,Member,Female,1.59,1,FACIAL TISS/DNR NAPKIN,PAPER NAPKINS,1.59,2,2024-07-02
29471055807,368,Member,Female,1.0,1,VEGETABLES - ALL OTHERS,CELERY,1.0,1,2024-07-02
29471055807,368,Member,Female,1.0,1,REFRGRATD DOUGH PRODUCTS,REFRIGERATED BAGELS,1.0,1,2024-07-02
29471055807,368,Member,Female,1.29,1,FLUID MILK PRODUCTS,MISCELLANEOUS MILK,1.29,1,2024-07-02
29471055807,368,Member,Female,2.5,1,BUTTER,BUTTER,2.5,2,2024-07-02
29471055807,368,Member,Female,1.5,1,BAKED SWEET GOODS,SWEET GOODS - FULL SIZE,1.5,2,2024-07-02
29471055807,368,Member,Female,2.49,1,FLUID MILK PRODUCTS,FLUID MILK WHITE ONLY,2.49,2,2024-07-02
29471055807,368,Member,Female,1.0,2,WAREHOUSE SNACKS,SNACK MIX,2.0,2,2024-07-02
29471055807,368,Member,Female,1.86,1,TROPICAL FRUIT,BANANAS,1.86,2,2024-07-02
29471055807,368,Member,Female,1.77,2,COOKIES/CONES,TRAY PACK/CHOC CHIP COOKIES,3.54,4,2024-07-02
29471055807,368,Member,Female,1.79,1,BAKING NEEDS,BAKING POWDER & SODA,1.79,2,2024-07-02
29471055807,368,Member,Female,0.5,2,YOGURT,YOGURT NOT MULTI-PACKS,1.0,1,2024-07-02
29471055807,368,Member,Female,1.4491666666666667,12,SOFT DRINKS,SOFT DRINKS 6PK/4PK CAN CARB (,17.39,17,2024-07-02
29471055807,368,Member,Female,1.59,1,FACIAL TISS/DNR NAPKIN,PAPER NAPKINS,1.59,2,2024-07-02
29471055807,368,Member,Female,1.77,1,CRACKERS/MISC BKD FD,CHEESE CRACKERS (CHEEZ-ITS/GOL,1.77,2,2024-07-02
29471055807,368,Member,Female,4.99,1,BATH TISSUES,TOILET TISSUE,4.99,5,2024-07-02
29471055807,368,Member,Female,3.24,1,BAG SNACKS,PRETZELS,3.24,3,2024-07-02
29471055807,368,Member,Female,0.3333333333333333,6,CANDY - CHECKLANE,CANDY BARS (SINGLES)(INCLUDING,2.0,2,2024-07-02
29471055807,368,Member,Female,1.77,1,CRACKERS/MISC BKD FD,CHEESE CRACKERS (CHEEZ-ITS/GOL,1.77,2,2024-07-02
29471055807,368,Member,Female,6.0,1,PREPARED FOOD,PREP FD: PIZZA (COLD),6.0,6,2024-07-02
29471055807,368,Member,Female,2.5,1,BAKED BREAD/BUNS/ROLLS,MAINSTREAM WHEAT/MULTIGRAIN BR,2.5,2,2024-07-02
29471055807,368,Member,Female,0.33,2,CANDY - CHECKLANE,SEASONAL CANDY BAGS-CHOCOLATE,0.66,1,2024-07-02
29471055807,368,Member,Female,0.3366666666666666,3,CANDY - CHECKLANE,CANDY BARS (SINGLES)(INCLUDING,1.01,1,2024-07-02
29471055807,368,Member,Female,2.89,1,TEAS,TEA BAGS & BULK TEA,2.89,3,2024-07-02
29471055807,368,Member,Female,2.09,1,FD WRAPS/BAGS/TRSH BG,COOKING BAGS,2.09,2,2024-07-02
29471055807,368,Member,Female,0.5,1,WAREHOUSE SNACKS,SNACK MIX,0.5,0,2024-07-02
29471055807,368,Member,Female,1.0,1,WAREHOUSE SNACKS,SNACK MIX,1.0,1,2024-07-02
29484463272,380,Normal,Female,6.99,1,BABY HBC,BABY CREAMS & OINTMENTS,6.99,7,2024-07-01
29484463272,380,Normal,Female,13.99,1,DIAPERS & DISPOSABLES,BABY DIAPERS,13.99,14,2024-07-01
29484463272,380,Normal,Female,17.99,1,DIAPERS & DISPOSABLES,BABY DIAPERS,17.99,18,2024-07-01
29484463272,380,Normal,Female,1.67,1,FROZEN PIZZA,FRZN SS PREMIUM ENTREES/DNRS/N,1.67,2,2024-07-01
29484463272,380,Normal,Female,2.59,1,ICE CREAM/MILK/SHERBTS,PREMIUM PINTS,2.59,3,2024-07-01
29484463272,380,Normal,Female,2.99,1,BABY HBC,BABY SOAPS,2.99,3,2024-07-01
29484463272,380,Normal,Female,1.0,1,CANNED JUICES,FRUIT DRINKS: CANNED & GLASS (,1.0,1,2024-07-01
29484463272,380,Normal,Female,0.5,1,FIRST AID PRODUCTS,LINAMENTS,0.5,0,2024-07-01
29484463272,380,Normal,Female,3.49,1,ICE CREAM/MILK/SHERBTS,SUPER PREMIUM PINTS,3.49,3,2024-07-01
29484463272,380,Normal,Female,1.79,1,BATH TISSUES,TOILET TISSUE,1.79,2,2024-07-01
29507080181,354,Member,Male,1.99,1,CANNED JUICES,GRAPE JUICE (50% AND UNDER JCE,1.99,2,2024-07-04
29507080181,354,Member,Male,1.0,2,CANNED JUICES,APPLE JUICE & CIDER (OVER 50%,2.0,2,2024-07-04
29528186242,442,Normal,Male,3.49,1,MISC. DAIRY,BREAD:TORTILLAS/PITA,3.49,3,2024-07-06
29528186242,442,Normal,Male,4.59,1,HOUSEHOLD CLEANG NEEDS,OVEN CLEANERS,4.59,5,2024-07-06
29528186242,442,Normal,Male,1.99,1,CHEESE,CREAM CHEESE,1.99,2,2024-07-06
29528186242,442,Normal,Male,3.99,1,CHEESE,STRING CHEESE,3.99,4,2024-07-06
29528186242,442,Normal,Male,1.0,1,DRY NOODLES/PASTA,MACARONI DRY,1.0,1,2024-07-06
29528186242,442,Normal,Male,0.77,1,VEGETABLES SALAD,SPINACH BULK,0.77,1,2024-07-06
29528186242,442,Normal,Male,0.89,1,DRY NOODLES/PASTA,NOODLES DRY,0.89,1,2024-07-06
29528186242,442,Normal,Male,3.49,1,HOUSEHOLD CLEANG NEEDS,BATHROOM CLEANERS - SPECIALTY,3.49,3,2024-07-06
29528186242,442,Normal,Male,2.0,1,ORAL HYGIENE PRODUCTS,DENTAL FLOSS AND IMPLEMENTS,2.0,2,2024-07-06
29528186242,442,Normal,Male,1.67,3,CHEESE,NATURAL CHEESE EXACT WT CHUNKS,5.01,5,2024-07-06
29528186242,442,Normal,Male,2.89,1,HOUSEHOLD CLEANG NEEDS,BATHROOM CLEANERS - SPECIALTY,2.89,3,2024-07-06
29528186242,442,Normal,Male,0.4,4,YOGURT,YOGURT NOT MULTI-PACKS,1.6,2,2024-07-06
29528186242,442,Normal,Male,1.0,1,SALD DRSNG/SNDWCH SPRD,POURABLE SALAD DRESSINGS,1.0,1,2024-07-06
29528186242,442,Normal,Male,1.665,2,CHEESE,IWS SINGLE CHEESE,3.33,3,2024-07-06
29528186242,442,Normal,Male,1.6666666666666667,3,SOUP,RTS SOUP: CHUNKY/HOMESTYLE ET,5.0,5,2024-07-06
29528186242,442,Normal,Male,0.89,1,DRY NOODLES/PASTA,MACARONI DRY,0.89,1,2024-07-06
29528186242,442,Normal,Male,1.88,3,MILK BY-PRODUCTS,COTTAGE CHEESE,5.64,6,2024-07-06
29528186242,442,Normal,Male,2.49,1,FLUID MILK PRODUCTS,FLUID MILK WHITE ONLY,2.49,2,2024-07-06
29528186242,442,Normal,Male,1.89,2,BAKING NEEDS,BAKING POWDER & SODA,3.78,4,2024-07-06
29528186242,442,Normal,Male,1.0,1,DRY NOODLES/PASTA,NOODLES DRY,1.0,1,2024-07-06
29528186242,442,Normal,Male,8.99,1,HOUSEHOLD CLEANG NEEDS,TOOLS - FLOOR & FURNITURE,8.99,9,2024-07-06
29528186242,442,Normal,Male,1.77,1,CRACKERS/MISC BKD FD,CHEESE CRACKERS (CHEEZ-ITS/GOL,1.77,2,2024-07-06
29528186242,442,Normal,Male,1.89,1,CHEESE,CREAM CHEESE,1.89,2,2024-07-06
29528186242,442,Normal,Male,4.99,1,HOUSEHOLD CLEANG NEEDS,BATHROOM CLEANERS - SPECIALTY,4.99,5,2024-07-06
29528186242,442,Normal,Male,1.99,1,MARGARINES,MARGARINE: TUBS AND BOWLS,1.99,2,2024-07-06
29528186242,442,Normal,Male,3.99,1,SALD DRSNG/SNDWCH SPRD,SEMI-SOLID SALAD DRESSING MAY,3.99,4,2024-07-06
29528186242,442,Normal,Male,3.0,2,COLD CEREAL,KIDS CEREAL,6.0,6,2024-07-06
29528186242,442,Normal,Male,1.34,1,BAKING MIXES,FROSTING,1.34,1,2024-07-06
29528221669,374,Normal,Female,6.17,1,BEEF,CHOICE BEEF,6.17,6,2024-07-06
29528221669,374,Normal,Female,1.99,1,CHEESE,CREAM CHEESE,1.99,2,2024-07-06
29528221669,374,Normal,Female,1.99,1,MARGARINES,MARGARINE: TUBS AND BOWLS,1.99,2,2024-07-06
29528221669,374,Normal,Female,4.895,2,CHICKEN,WHOLE CHICKEN (ROASTERS/FRYER),9.79,10,2024-07-06
29528221669,374,Normal,Female,2.99,1,POTATOES,POTATOES RUSSET (BULK&BAG),2.99,3,2024-07-06
29528221669,374,Normal,Female,2.99,1,COOKIES/CONES,SPECIALTY COOKIES,2.99,3,2024-07-06
29528221669,374,Normal,Female,1.69,1,BAKED BREAD/BUNS/ROLLS,MAINSTREAM WHITE BREAD,1.69,2,2024-07-06
29528221669,374,Normal,Female,1.99,1,FLUID MILK PRODUCTS,FLUID MILK WHITE ONLY,1.99,2,2024-07-06
29528221669,374,Normal,Female,2.35,1,CHEESES,CHEESE: PROCESSED BULK,2.35,2,2024-07-06
29528221669,374,Normal,Female,3.99,1,CHICKEN/POULTRY,CHIX: ROTISSERIE (HOT),3.99,4,2024-07-06
29528221669,374,Normal,Female,1.19,1,BREAD,BREAD:ITALIAN/FRENCH,1.19,1,2024-07-06
29528221669,374,Normal,Female,2.99,1,CRACKERS/MISC BKD FD,BUTTER SPRAY CRACKER (RITZ/CLU,2.99,3,2024-07-06
29528221669,374,Normal,Female,4.14,1,ONIONS,ONIONS WHITE (BULK&BAG),4.14,4,2024-07-06
29528221669,374,Normal,Female,2.15,1,DELI MEATS,MEAT:HAM BULK,2.15,2,2024-07-06
29528221669,374,Normal,Female,2.44,1,TOMATOES,TOMATOES VINE RIPE BULK,2.44,2,2024-07-06
29528221669,374,Normal,Female,1.0,1,FRUIT - SHELF STABLE,PINEAPPLE,1.0,1,2024-07-06
29528221669,374,Normal,Female,3.89,1,HOT CEREAL,INSTANT OATMEAL,3.89,4,2024-07-06
29528221669,374,Normal,Female,4.28,1,BEEF,PRIMAL,4.28,4,2024-07-06
29577747771,374,Normal,Male,5.99,1,FROZEN MEAT,FRZN BREADED PREPARED CHICK,5.99,6,2024-07-07
29577747771,374,Normal,Male,1.99,2,YOGURT,YOGURT NOT MULTI-PACKS,3.98,4,2024-07-07
29577747771,374,Normal,Male,5.99,1,FROZEN PIZZA,PIZZA/PREMIUM,5.99,6,2024-07-07
29577747771,374,Normal,Male,3.49,1,COCOA MIXES,MALTED MLK/SYRUP/PWDRS (EGGNOG,3.49,3,2024-07-07
29577747771,374,Normal,Male,2.99,1,TEAS,TEA BAGS HERBAL & FLAVORED,2.99,3,2024-07-07
29577747771,374,Normal,Male,1.79,1,BAKED BREAD/BUNS/ROLLS,PREMIUM BREAD,1.79,2,2024-07-07
29590346728,412,Member,Male,2.5,2,BREAKFAST SAUSAGE/SANDWICHES,ROLLS - PORK,5.0,5,2024-07-08
29590346728,412,Member,Male,1.2,1,FRUIT - SHELF STABLE,FRUIT BOWL AND CUPS,1.2,1,2024-07-08
29590346728,412,Member,Male,6.42,2,BEEF,CHOICE BEEF,12.84,13,2024-07-08
29590346728,412,Member,Male,0.99,3,SOFT DRINKS,TEA SWEETENED,2.97,3,2024-07-08
29590346728,412,Member,Male,3.0,1,FRZN MEAT/MEAT DINNERS,FRZN SS PREMIUM ENTREES/DNRS/T,3.0,3,2024-07-08
29590346728,412,Member,Male,1.77,2,CRACKERS/MISC BKD FD,BUTTER SPRAY CRACKER (RITZ/CLU,3.54,4,2024-07-08
29590346728,412,Member,Male,2.5,2,BREAKFAST SAUSAGE/SANDWICHES,LINKS - RAW,5.0,5,2024-07-08
29590346728,412,Member,Male,10.99,1,MEAT - MISC,GRND/PATTY - FROZEN,10.99,11,2024-07-08
29590346728,412,Member,Male,1.6666666666666667,3,FRZN POTATOES,FRZN HASHBROWN POTATOES,5.0,5,2024-07-08
29590346728,412,Member,Male,2.5,2,BREAKFAST SAUSAGE/SANDWICHES,LINKS - RAW,5.0,5,2024-07-08
29590346728,412,Member,Male,1.0,3,FRZN MEAT/MEAT DINNERS,SS ECONOMY ENTREES/DINNERS ALL,3.0,3,2024-07-08
29590346728,412,Member,Male,6.43,1,DELI MEATS,MEAT: TURKEY BULK,6.43,6,2024-07-08
29590346728,412,Member,Male,5.99,4,MEAT - MISC,BREAST - BONELESS(IQF),23.96,24,2024-07-08
29590346728,412,Member,Male,1.05,1,BAG SNACKS,BAGGED POPPED POPCORN,1.05,1,2024-07-08
29590346728,412,Member,Male,1.05,1,BAG SNACKS,BAGGED CHEESE SNACKS,1.05,1,2024-07-08
29590346728,412,Member,Male,1.2,3,FRUIT - SHELF STABLE,FRUIT BOWL AND CUPS,3.6,4,2024-07-08
29590346728,412,Member,Male,1.0,2,FRZN MEAT/MEAT DINNERS,SS ECONOMY ENTREES/DINNERS ALL,2.0,2,2024-07-08
29590346728,412,Member,Male,4.626666666666667,3,BEEF,PRIMAL,13.88,14,2024-07-08
29590346728,412,Member,Male,2.78,4,PORK,LOIN - CHOPS BONELESS,11.12,11,2024-07-08
29590346728,412,Member,Male,2.0,2,FRZN POTATOES,FRZN FRENCH FRIES,4.0,4,2024-07-08
29590346728,412,Member,Male,3.99,1,POTATOES,POTATOES RUSSET (BULK&BAG),3.99,4,2024-07-08
29590346728,412,Member,Male,4.59,1,CIGARETTES,CIGARETTES,4.59,5,2024-07-08
29590346728,412,Member,Male,1.0,5,FRZN MEAT/MEAT DINNERS,SS ECONOMY ENTREES/DINNERS ALL,5.0,5,2024-07-08
29590346728,412,Member,Male,1.25,4,DINNER SAUSAGE,SMOKED/COOKED,5.0,5,2024-07-08
29590346728,412,Member,Male,2.5,2,HOUSEHOLD CLEANG NEEDS,KITCHEN & MULTI-PURPOSE CLEANE,5.0,5,2024-07-08
29590346728,412,Member,Male,3.99,2,MEAT - MISC,WINGS (IQF),7.98,8,2024-07-08
29590346728,412,Member,Male,3.0,2,FRZN MEAT/MEAT DINNERS,FRZN SS PREMIUM ENTREES/DNRS/T,6.0,6,2024-07-08
29590346728,412,Member,Male,3.11,1,PORK,LOIN - CHOPS BONELESS,3.11,3,2024-07-08
29590346728,412,Member,Male,0.955,2,CHICKEN,CHICKEN DRUMS,1.91,2,2024-07-08
29590346728,412,Member,Male,2.85,4,BEEF,CUBED MEATS,11.4,11,2024-07-08
29590346728,412,Member,Male,1.0,1,FRZN MEAT/MEAT DINNERS,SS ECONOMY ENTREES/DINNERS ALL,1.0,1,2024-07-08
29590346728,412,Member,Male,2.5,2,HOUSEHOLD CLEANG NEEDS,FLOOR - DILUTABLES,5.0,5,2024-07-08
29590346728,412,Member,Male,3.0,1,FRZN MEAT/MEAT DINNERS,FRZN SS PREMIUM ENTREES/DNRS/T,3.0,3,2024-07-08
29590346728,412,Member,Male,4.88,1,CHEESE,GRATED CHEESE,4.88,5,2024-07-08
29590346728,412,Member,Male,1.09,1,BLEACH,LIQUID BLEACH,1.09,1,2024-07-08
29590346728,412,Member,Male,1.0,1,FRZN MEAT/MEAT DINNERS,SS ECONOMY ENTREES/DINNERS ALL,1.0,1,2024-07-08
29590346728,412,Member,Male,1.385,2,CHICKEN,CHICKEN WINGS,2.77,3,2024-07-08
29590346728,412,Member,Male,2.99,1,FROZEN MEAT,CORN DOGS,2.99,3,2024-07-08
29590346728,412,Member,Male,1.54,2,HOT CEREAL,INSTANT OATMEAL,3.08,3,2024-07-08
29590346728,412,Member,Male,1.495,2,LUNCHMEAT,BOLOGNA,2.99,3,2024-07-08
29590346728,412,Member,Male,1.2,1,FRUIT - SHELF STABLE,FRUIT BOWL AND CUPS,1.2,1,2024-07-08
29590346728,412,Member,Male,1.99,1,FRZN VEGETABLE/VEG DSH,FRZN BREADED VEGETABLES,1.99,2,2024-07-08
29590346728,412,Member,Male,2.5,2,BREAKFAST SAUSAGE/SANDWICHES,PATTIES - RAW,5.0,5,2024-07-08
29590346728,412,Member,Male,1.0,2,FRZN MEAT/MEAT DINNERS,SS ECONOMY ENTREES/DINNERS ALL,2.0,2,2024-07-08
29590346728,412,Member,Male,1.05,2,BAG SNACKS,BAGGED CHEESE SNACKS,2.1,2,2024-07-08
29590346728,412,Member,Male,2.99,2,BACON,ECONOMY,5.98,6,2024-07-08
29590346728,412,Member,Male,3.0,1,FRZN MEAT/MEAT DINNERS,FRZN SS PREMIUM ENTREES/DNRS/T,3.0,3,2024-07-08
29590346728,412,Member,Male,1.99,1,FRZN POTATOES,FRZN FRENCH FRIES,1.99,2,2024-07-08
29590346728,412,Member,Male,1.77,2,CRACKERS/MISC BKD FD,CHEESE CRACKERS (CHEEZ-ITS/GOL,3.54,4,2024-07-08
29590346728,412,Member,Male,1.99,1,FRZN POTATOES,FRZN FRENCH FRIES,1.99,2,2024-07-08
29590346728,412,Member,Male,2.0,3,BACON,PREMIUM,6.0,6,2024-07-08
29590346728,412,Member,Male,3.89,2,DELI MEATS,MEAT:HAM BULK,7.78,8,2024-07-08
29590346728,412,Member,Male,8.59,1,PORK,RIBS,8.59,9,2024-07-08
29590346728,412,Member,Male,1.25,4,HOT DOGS,ECONOMY - MEAT,5.0,5,2024-07-08
29590346728,412,Member,Male,1.99,1,FRZN POTATOES,FRZN TATER TOTS/OTHER EXTRUDED,1.99,2,2024-07-08
29590346728,412,Member,Male,1.0,1,FRZN MEAT/MEAT DINNERS,SS ECONOMY ENTREES/DINNERS ALL,1.0,1,2024-07-08
29590346728,412,Member,Male,1.72,1,DISHWASH DETERGENTS,LIQUID DISH DETERGENT,1.72,2,2024-07-08
29590346728,412,Member,Male,2.29,3,LUNCHMEAT,PEPPERONI/SALAMI,6.87,7,2024-07-08
29590346728,412,Member,Male,1.77,2,CRACKERS/MISC BKD FD,BUTTER SPRAY CRACKER (RITZ/CLU,3.54,4,2024-07-08
29590346728,412,Member,Male,1.05,1,BAG SNACKS,BAGGED POPPED POPCORN,1.05,1,2024-07-08
29590346728,412,Member,Male,3.0,1,FRZN MEAT/MEAT DINNERS,FRZN SS PREMIUM ENTREES/DNRS/T,3.0,3,2024-07-08
29590346728,412,Member,Male,7.99,2,FROZEN MEAT,CORN DOGS,15.98,16,2024-07-08
29590346728,412,Member,Male,1.0,1,FRZN MEAT/MEAT DINNERS,SS ECONOMY ENTREES/DINNERS ALL,1.0,1,2024-07-08
29590346728,412,Member,Male,2.0,1,BACON,PREMIUM,2.0,2,2024-07-08
29590346728,412,Member,Male,3.83,1,PORK,RIBS - COUNTRY/WESTERN STYLE,3.83,4,2024-07-08
29590346728,412,Member,Male,3.99,2,BACON,ECONOMY,7.98,8,2024-07-08
29590346728,412,Member,Male,3.99,1,LUNCHMEAT,BOLOGNA,3.99,4,2024-07-08
29590346728,412,Member,Male,1.05,2,BAG SNACKS,BAGGED CHEESE SNACKS,2.1,2,2024-07-08
29590346728,412,Member,Male,4.99,2,LUNCHMEAT,LOAVE,9.98,10,2024-07-08
29590346728,412,Member,Male,4.47,1,DRY BN/VEG/POTATO/RICE,RICE - INSTANT & MICROWAVE,4.47,4,2024-07-08
29590346728,412,Member,Male,3.0,1,FRZN MEAT/MEAT DINNERS,FRZN SS PREMIUM ENTREES/DNRS/T,3.0,3,2024-07-08
29590346728,412,Member,Male,1.77,1,CRACKERS/MISC BKD FD,CHEESE CRACKERS (CHEEZ-ITS/GOL,1.77,2,2024-07-08
29590346728,412,Member,Male,1.0,3,FRZN MEAT/MEAT DINNERS,SS ECONOMY ENTREES/DINNERS ALL,3.0,3,2024-07-08
29590346728,412,Member,Male,1.0,1,FRZN MEAT/MEAT DINNERS,SS ECONOMY ENTREES/DINNERS ALL,1.0,1,2024-07-08
29590346728,412,Member,Male,0.69,3,LUNCHMEAT,MISCELLANEOUS,2.07,2,2024-07-08
29590346728,412,Member,Male,0.99,1,CANDY - CHECKLANE,CHEWING GUM,0.99,1,2024-07-08
29590346728,412,Member,Male,4.0,2,DRY BN/VEG/POTATO/RICE,RICE SIDE DISH MIXES DRY,8.0,8,2024-07-08
29590346728,412,Member,Male,3.99,3,FROZEN - BOXED(GROCERY),FRZN BRD OTHER,11.97,12,2024-07-08
29590346728,412,Member,Male,3.44,1,BEEF,LEAN,3.44,3,2024-07-08
29590346728,412,Member,Male,6.62,2,BEEF,PRIMAL,13.24,13,2024-07-08
29590346728,412,Member,Male,3.77,1,BEEF,LEAN,3.77,4,2024-07-08
29590346728,412,Member,Male,7.5,1,BATH TISSUES,TOILET TISSUE,7.5,8,2024-07-08
29590528547,382,Member,Male,4.99,1,ANALGESICS,PEDIATRIC ANALGESICS,4.99,5,2024-07-08
29590528547,382,Member,Male,1.58,1,COLD AND FLU,COUGH SYRP/LOZNG-DRP/XPCTRNT,1.58,2,2024-07-08
29590528547,382,Member,Male,5.68,1,COLD AND FLU,COLD AND FLU,5.68,6,2024-07-08
29773371545,388,Member,Female,2.29,1,DISHWASH DETERGENTS,LIQUID DISH DETERGENT,2.29,2,2024-07-16
29773371545,388,Member,Female,2.34,1,REFRGRATD JUICES/DRNKS,DAIRY CASE 100% PURE JUICE - O,2.34,2,2024-07-16
29773371545,388,Member,Female,1.67,1,FLUID MILK PRODUCTS,FLUID MILK WHITE ONLY,1.67,2,2024-07-16
29773371545,388,Member,Female,2.33,1,COLD CEREAL,KIDS CEREAL,2.33,2,2024-07-16
29773371545,388,Member,Female,2.69,1,COLD CEREAL,ALL FAMILY CEREAL,2.69,3,2024-07-16
29773371545,388,Member,Female,0.79,1,FACIAL TISS/DNR NAPKIN,FACIAL TISSUE & PAPER HANDKE,0.79,1,2024-07-16
29773371545,388,Member,Female,4.69,1,SOFT DRINKS,SOFT DRINKS 12/18&15PK CAN CAR,4.69,5,2024-07-16
29773371545,388,Member,Female,2.19,2,BATH TISSUES,TOILET TISSUE,4.38,4,2024-07-16
30032908064,427,Member,Male,12.99,1,INFANT FORMULA,INFANT FORMULA MILK BASE,12.99,13,2024-07-21
30032908064,427,Member,Male,4.19,1,DEODORANTS,SOLID/STK DEODORANTS,4.19,4,2024-07-21
30034267870,384,Member,Male,0.0025889239081494,8884,COUPON/MISC ITEMS,GASOLINE-REG UNLEADED,23.0,23,2024-07-23
30034412229,310,Member,Male,0.59,1,SOFT DRINKS,SFT DRNK 2 LITER BTL CARB INCL,0.59,1,2024-07-23
30034412229,310,Member,Male,8.99,1,MEAT - MISC,WINGS (IQF),8.99,9,2024-07-23
30034412229,310,Member,Male,2.99,1,BREAKFAST SAUSAGE/SANDWICHES,LINKS - RAW,2.99,3,2024-07-23
30034412229,310,Member,Male,1.89,2,DRY BN/VEG/POTATO/RICE,POTATOES: DRY,3.78,4,2024-07-23
30034412229,310,Member,Male,4.29,2,BACON,PREMIUM,8.58,9,2024-07-23
30034412229,310,Member,Male,1.39,1,BAKED BREAD/BUNS/ROLLS,MAINSTREAM WHEAT/MULTIGRAIN BR,1.39,1,2024-07-23
30034412229,310,Member,Male,2.5,2,FROZEN PIZZA,PIZZA/TRADITIONAL,5.0,5,2024-07-23
30034412229,310,Member,Male,2.5,2,FRZN MEAT/MEAT DINNERS,FRZN BREADED PREPARED CHICK,5.0,5,2024-07-23
30034412229,310,Member,Male,1.6666666666666667,3,FRZN POTATOES,FRZN FRENCH FRIES,5.0,5,2024-07-23
30034412229,310,Member,Male,2.39,1,BAKED BREAD/BUNS/ROLLS,MAINSTREAM WHITE BREAD,2.39,2,2024-07-23
30034412229,310,Member,Male,1.5,2,FRUIT - SHELF STABLE,APPLE SAUCE,3.0,3,2024-07-23
30034412229,310,Member,Male,0.49,1,EGGS,EGGS - MEDIUM,0.49,0,2024-07-23
30034412229,310,Member,Male,2.99,1,WATER - CARBONATED/FLVRD DRINK,SPRING WATER,2.99,3,2024-07-23
30034412229,310,Member,Male,2.0,1,SOFT DRINKS,TEA CAN WITH SWEETENER/SUGAR,2.0,2,2024-07-23
30034412229,310,Member,Male,7.99,1,MEAT - MISC,GRND/PATTY - FROZEN,7.99,8,2024-07-23
30034412229,310,Member,Male,0.99,1,CANDY - CHECKLANE,CHEWING GUM,0.99,1,2024-07-23
30034412229,310,Member,Male,2.5,2,FROZEN PIZZA,PIZZA/TRADITIONAL,5.0,5,2024-07-23
30034412229,310,Member,Male,0.59,1,SOFT DRINKS,SFT DRNK 2 LITER BTL CARB INCL,0.59,1,2024-07-23
30034412229,310,Member,Male,1.72,1,CHEESE,IWS SINGLE CHEESE,1.72,2,2024-07-23
30034412229,310,Member,Male,2.52,1,FLUID MILK PRODUCTS,FLUID MILK WHITE ONLY,2.52,3,2024-07-23
30034412229,310,Member,Male,3.49,1,BAG SNACKS,MISC BAG SNACKS,3.49,3,2024-07-23
30034412229,310,Member,Male,7.99,1,SOFT DRINKS,SOFT DRINKS 20PK&24PK CAN CARB,7.99,8,2024-07-23
30034412229,310,Member,Male,1.88,1,BAG SNACKS,TORTILLA/NACHO CHIPS,1.88,2,2024-07-23
30034412229,310,Member,Male,2.99,1,TOMATOES,TOMATOES VINE RIPE PKG,2.99,3,2024-07-23
30034412229,310,Member,Male,2.0,1,YOGURT,YOGURT MULTI-PACKS,2.0,2,2024-07-23
30034412229,310,Member,Male,2.0,1,YOGURT,YOGURT MULTI-PACKS,2.0,2,2024-07-23
30034412229,310,Member,Male,2.5,2,YOGURT,YOGURT MULTI-PACKS,5.0,5,2024-07-23
30034412229,310,Member,Male,2.88,1,ICE CREAM/MILK/SHERBTS,PREMIUM,2.88,3,2024-07-23
30034412229,310,Member,Male,1.0,1,YOGURT,YOGURT NOT MULTI-PACKS,1.0,1,2024-07-23
30035521738,410,Member,Female,2.5,1,LUNCHMEAT,PEPPERONI/SALAMI,2.5,2,2024-07-25
30035521738,410,Member,Female,2.5,1,FROZEN PIZZA,PIZZA/TRADITIONAL,2.5,2,2024-07-25
30035521738,410,Member,Female,2.5,1,FROZEN PIZZA,PIZZA/TRADITIONAL,2.5,2,2024-07-25
30035521738,410,Member,Female,0.24,1,HERBS,GARLIC WHOLE CLOVES,0.24,0,2024-07-25
30035521738,410,Member,Female,1.72,1,TOMATOES,TOMATOES VINE RIPE BULK,1.72,2,2024-07-25
30035521738,410,Member,Female,1.67,1,CHEESE,SHREDDED CHEESE,1.67,2,2024-07-25
30035752539,346,Member,Female,1.39,1,MEAT - SHELF STABLE,PASTA: CANNED,1.39,1,2024-07-25
30036607359,432,Normal,Male,0.002479199775638,10697,COUPON/MISC ITEMS,GASOLINE-REG UNLEADED,26.52,27,2024-07-27
30037071723,32004,Normal,Female,1.34,1,SOFT DRINKS,SFT DRNK 2 LITER BTL CARB INCL,1.34,1,2024-07-28
30037071723,32004,Normal,Female,1.99,1,CHEESE,IWS SINGLE CHEESE,1.99,2,2024-07-28
30037071723,32004,Normal,Female,2.99,2,FROZEN PIZZA,PIZZA/PREMIUM,5.98,6,2024-07-28
30037071723,32004,Normal,Female,1.0,1,ICE CREAM/MILK/SHERBTS,TRADITIONAL,1.0,1,2024-07-28
30037071723,32004,Normal,Female,1.0,1,ICE CREAM/MILK/SHERBTS,TRADITIONAL,1.0,1,2024-07-28
30037071723,32004,Normal,Female,2.09,1,SOFT DRINKS,SOFT DRINKS 12/18&15PK CAN CAR,2.09,2,2024-07-28
30037071723,32004,Normal,Female,3.19,1,BAG SNACKS,POTATO CHIPS,3.19,3,2024-07-28
30037071723,32004,Normal,Female,1.29,1,MARGARINES,MARGARINE: TUBS AND BOWLS,1.29,1,2024-07-28
30053751615,372,Normal,Female,5.99,1,DOMESTIC WINE,FIGHTING VARIETAL WINES,5.99,6,2024-07-31
30053751615,372,Normal,Female,1.0,1,WAREHOUSE SNACKS,SNACK MIX,1.0,1,2024-07-31
30053751615,372,Normal,Female,1.99,1,MAGAZINE,SOCIAL&LIFESTYLE-MAGAZINE,1.99,2,2024-07-31
30053751615,372,Normal,Female,5.99,1,BEERS/ALES,BEERALEMALT LIQUORS,5.99,6,2024-07-31
30053751615,372,Normal,Female,0.25,1,CANDY - CHECKLANE,CANDY BARS (SINGLES)(INCLUDING,0.25,0,2024-07-31
30053751615,372,Normal,Female,1.67,1,CHEESE,NATURAL CHEESE EXACT WT CHUNKS,1.67,2,2024-07-31
30053751615,372,Normal,Female,1.0,1,BATH TISSUES,TOILET TISSUE,1.0,1,2024-07-31
30053751615,372,Normal,Female,0.25,1,CANDY - CHECKLANE,CANDY BARS (SINGLES)(INCLUDING,0.25,0,2024-07-31
30053751615,372,Normal,Female,0.25,1,COUPON,MISC GREETING CARD SHOP,0.25,0,2024-07-31
30053751615,372,Normal,Female,3.99,1,BATTERIES,ALKALINE BATTERIES,3.99,4,2024-07-31
30053889852,319,Member,Female,2.39,1,CANNED JUICES,BLENDED JUICE&COMBINATIONS (OV,2.39,2,2024-07-31
30053889852,319,Member,Female,0.99,1,BABY FOODS,BABY FOOD - BEGINNER,0.99,1,2024-07-31
30053889852,319,Member,Female,2.39,1,CANNED JUICES,BLENDED JUICE&COMBINATIONS (OV,2.39,2,2024-07-31
30053889852,319,Member,Female,2.5,1,BABY FOODS,BABY FOOD CEREALS,2.5,2,2024-07-31
30053889852,319,Member,Female,2.39,1,CANNED JUICES,GRAPE JUICE (OVER 50% JUICE),2.39,2,2024-07-31
30053889852,319,Member,Female,0.99,3,BABY FOODS,BABY FOOD - BEGINNER,2.97,3,2024-07-31
30053889852,319,Member,Female,2.5,1,BABY FOODS,BABY FOOD CEREALS,2.5,2,2024-07-31
30053889852,319,Member,Female,2.39,1,CANNED JUICES,BLENDED JUICE&COMBINATIONS (OV,2.39,2,2024-07-31
30054566299,300,Member,Female,1.7,1,SQUASH,HARD SQUASH,1.7,2,2024-08-01
30054566299,300,Member,Female,1.5,1,BAG SNACKS,POTATO CHIPS,1.5,2,2024-08-01
30054566299,300,Member,Female,1.0,1,BAG SNACKS,BAGGED CHEESE SNACKS,1.0,1,2024-08-01
30054566299,300,Member,Female,1.0,1,BAG SNACKS,BAGGED CHEESE SNACKS,1.0,1,2024-08-01
30054566299,300,Member,Female,1.5,2,BREAKFAST SWEETS,SW GDS: SW ROLLS/DAN,3.0,3,2024-08-01
30054566299,300,Member,Female,0.165,2,PWDR/CRYSTL DRNK MX,SOFT DRINK POWDER POUCHES,0.33,0,2024-08-01
30054566299,300,Member,Female,0.75,1,VEGETABLES - ALL OTHERS,GREENS,0.75,1,2024-08-01
30054566299,300,Member,Female,1.0,1,EGGS,EGGS - LARGE,1.0,1,2024-08-01
30054566299,300,Member,Female,1.88,1,MILK BY-PRODUCTS,REFRIG DIPS,1.88,2,2024-08-01
30054566299,300,Member,Female,1.0,1,MILK BY-PRODUCTS,COTTAGE CHEESE,1.0,1,2024-08-01
30054566299,300,Member,Female,0.17,2,PWDR/CRYSTL DRNK MX,SOFT DRINK POWDER POUCHES,0.34,0,2024-08-01
30054566299,300,Member,Female,0.5,2,VEGETABLES - SHELF STABLE,BEANS GREEN: FS/WHL/CUT,1.0,1,2024-08-01
30054566299,300,Member,Female,0.165,2,PWDR/CRYSTL DRNK MX,SOFT DRINK POWDER POUCHES,0.33,0,2024-08-01
30054566299,300,Member,Female,0.79,1,PASTA SAUCE,VALUE,0.79,1,2024-08-01
30054566299,300,Member,Female,1.0,1,BAG SNACKS,PRETZELS,1.0,1,2024-08-01
30054566299,300,Member,Female,1.89,1,CAT FOOD,DRY CAT FOOD ECONOMY (COST CUT,1.89,2,2024-08-01
30054566299,300,Member,Female,1.99,1,VEGETABLES - ALL OTHERS,BEANS,1.99,2,2024-08-01
30054566299,300,Member,Female,0.1675,4,PWDR/CRYSTL DRNK MX,SOFT DRINK POWDER POUCHES,0.67,1,2024-08-01
30054566299,300,Member,Female,0.165,2,PWDR/CRYSTL DRNK MX,SOFT DRINK POWDER POUCHES,0.33,0,2024-08-01
30054566299,300,Member,Female,1.0,4,FLUID MILK PRODUCTS,FLUID MILK WHITE ONLY,4.0,4,2024-08-01
30054566299,300,Member,Female,2.5,1,COLD CEREAL,KIDS CEREAL,2.5,2,2024-08-01
30054566299,300,Member,Female,2.5,1,COLD CEREAL,KIDS CEREAL,2.5,2,2024-08-01
30054901096,427,Member,Male,1.99,1,MEAT - SHELF STABLE,CHILI: CANNED,1.99,2,2024-08-02
30054901096,427,Member,Male,2.49,1,FRUIT - SHELF STABLE,FRUIT BOWL AND CUPS,2.49,2,2024-08-02
30054901096,427,Member,Male,3.0,1,FRZN MEAT/MEAT DINNERS,FRZN SS PREMIUM ENTREES/DNRS/N,3.0,3,2024-08-02
30054901096,427,Member,Male,1.33,1,CRACKERS/MISC BKD FD,CHEESE CRACKERS (CHEEZ-ITS/GOL,1.33,1,2024-08-02
30054901096,427,Member,Male,2.99,1,FROZEN MEAT,FRZN BREADED PREPARED CHICK,2.99,3,2024-08-02
30054901096,427,Member,Male,3.69,1,CHEESE,IWS SINGLE CHEESE,3.69,4,2024-08-02
30054901096,427,Member,Male,1.5,1,BAKED BREAD/BUNS/ROLLS,MAINSTREAM WHEAT/MULTIGRAIN BR,1.5,2,2024-08-02
30054901096,427,Member,Male,2.31,1,DELI MEATS,MEAT: TURKEY BULK,2.31,2,2024-08-02
30054901096,427,Member,Male,1.39,1,PAPER TOWELS,PAPER TOWELS & HOLDERS,1.39,1,2024-08-02
30054901096,427,Member,Male,1.69,1,HOUSEHOLD CLEANG NEEDS,FURNITURE,1.69,2,2024-08-02
30054901096,427,Member,Male,1.47,1,HOUSEHOLD CLEANG NEEDS,BATHROOM CLEANERS - GENERAL,1.47,1,2024-08-02
30054901096,427,Member,Male,5.59,1,HOUSEHOLD CLEANG NEEDS,TOILET BOWL AUTOMATIC,5.59,6,2024-08-02
30054901096,427,Member,Male,2.99,1,FRZN MEAT/MEAT DINNERS,FRZN SS PREMIUM ENTREES/DNRS/T,2.99,3,2024-08-02
30054901096,427,Member,Male,0.99,1,CANDY - CHECKLANE,CHEWING GUM,0.99,1,2024-08-02
30054901096,427,Member,Male,3.0,1,FRZN MEAT/MEAT DINNERS,FRZN SS PREMIUM ENTREES/DNRS/N,3.0,3,2024-08-02
30054901096,427,Member,Male,2.86,1,CIGARETTES,CIGARETTES,2.86,3,2024-08-02
30054901096,427,Member,Male,4.5,1,HAND/BODY/FACIAL PRODUCTS,HAND AND BODY LOTIONS,4.5,4,2024-08-02
30054901096,427,Member,Male,5.79,1,FD WRAPS/BAGS/TRSH BG,GARBAGE KITCHEN COMPACTOR BA,5.79,6,2024-08-02
30054901096,427,Member,Male,1.68,1,PASTA SAUCE,MAINSTREAM,1.68,2,2024-08-02
30054901096,427,Member,Male,2.99,1,SOAP - LIQUID & BAR,BODY WASH,2.99,3,2024-08-02
30054901096,427,Member,Male,3.99,1,LAUNDRY ADDITIVES,FABRIC REFRESHERS/DRY CLEAN,3.99,4,2024-08-02
30054901096,427,Member,Male,2.19,1,BATH TISSUES,TOILET TISSUE,2.19,2,2024-08-02
30087137172,317,Member,Male,0.38,1,BABY FOODS,BABY FOOD - BEGINNER,0.38,0,2024-08-03
30087137172,317,Member,Male,0.89,3,SOUP,BROTH,2.67,3,2024-08-03
30087137172,317,Member,Male,0.89,1,FRZN VEGETABLE/VEG DSH,FRZN BAGGED VEGETABLES - PLAIN,0.89,1,2024-08-03
30087137172,317,Member,Male,4.99,1,BEERS/ALES,BEERALEMALT LIQUORS,4.99,5,2024-08-03
30087137172,317,Member,Male,0.38,1,BABY FOODS,BABY FOOD - BEGINNER,0.38,0,2024-08-03
30087137172,317,Member,Male,1.99,1,PNT BTR/JELLY/JAMS,PEANUT BUTTER,1.99,2,2024-08-03
30087137172,317,Member,Male,2.5,1,CHEESES,CHEESE:SPECIALTY PREPACK,2.5,2,2024-08-03
30087137172,317,Member,Male,0.38,1,BABY FOODS,BABY FOOD - BEGINNER,0.38,0,2024-08-03
30087137172,317,Member,Male,2.5,1,DINNER SAUSAGE,SMOKED/COOKED - BETTER FOR YOU,2.5,2,2024-08-03
30087137172,317,Member,Male,2.49,1,DRIED FRUIT,DRIED FRUIT - OTHER,2.49,2,2024-08-03
30087137172,317,Member,Male,2.69,1,PASTA SAUCE,PREMIUM,2.69,3,2024-08-03
30087137172,317,Member,Male,0.38,1,BABY FOODS,BABY FOOD - BEGINNER,0.38,0,2024-08-03
30087137172,317,Member,Male,2.5,1,SALAD MIX,BLENDS,2.5,2,2024-08-03
30087137172,317,Member,Male,0.89,1,SOUP,BROTH,0.89,1,2024-08-03
30087137172,317,Member,Male,2.49,1,FLUID MILK PRODUCTS,FLUID MILK WHITE ONLY,2.49,2,2024-08-03
30087137172,317,Member,Male,0.38,1,BABY FOODS,BABY FOOD - BEGINNER,0.38,0,2024-08-03
30117820879,367,Member,Female,2.0,6,COOKIES,COOKIES: REGULAR,12.0,12,2024-08-05
30117820879,367,Member,Female,2.0,2,COOKIES,COOKIES: REGULAR,4.0,4,2024-08-05
30129757382,31782,Member,Female,0.3,1,BAG SNACKS,SGL SV/VEND MACH SNACKS CHIP/P,0.3,0,2024-08-06
30142217016,343,Member,Female,1.0,1,COLD AND FLU,LIPCARE,1.0,1,2024-08-07
30142217016,343,Member,Female,1.0,1,COLD AND FLU,LIPCARE,1.0,1,2024-08-07
30175995891,289,Member,Male,1.0,2,FRUIT - SHELF STABLE,PEACHES,2.0,2,2024-08-10
30175995891,289,Member,Male,1.69,1,STATIONERY & SCHOOL SUPPLIES,FASTENERS,1.69,2,2024-08-10
30175995891,289,Member,Male,1.89,1,MARGARINES,MARGARINE: TUBS AND BOWLS,1.89,2,2024-08-10
30175995891,289,Member,Male,1.0,1,FRUIT - SHELF STABLE,PINEAPPLE,1.0,1,2024-08-10
30175995891,289,Member,Male,1.0,2,FRUIT - SHELF STABLE,FRUIT COCKTAIL FRUIT SALAD,2.0,2,2024-08-10
30175995891,289,Member,Male,5.99,1,CANDY - PACKAGED,CANDY BAGS-CHOCOCLATE,5.99,6,2024-08-10
30175995891,289,Member,Male,3.05,1,CHEESES,CHEESE: NATURAL BULK,3.05,3,2024-08-10
30175995891,289,Member,Male,3.99,1,SOFT DRINKS,SOFT DRINKS 12/18&15PK CAN CAR,3.99,4,2024-08-10
30175995891,289,Member,Male,1.0,1,ROLLS,ROLLS: SANDWICH,1.0,1,2024-08-10
30175995891,289,Member,Male,2.14,1,BAG SNACKS,POTATO CHIPS,2.14,2,2024-08-10
30175995891,289,Member,Male,1.0,1,BREAD,BREAD:ITALIAN/FRENCH,1.0,1,2024-08-10
30175995891,289,Member,Male,18.92,1,SMOKED MEATS,HAMS-WHOLE BONE-IN,18.92,19,2024-08-10
30215781701,343,Member,Male,1.39,1,EGGS,EGGS - LARGE,1.39,1,2024-08-09
30215781701,343,Member,Male,1.79,1,BAG SNACKS,PRETZELS,1.79,2,2024-08-09
30215781701,343,Member,Male,2.19,1,GRAPES,GRAPES BLACK/BLUE,2.19,2,2024-08-09
30215781701,343,Member,Male,3.49,1,WAREHOUSE SNACKS,SNACK MIX,3.49,3,2024-08-09
30215781701,343,Member,Male,3.99,1,COLD CEREAL,ALL FAMILY CEREAL,3.99,4,2024-08-09
30215781701,343,Member,Male,6.29,1,BEERS/ALES,BEERALEMALT LIQUORS,6.29,6,2024-08-09
30215781701,343,Member,Male,7.29,1,CAT FOOD,DRY CAT FOOD (CAT CHOW/FRISKIE,7.29,7,2024-08-09
30215781701,343,Member,Male,3.49,1,FLUID MILK PRODUCTS,MISCELLANEOUS MILK,3.49,3,2024-08-09
30215781701,343,Member,Male,2.49,1,FLUID MILK PRODUCTS,FLUID MILK WHITE ONLY,2.49,2,2024-08-09
30215781701,343,Member,Male,2.99,1,LUNCHMEAT,VARIETY PACK,2.99,3,2024-08-09
30215781701,343,Member,Male,1.495,2,VALUE ADDED VEGETABLES,CUT VEGETABLES ALL OTHER,2.99,3,2024-08-09
30215781701,343,Member,Male,1.37,1,TROPICAL FRUIT,BANANAS,1.37,1,2024-08-09
30215781701,343,Member,Male,3.89,1,HOT CEREAL,INSTANT OATMEAL,3.89,4,2024-08-09
30215781701,343,Member,Male,2.99,1,TOMATOES,TOMATOES VINE RIPE PKG,2.99,3,2024-08-09
30215781701,343,Member,Male,0.39,1,YOGURT,YOGURT NOT MULTI-PACKS,0.39,0,2024-08-09
30215781701,343,Member,Male,0.39,1,YOGURT,YOGURT NOT MULTI-PACKS,0.39,0,2024-08-09
30215781701,343,Member,Male,0.39,2,YOGURT,YOGURT NOT MULTI-PACKS,0.78,1,2024-08-09
30215781701,343,Member,Male,4.04,1,APPLES,APPLES OTHER (BULK&BAG),4.04,4,2024-08-09
30407791711,327,Member,Male,3.49,1,MAGAZINE,TV/MOVIE-MAGAZINE,3.49,3,2024-08-26
30407791711,327,Member,Male,3.99,1,FRZN MEAT/MEAT DINNERS,FRZN MULTI SERVE ENTREES ALL,3.99,4,2024-08-26
30407791711,327,Member,Male,3.99,1,FRZN MEAT/MEAT DINNERS,FRZN MULTI SERVE ENTREES ALL,3.99,4,2024-08-26
30407791711,327,Member,Male,3.99,1,FRZN MEAT/MEAT DINNERS,FRZN MULTI SERVE ENTREES ALL,3.99,4,2024-08-26
30407791711,327,Member,Male,4.19,1,STATIONERY & SCHOOL SUPPLIES,SCHOOL PAPER,4.19,4,2024-08-26
30407791711,327,Member,Male,2.49,1,FLUID MILK PRODUCTS,FLUID MILK WHITE ONLY,2.49,2,2024-08-26
30407791711,327,Member,Male,5.59,1,EYE AND EAR CARE PRODUCTS,SOFT LENS - NON CHEMICAL,5.59,6,2024-08-26
30407791711,327,Member,Male,7.99,1,EYE AND EAR CARE PRODUCTS,SOFT LENS - CHEMICAL,7.99,8,2024-08-26
30503537809,388,Member,Female,1.89,2,MILK BY-PRODUCTS,RICOTTA CHEESE,3.78,4,2024-08-16
30503537809,388,Member,Female,0.5,2,ONIONS,ONIONS OTHER,1.0,1,2024-08-16
30503537809,388,Member,Female,0.8,2,DRY NOODLES/PASTA,NOODLES DRY,1.6,2,2024-08-16
30503537809,388,Member,Female,1.99,1,HERBS,HERBS BASIL,1.99,2,2024-08-16
30503537809,388,Member,Female,1.49,1,EGGS,EGGS - LARGE,1.49,1,2024-08-16
30503537809,388,Member,Female,1.5,2,BAKING NEEDS,BITS & MORSELS,3.0,3,2024-08-16
30503537809,388,Member,Female,2.69,3,PASTA SAUCE,PREMIUM,8.07,8,2024-08-16
30503537809,388,Member,Female,2.0,1,SALAD MIX,GARDEN PLUS,2.0,2,2024-08-16
30503537809,388,Member,Female,2.69,1,BAKED BREAD/BUNS/ROLLS,PREMIUM BREAD,2.69,3,2024-08-16
30503537809,388,Member,Female,0.24,1,HERBS,GARLIC WHOLE CLOVES,0.24,0,2024-08-16
30503537809,388,Member,Female,0.99,1,FLOUR & MEALS,FLOUR: WHITE & SELF RISING,0.99,1,2024-08-16
30503537809,388,Member,Female,2.49,1,SPRING/SUMMER SEASONAL,DISPOSABLE FOILWARE,2.49,2,2024-08-16
30503537809,388,Member,Female,1.99,1,SUGARS/SWEETNERS,SUGAR,1.99,2,2024-08-16
30503537809,388,Member,Female,3.0,2,SOFT DRINKS,SFT DRNK MLT-PK BTL CARB (EXCP,6.0,6,2024-08-16
30503537809,388,Member,Female,0.59,2,SUGARS/SWEETNERS,SUGAR,1.18,1,2024-08-16
30503537809,388,Member,Female,1.25,2,CHEESE,SHREDDED CHEESE,2.5,2,2024-08-16
30503873203,298,Member,Female,1.1,1,PEPPERS-ALL,PEPPERS JALAPENO,1.1,1,2024-08-16
30503873203,298,Member,Female,2.0,1,FLOUR & MEALS,FLOUR: WHITE & SELF RISING,2.0,2,2024-08-16
30503873203,298,Member,Female,1.49,1,FLOUR & MEALS,FLOUR: WHITE & SELF RISING,1.49,1,2024-08-16
30503873203,298,Member,Female,6.79,1,BEEF,CHOICE BEEF,6.79,7,2024-08-16
30503873203,298,Member,Female,5.49,1,BEEF,PRIMAL,5.49,5,2024-08-16
30503873203,298,Member,Female,1.99,1,ONIONS,ONIONS YELLOW (BULK&BAG),1.99,2,2024-08-16
30503873203,298,Member,Female,0.99,1,BLEACH,LIQUID BLEACH,0.99,1,2024-08-16
30503873203,298,Member,Female,7.0,1,TOMATOES,TOMATOES HOTHOUSE ON THE VINE,7.0,7,2024-08-16
30503873203,298,Member,Female,2.69,1,DRY BN/VEG/POTATO/RICE,DRY BEANS/PEAS/BARLEY: BAG & B,2.69,3,2024-08-16
30503873203,298,Member,Female,2.0,1,CANNED JUICES,CRANBERRY JUICE (50% AND UNDER,2.0,2,2024-08-16
30503873203,298,Member,Female,0.69,8,HISPANIC,HISPANIC JUICE UNDER 50% JUICE,5.52,6,2024-08-16
30503873203,298,Member,Female,1.49,2,WATER,NON-CARB WATER FLVR - DRNK/MNR,2.98,3,2024-08-16
30503873203,298,Member,Female,1.99,1,BAKED BREAD/BUNS/ROLLS,MEXICAN SOFT TORTILLAS AND WRA,1.99,2,2024-08-16
30503873203,298,Member,Female,1.49,1,CITRUS,LIMES,1.49,1,2024-08-16
30503873203,298,Member,Female,1.25,1,COOKIES/CONES,VANILLA WAFER/KIDS COOKIES,1.25,1,2024-08-16
30503873203,298,Member,Female,0.99,1,BAKED BREAD/BUNS/ROLLS,HOT DOG BUNS,0.99,1,2024-08-16
30503873203,298,Member,Female,0.6900000000000001,5,HISPANIC,HISPANIC JUICE UNDER 50% JUICE,3.45,3,2024-08-16
30503873203,298,Member,Female,3.69,1,PWDR/CRYSTL DRNK MX,BREAKFAST CRYSTALS,3.69,4,2024-08-16
30503873203,298,Member,Female,0.29,4,VEGETABLES - SHELF STABLE,TOMATO SAUCE,1.16,1,2024-08-16
30503873203,298,Member,Female,4.68,1,COLD CEREAL,ADULT CEREAL,4.68,5,2024-08-16
30503873203,298,Member,Female,1.39,1,STATIONERY & SCHOOL SUPPLIES,WRITING INSTRUMENTS,1.39,1,2024-08-16
30503873203,298,Member,Female,0.79,1,WATER - CARBONATED/FLVRD DRINK,NON-CRBNTD DRNKING/MNERAL WATE,0.79,1,2024-08-16
30503873203,298,Member,Female,0.99,3,CANNED JUICES,APPLE JUICE & CIDER (OVER 50%,2.97,3,2024-08-16
30503873203,298,Member,Female,7.99,1,SOFT DRINKS,SOFT DRINKS 20PK&24PK CAN CARB,7.99,8,2024-08-16
30503873203,298,Member,Female,0.69,2,HISPANIC,HISPANIC JUICE UNDER 50% JUICE,1.38,1,2024-08-16
30503873203,298,Member,Female,1.5,4,TROPICAL FRUIT,AVOCADO,6.0,6,2024-08-16
30503873203,298,Member,Female,1.49,1,WATER,NON-CARB WATER FLVR - DRNK/MNR,1.49,1,2024-08-16
30503873203,298,Member,Female,2.99,1,TOYS AND GAMES,PLAYBALLS,2.99,3,2024-08-16
30503873203,298,Member,Female,3.59,1,SHORTENING/OIL,CANOLA OILS,3.59,4,2024-08-16
30503873203,298,Member,Female,2.99,1,HOUSEHOLD CLEANG NEEDS,FLOOR - DILUTABLES,2.99,3,2024-08-16
30503873203,298,Member,Female,1.89,1,DISHWASH DETERGENTS,LIQUID DISH DETERGENT,1.89,2,2024-08-16
30503873203,298,Member,Female,0.94,1,TROPICAL FRUIT,BANANAS,0.94,1,2024-08-16
30503873203,298,Member,Female,1.0,1,CHRISTMAS  SEASONAL,SEASONAL,1.0,1,2024-08-16
30503873203,298,Member,Female,2.79,1,ORAL HYGIENE PRODUCTS,MOUTHWASH RINSES AND SPRAYS,2.79,3,2024-08-16
30503873203,298,Member,Female,2.32,2,FLUID MILK PRODUCTS,FLUID MILK WHITE ONLY,4.64,5,2024-08-16
30503873203,298,Member,Female,0.69,2,HISPANIC,HISPANIC JUICE UNDER 50% JUICE,1.38,1,2024-08-16
30503873203,298,Member,Female,2.67,1,ORAL HYGIENE PRODUCTS,TOOTHPASTE,2.67,3,2024-08-16
30503873203,298,Member,Female,2.99,1,COLD CEREAL,KIDS CEREAL,2.99,3,2024-08-16
30503873203,298,Member,Female,3.19,1,COLD CEREAL,ALL FAMILY CEREAL,3.19,3,2024-08-16
30503873203,298,Member,Female,0.79,3,CANNED JUICES,VEG JUICE (EXCEPT TOMATO) (OVE,2.37,2,2024-08-16
30503873203,298,Member,Female,0.6,1,CANDY - CHECKLANE,CANDY BARS (SINGLES)(INCLUDING,0.6,1,2024-08-16
30503873203,298,Member,Female,0.59,1,HISPANIC,HISPANIC JUICE UNDER 50% JUICE,0.59,1,2024-08-16
30503873203,298,Member,Female,0.49,1,HISPANIC,HISPANIC JUICE UNDER 50% JUICE,0.49,0,2024-08-16
30503873203,298,Member,Female,1.79,1,SOAP - LIQUID & BAR,BAR SOAP,1.79,2,2024-08-16
30503873203,298,Member,Female,2.49,2,EGGS,EGGS - LARGE,4.98,5,2024-08-16
30530647813,329,Member,Female,1.89,1,BAKED BREAD/BUNS/ROLLS,MAINSTREAM WHEAT/MULTIGRAIN BR,1.89,2,2024-08-18
30530647813,329,Member,Female,2.04,1,CHICKEN,CHICKEN DRUMS,2.04,2,2024-08-18
30530647813,329,Member,Female,4.79,1,BEERS/ALES,BEERALEMALT LIQUORS,4.79,5,2024-08-18
30530647813,329,Member,Female,1.07,1,EGGS,EGGS - X-LARGE,1.07,1,2024-08-18
30530647813,329,Member,Female,2.24,1,FLUID MILK PRODUCTS,CHOCOLATE MILK,2.24,2,2024-08-18
30530647813,329,Member,Female,1.2,1,BAKED BREAD/BUNS/ROLLS,MAINSTREAM WHITE BREAD,1.2,1,2024-08-18
30530647813,329,Member,Female,2.69,1,TOMATOES,TOMATOES VINE RIPE BULK,2.69,3,2024-08-18
30530647813,329,Member,Female,2.5,1,FROZEN MEAT,SEASONED POULTRY,2.5,2,2024-08-18
30530647813,329,Member,Female,3.0,1,LUNCHMEAT,POULTRY,3.0,3,2024-08-18
30530647813,329,Member,Female,3.73,1,SOFT DRINKS,SOFT DRINKS 20PK&24PK CAN CARB,3.73,4,2024-08-18
30530647813,329,Member,Female,1.25,1,HOT DOGS,ECONOMY - MEAT,1.25,1,2024-08-18
30531136452,396,Member,Male,1.84,1,FRZN MEAT/MEAT DINNERS,FRZN SS PREMIUM ENTREES/DNRS/N,1.84,2,2024-08-19
30531136452,396,Member,Male,1.49,1,FRZN MEAT/MEAT DINNERS,FRZN SS PREMIUM ENTREES/DNRS/N,1.49,1,2024-08-19
30531136452,396,Member,Male,2.0,1,ROLLS,ROLLS: DINNER,2.0,2,2024-08-19
30531136452,396,Member,Male,4.37,1,CHICKEN,CHICKEN BREAST BONELESS,4.37,4,2024-08-19
30531136452,396,Member,Male,1.05,1,CRACKERS/MISC BKD FD,SNACK CRACKERS,1.05,1,2024-08-19
30531136452,396,Member,Male,1.0,1,DRY BN/VEG/POTATO/RICE,POTATOES: DRY,1.0,1,2024-08-19
30531136452,396,Member,Male,3.99,1,FRZN MEAT/MEAT DINNERS,FRZN MULTI SERVE ENTREES ALL,3.99,4,2024-08-19
30531136452,396,Member,Male,1.0,1,FRZN VEGETABLE/VEG DSH,FRZN BAGGED VEGETABLES - PLAIN,1.0,1,2024-08-19
30531136452,396,Member,Male,2.99,1,HEAT/SERVE,ENTREES,2.99,3,2024-08-19
30531951077,443,Member,Male,1.25,1,SALAD MIX,REGULAR GARDEN,1.25,1,2024-08-20
30531951077,443,Member,Male,1.29,1,MUSHROOMS,MUSHROOMS W/WHOLE PKG,1.29,1,2024-08-20
30531951077,443,Member,Male,0.25,1,CAT FOOD,CANNED CAT FOOD (9 LIVES/FRISK,0.25,0,2024-08-20
30531951077,443,Member,Male,0.5,1,DOG FOODS,CAN DOG FOOD (SKIPPY/PEDIGREE/,0.5,0,2024-08-20
30531951077,443,Member,Male,0.69,1,WATER - CARBONATED/FLVRD DRINK,NON-CRBNTD DRNKING/MNERAL WATE,0.69,1,2024-08-20
30531951077,443,Member,Male,0.5,1,DOG FOODS,CAN DOG FOOD (SKIPPY/PEDIGREE/,0.5,0,2024-08-20
30531951077,443,Member,Male,2.5,1,SHORTENING/OIL,SOLID SHORTENING,2.5,2,2024-08-20
30531951077,443,Member,Male,0.25,1,CAT FOOD,CANNED CAT FOOD (9 LIVES/FRISK,0.25,0,2024-08-20
30531951077,443,Member,Male,0.63,2,SUGARS/SWEETNERS,SUGAR,1.26,1,2024-08-20
30531951077,443,Member,Male,0.67,1,PEPPERS-ALL,PEPPERS GREEN BELL,0.67,1,2024-08-20
30531951077,443,Member,Male,2.29,1,FRZN NOVELTIES/WTR ICE,WATER ICE,2.29,2,2024-08-20
30531951077,443,Member,Male,0.5,1,DOG FOODS,CAN DOG FOOD (SKIPPY/PEDIGREE/,0.5,0,2024-08-20
30531951077,443,Member,Male,0.49,1,ONIONS,ONIONS WHITE (BULK&BAG),0.49,0,2024-08-20
30531951077,443,Member,Male,0.5,1,DOG FOODS,CAN DOG FOOD (SKIPPY/PEDIGREE/,0.5,0,2024-08-20
30531951077,443,Member,Male,4.91,1,BEEF,NATURAL BEEF,4.91,5,2024-08-20
30531951077,443,Member,Male,0.51,1,TROPICAL FRUIT,BANANAS,0.51,1,2024-08-20
30579022900,31862,Member,Male,1.27,1,SPICES & EXTRACTS,SPICES & SEASONINGS,1.27,1,2024-08-22
30579022900,31862,Member,Male,6.99,1,SHORTENING/OIL,OLIVE OIL,6.99,7,2024-08-22
30579733205,330,Member,Female,1.0,2,FLUID MILK PRODUCTS,FLUID MILK WHITE ONLY,2.0,2,2024-08-24
30580406516,450,Member,Male,0.59,1,BAKING NEEDS,BAKING CUPS,0.59,1,2024-08-25
30580406516,450,Member,Male,0.69,1,EGGS,EGGS - LARGE,0.69,1,2024-08-25
30580406516,450,Member,Male,1.67,1,MILK BY-PRODUCTS,REFRIG DIPS,1.67,2,2024-08-25
30580406516,450,Member,Male,1.5,1,BAKING MIXES,FROSTING,1.5,2,2024-08-25
30580406516,450,Member,Male,3.49,1,BAG SNACKS,POTATO CHIPS,3.49,3,2024-08-25
30580406516,450,Member,Male,1.29,1,BAKING MIXES,LAYER CAKE MIX,1.29,1,2024-08-25
30580406516,450,Member,Male,2.5,1,HEAT/SERVE,ENTREES,2.5,2,2024-08-25
30580406516,450,Member,Male,3.19,1,DINNER SAUSAGE,SMOKED/COOKED - BETTER FOR YOU,3.19,3,2024-08-25
30580406516,450,Member,Male,1.29,1,BAKING NEEDS,CAKE DECORS & ICING,1.29,1,2024-08-25
30580406516,450,Member,Male,4.69,1,SOFT DRINKS,SOFT DRINKS 12/18&15PK CAN CAR,4.69,5,2024-08-25
30580636961,298,Member,Female,1.89,1,FRUIT - SHELF STABLE,APPLE SAUCE,1.89,2,2024-08-25
30580636961,298,Member,Female,0.65,1,EGGS,EGGS - MEDIUM,0.65,1,2024-08-25
30580636961,298,Member,Female,2.0,1,DINNER MXS:DRY,MACARONI & CHEESE DNRS,2.0,2,2024-08-25
30580681230,402,Member,Male,1.05,1,EGGS,EGGS - X-LARGE,1.05,1,2024-08-25
30580681230,402,Member,Male,2.49,2,FLUID MILK PRODUCTS,FLUID MILK WHITE ONLY,4.98,5,2024-08-25
30626967138,408,Member,Female,1.0,3,FROZEN PIE/DESSERTS,FRZN WHIPPED TOPPING,3.0,3,2024-08-27
30626967138,408,Member,Female,2.0,1,CHEESE,IWS SINGLE CHEESE,2.0,2,2024-08-27
30626967138,408,Member,Female,1.5,2,BAKING NEEDS,MARSHMALLOWS,3.0,3,2024-08-27
30626967138,408,Member,Female,2.49,1,VEGETABLES - SHELF STABLE,MISCELLANEOUS VEGETABLES,2.49,2,2024-08-27
30626967138,408,Member,Female,0.79,2,SOUP,CONDENSED SOUP,1.58,2,2024-08-27
30626967138,408,Member,Female,1.0,1,SOFT DRINKS,SFT DRNK SNGL SRV BTL CARB (EX,1.0,1,2024-08-27
30626967138,408,Member,Female,4.99,1,PIES,PIES: FRUIT/NUT,4.99,5,2024-08-27
30626967138,408,Member,Female,3.0,1,SOFT DRINKS,SFT DRNK MLT-PK BTL CARB (EXCP,3.0,3,2024-08-27
30626967138,408,Member,Female,1.59,3,VEGETABLES - SHELF STABLE,POTATOES SWEET,4.77,5,2024-08-27
30626967138,408,Member,Female,4.99,2,PIES,PIES: PUMPKIN/CUSTARD,9.98,10,2024-08-27
30626967138,408,Member,Female,0.45,4,VEGETABLES - SHELF STABLE,BEANS GREEN: FS/WHL/CUT,1.8,2,2024-08-27
30626967138,408,Member,Female,1.5,1,NEW AGE,ENERGY DRINK,1.5,2,2024-08-27
30628023769,334,Normal,Female,1.99,1,FRZN POTATOES,FRZN FRENCH FRIES,1.99,2,2024-08-29
30628023769,334,Normal,Female,2.58,1,ANTACIDS,ANTI-ACIDS,2.58,3,2024-08-29
30628023769,334,Normal,Female,6.99,1,ANTACIDS,ANTI-ACIDS,6.99,7,2024-08-29
30628023769,334,Normal,Female,4.99,1,FRZN MEAT/MEAT DINNERS,FRZN BREADED PREPARED CHICK,4.99,5,2024-08-29
30628415388,293,Member,Female,0.95,1,EGGS,EGGS - LARGE,0.95,1,2024-08-29
30628415388,293,Member,Female,0.6,2,VEGETABLES - SHELF STABLE,BEANS GREEN: FS/WHL/CUT,1.2,1,2024-08-29
30628415388,293,Member,Female,0.79,3,VEGETABLES - SHELF STABLE,POTATOES WHITE,2.37,2,2024-08-29
30628415388,293,Member,Female,0.79,1,VEGETABLES - SHELF STABLE,POTATOES WHITE,0.79,1,2024-08-29
30628415388,293,Member,Female,1.5,1,BROCCOLI/CAULIFLOWER,BROCCOLI WHOLE&CROWNS,1.5,2,2024-08-29
30628415388,293,Member,Female,0.99,1,VEGETABLES SALAD,HEAD LETTUCE,0.99,1,2024-08-29
30628415388,293,Member,Female,2.99,1,POTATOES,POTATOES OTHER,2.99,3,2024-08-29
30628415388,293,Member,Female,2.89,3,BAKED BREAD/BUNS/ROLLS,PREMIUM BREAD,8.67,9,2024-08-29
30628415388,293,Member,Female,2.0,1,SALD DRSNG/SNDWCH SPRD,SEMI-SOLID SALAD DRESSING MAY,2.0,2,2024-08-29
30628415388,293,Member,Female,5.19,1,ELECTRICAL SUPPPLIES,INSIDE FROST BULBS,5.19,5,2024-08-29
30628415388,293,Member,Female,0.99,1,VEGETABLES - ALL OTHERS,CELERY,0.99,1,2024-08-29
30628415388,293,Member,Female,3.39,1,MILK BY-PRODUCTS,SOUR CREAMS,3.39,3,2024-08-29
30628415388,293,Member,Female,1.56,1,ONIONS,ONIONS SWEET (BULK&BAG),1.56,2,2024-08-29
30628415388,293,Member,Female,2.33,1,CHICKEN,CHICKEN THIGHS,2.33,2,2024-08-29
30628415388,293,Member,Female,0.65,1,EGGS,EGGS - MEDIUM,0.65,1,2024-08-29
30628415388,293,Member,Female,1.0,1,FLUID MILK PRODUCTS,FLUID MILK WHITE ONLY,1.0,1,2024-08-29
30628415388,293,Member,Female,2.99,1,ELECTRICAL SUPPPLIES,INSIDE FROST BULBS,2.99,3,2024-08-29
30628415388,293,Member,Female,0.5,4,SOUP,BROTH,2.0,2,2024-08-29
30628415388,293,Member,Female,0.76,1,TROPICAL FRUIT,BANANAS,0.76,1,2024-08-29
30628415388,293,Member,Female,1.79,1,DINNER MXS:DRY,STUFFING MIXES,1.79,2,2024-08-29
30628415388,293,Member,Female,1.99,1,BROCCOLI/CAULIFLOWER,CAULIFLOWER WHOLE,1.99,2,2024-08-29
30628415388,293,Member,Female,2.0,2,CANNED JUICES,CRANAPPLE CRAN GRAPE JUICE (5,4.0,4,2024-08-29
30628415388,293,Member,Female,2.49,1,FROZEN BREAD/DOUGH,FRZN DINNER ROLLS,2.49,2,2024-08-29
30628415388,293,Member,Female,1.99,1,NO COMMODITY DESCRIPTION,NO SUBCOMMODITY DESCRIPTION,1.99,2,2024-08-29
30628415388,293,Member,Female,3.99,1,SALADS/DIPS,VEGETABLE SALADS - PREPACK,3.99,4,2024-08-29
30628415388,293,Member,Female,2.49,2,FACIAL TISS/DNR NAPKIN,FACIAL TISSUE & PAPER HANDKE,4.98,5,2024-08-29
30628415388,293,Member,Female,1.69,1,DRY BN/VEG/POTATO/RICE,POTATOES: DRY,1.69,2,2024-08-29
30662185149,334,Member,Male,1.49,1,CARROTS,CARROTS BAGGED,1.49,1,2024-08-30
30662185149,334,Member,Male,1.67,1,BAKED BREAD/BUNS/ROLLS,DINNER ROLLS,1.67,2,2024-08-30
30662188660,334,Normal,Female,5.48,1,FROZEN PIZZA,PIZZA/PREMIUM,5.48,5,2024-08-30
30662188660,334,Normal,Female,1.0,1,FLUID MILK PRODUCTS,FLUID MILK WHITE ONLY,1.0,1,2024-08-30
30662188660,334,Normal,Female,2.5,1,SNACK NUTS,DRY ROAST NUTS,2.5,2,2024-08-30
30662188660,334,Normal,Female,1.5,2,PAPER HOUSEWARES,FOAM PLATES,3.0,3,2024-08-30
30662188660,334,Normal,Female,2.5,1,BAKED BREAD/BUNS/ROLLS,ENGLISH MUFFINS/WAFFLES,2.5,2,2024-08-30
30662188660,334,Normal,Female,4.59,1,SOFT DRINKS,SOFT DRINKS 12/18&15PK CAN CAR,4.59,5,2024-08-30
30662188660,334,Normal,Female,1.0,2,CANDY - PACKAGED,CANDY BARS (MULTI PACK),2.0,2,2024-08-30
30686321739,362,Member,Female,5.19,1,SOAP - LIQUID & BAR,LIQUID SOAP,5.19,5,2024-09-01
30686321739,362,Member,Female,1.16,1,MILK BY-PRODUCTS,SOUR CREAMS,1.16,1,2024-09-01
30686321739,362,Member,Female,2.89,1,HISPANIC,MEXICAN SAUCESSALSAPICANTEE,2.89,3,2024-09-01
30686321739,362,Member,Female,0.95,1,EGGS,EGGS - LARGE,0.95,1,2024-09-01
30686321739,362,Member,Female,1.5,1,BAKING MIXES,PIE CRUST MIXES & SHELLS,1.5,2,2024-09-01
30686321739,362,Member,Female,2.0,1,POPCORN,POPCORN - MICROWAVE,2.0,2,2024-09-01
30686321739,362,Member,Female,1.0,2,BAKING MIXES,PIE CRUST MIXES & SHELLS,2.0,2,2024-09-01
30686321739,362,Member,Female,2.5,1,COLD CEREAL,ADULT CEREAL,2.5,2,2024-09-01
30686321739,362,Member,Female,0.6,1,SOUP,CONDENSED SOUP,0.6,1,2024-09-01
30686321739,362,Member,Female,2.5,1,CHEESE,IWS SINGLE CHEESE,2.5,2,2024-09-01
30686321739,362,Member,Female,2.5,1,SALAD MIX,BLENDS,2.5,2,2024-09-01
30686321739,362,Member,Female,4.69,1,HOUSEHOLD CLEANG NEEDS,GLASS CLEANERS,4.69,5,2024-09-01
30686321739,362,Member,Female,0.3,8,BAG SNACKS,SGL SV/VEND MACH SNACKS CHIP/P,2.4,2,2024-09-01
30686321739,362,Member,Female,2.12,1,SALD DRSNG/SNDWCH SPRD,POURABLE SALAD DRESSINGS,2.12,2,2024-09-01
30686321739,362,Member,Female,1.19,2,BAKING NEEDS,PIE FILLING MINCEMEAT GLAZES,2.38,2,2024-09-01
30686321739,362,Member,Female,0.6,2,VEGETABLES - SHELF STABLE,BEANS GREEN: FS/WHL/CUT,1.2,1,2024-09-01
30686321739,362,Member,Female,1.0,1,FROZEN PIE/DESSERTS,FRZN WHIPPED TOPPING,1.0,1,2024-09-01
30686321739,362,Member,Female,2.99,1,COLD CEREAL,ALL FAMILY CEREAL,2.99,3,2024-09-01
30686321739,362,Member,Female,1.98,1,REFRGRATD JUICES/DRNKS,DAIRY CASE 100% PURE JUICE - O,1.98,2,2024-09-01
30686321739,362,Member,Female,1.88,1,CANNED JUICES,CRANBERRY JUICE (50% AND UNDER,1.88,2,2024-09-01
30686321739,362,Member,Female,4.39,1,FACIAL TISS/DNR NAPKIN,FACIAL TISSUE & PAPER HANDKE,4.39,4,2024-09-01
30686321739,362,Member,Female,2.0,1,POPCORN,POPCORN - MICROWAVE,2.0,2,2024-09-01
30686321739,362,Member,Female,5.99,1,MEAT - MISC,WINGS (IQF),5.99,6,2024-09-01
30686321739,362,Member,Female,2.49,1,FLUID MILK PRODUCTS,FLUID MILK WHITE ONLY,2.49,2,2024-09-01
30686321739,362,Member,Female,3.09,1,CONVENIENT BRKFST/WHLSM SNACKS,GRANOLA BARS,3.09,3,2024-09-01
30686321739,362,Member,Female,3.49,1,BATH TISSUES,TOILET TISSUE,3.49,3,2024-09-01
30686321739,362,Member,Female,0.88,7,CHEESE,CREAM CHEESE,6.16,6,2024-09-01
30686321739,362,Member,Female,9.99,1,DOG FOODS,DRY DOG FOOD SUPER PREM (ONE/N,9.99,10,2024-09-01
30686321739,362,Member,Female,3.19,1,BAG SNACKS,TORTILLA/NACHO CHIPS,3.19,3,2024-09-01
30686321739,362,Member,Female,1.34,1,HAIR CARE PRODUCTS,WOMENS  HAIR SPRAYS,1.34,1,2024-09-01
30686321739,362,Member,Female,1.49,1,BAKED BREAD/BUNS/ROLLS,MAINSTREAM WHEAT/MULTIGRAIN BR,1.49,1,2024-09-01
30686321739,362,Member,Female,0.3,2,BAG SNACKS,SGL SV/VEND MACH SNACKS CHIP/P,0.6,1,2024-09-01
30686321739,362,Member,Female,0.3,2,BAG SNACKS,SGL SV/VEND MACH SNACKS CHIP/P,0.6,1,2024-09-01
30686321739,362,Member,Female,1.67,1,BAG SNACKS,POTATO CHIPS,1.67,2,2024-09-01
30686321739,362,Member,Female,0.3,2,BAG SNACKS,SGL SV/VEND MACH SNACKS CHIP/P,0.6,1,2024-09-01
30686321739,362,Member,Female,0.69,2,POTATOES,POTATOES RUSSET (BULK&BAG),1.38,1,2024-09-01
30686321739,362,Member,Female,4.99,1,COLD AND FLU,COLD AND FLU - DXM,4.99,5,2024-09-01
30686321739,362,Member,Female,5.99,1,HAND/BODY/FACIAL PRODUCTS,FACIAL SOAPS-SCRUBS-MASKS,5.99,6,2024-09-01
30700373092,31742,Member,Male,2.89,1,SPICES & EXTRACTS,SPICES & SEASONINGS,2.89,3,2024-09-02
30700373092,31742,Member,Male,0.88,2,SOFT DRINKS,SFT DRNK 2 LITER BTL CARB INCL,1.76,2,2024-09-02
30700373092,31742,Member,Male,1.79,1,SPICES & EXTRACTS,SPICES & SEASONINGS,1.79,2,2024-09-02
30700373092,31742,Member,Male,1.49,1,REFRGRATD DOUGH PRODUCTS,REFRIGERATED SPECILATY ROLLS,1.49,1,2024-09-02
30700373092,31742,Member,Male,0.59,2,VEGETABLES SALAD,VARIETY LETTUCE,1.18,1,2024-09-02
30700373092,31742,Member,Male,4.12,1,COLD AND FLU,COLD AND FLU - PSE,4.12,4,2024-09-02
30700373092,31742,Member,Male,1.29,1,REFRGRATD DOUGH PRODUCTS,REFRIGERATED BISCUITS REGULAR,1.29,1,2024-09-02
30700373092,31742,Member,Male,1.27,1,PEARS,PEARS BOSC,1.27,1,2024-09-02
30700373092,31742,Member,Male,1.0,1,FROZEN PIE/DESSERTS,FRZN WHIPPED TOPPING,1.0,1,2024-09-02
30700373092,31742,Member,Male,1.47,1,BAKING NEEDS,SPICES & SEASONINGS,1.47,1,2024-09-02
30700373092,31742,Member,Male,4.99,1,COLD AND FLU,COLD AND FLU - DXM,4.99,5,2024-09-02
30700373092,31742,Member,Male,10.99,1,FLORAL-FLOWERING PLANTS,PREMIUM POINSETTIA,10.99,11,2024-09-02
30700879758,310,Normal,Female,0.5,2,ONIONS,ONIONS OTHER,1.0,1,2024-09-02
30700879758,310,Normal,Female,0.95,1,EGGS,EGGS - LARGE,0.95,1,2024-09-02
30700879758,310,Normal,Female,2.49,1,BAG SNACKS,MISC BAG SNACKS,2.49,2,2024-09-02
30700879758,310,Normal,Female,7.99,1,SOFT DRINKS,SOFT DRINKS 20PK&24PK CAN CARB,7.99,8,2024-09-02
30700879758,310,Normal,Female,2.0,1,SPICES & EXTRACTS,SPICES & SEASONINGS,2.0,2,2024-09-02
30700879758,310,Normal,Female,0.99,3,BAKED BREAD/BUNS/ROLLS,MAINSTREAM WHITE BREAD,2.97,3,2024-09-02
30700879758,310,Normal,Female,0.88,2,SOFT DRINKS,SFT DRNK 2 LITER BTL CARB INCL,1.76,2,2024-09-02
30700879758,310,Normal,Female,2.0,1,LUNCHMEAT,MISCELLANEOUS,2.0,2,2024-09-02
30700879758,310,Normal,Female,0.59,1,VEGETABLES - ALL OTHERS,CELERY,0.59,1,2024-09-02
30700879758,310,Normal,Female,1.06,1,ONIONS,ONIONS SWEET (BULK&BAG),1.06,1,2024-09-02
30700879758,310,Normal,Female,2.49,1,FROZEN PIE/DESSERTS,FRZN WHIPPED TOPPING,2.49,2,2024-09-02
30700879758,310,Normal,Female,1.2,1,MILK BY-PRODUCTS,REFRIG DIPS,1.2,1,2024-09-02
30700879758,310,Normal,Female,1.87,1,FD WRAPS/BAGS/TRSH BG,ALUMINUM FOIL,1.87,2,2024-09-02
30700879758,310,Normal,Female,2.52,1,FLUID MILK PRODUCTS,FLUID MILK WHITE ONLY,2.52,3,2024-09-02
30700879758,310,Normal,Female,0.88,1,SOFT DRINKS,SFT DRNK 2 LITER BTL CARB INCL,0.88,1,2024-09-02
30700879758,310,Normal,Female,3.99,1,ICE CREAM/MILK/SHERBTS,PAILS,3.99,4,2024-09-02
30700879758,310,Normal,Female,2.49,1,FRZN VEGETABLE/VEG DSH,FRZN BAGGED VEGETABLES - PLAIN,2.49,2,2024-09-02
30700879758,310,Normal,Female,0.88,2,CHEESE,CREAM CHEESE,1.76,2,2024-09-02
30700879758,310,Normal,Female,0.88,2,SOFT DRINKS,SOFT DRINK BOTTLE NON-CARB (EX,1.76,2,2024-09-02
30700879758,310,Normal,Female,1.5,1,BAKED BREAD/BUNS/ROLLS,MAINSTREAM WHEAT/MULTIGRAIN BR,1.5,2,2024-09-02
30700879758,310,Normal,Female,1.5,2,PAPER HOUSEWARES,PLASTIC/HEAVY PAPER PREM PLATE,3.0,3,2024-09-02
30700879758,310,Normal,Female,1.0,2,VEGETABLES - SHELF STABLE,POTATOES SWEET,2.0,2,2024-09-02
30700879758,310,Normal,Female,1.89,1,BAKED SWEET GOODS,SWEET GOODS - FULL SIZE,1.89,2,2024-09-02
30700879758,310,Normal,Female,1.99,1,BERRIES,CRANBERRIES,1.99,2,2024-09-02
30700879758,310,Normal,Female,2.99,1,BAG SNACKS,POTATO CHIPS,2.99,3,2024-09-02
30700885462,313,Member,Female,2.49,1,MARGARINES,MARGARINE: TUBS AND BOWLS,2.49,2,2024-09-02
30700885462,313,Member,Female,1.19,1,COCOA MIXES,MALTED MLK/SYRUP/PWDRS (EGGNOG,1.19,1,2024-09-02
30700885462,313,Member,Female,2.19,2,BAG SNACKS,CORN CHIPS,4.38,4,2024-09-02
30700885462,313,Member,Female,0.59,1,SOFT DRINKS,SFT DRNK 2 LITER BTL CARB INCL,0.59,1,2024-09-02
30700885462,313,Member,Female,1.39,1,COOKIES/CONES,VANILLA WAFER/KIDS COOKIES,1.39,1,2024-09-02
30700885462,313,Member,Female,1.42,1,EGGS,EGGS - LARGE,1.42,1,2024-09-02
30700885462,313,Member,Female,1.89,1,BAKING NEEDS,BREADINGS  COATINGS CRUMBS,1.89,2,2024-09-02
30700885462,313,Member,Female,2.99,1,SUGARS/SWEETNERS,SWEETENERS,2.99,3,2024-09-02
30700885462,313,Member,Female,0.59,1,SOFT DRINKS,SFT DRNK 2 LITER BTL CARB INCL,0.59,1,2024-09-02
30700885462,313,Member,Female,2.29,1,COLD CEREAL,ALL FAMILY CEREAL,2.29,2,2024-09-02
30700885462,313,Member,Female,1.5,1,BAKED BREAD/BUNS/ROLLS,HAMBURGER BUNS,1.5,2,2024-09-02
30700885462,313,Member,Female,0.99,2,MILK BY-PRODUCTS,REFRIG DIPS,1.98,2,2024-09-02
30700885462,313,Member,Female,1.29,2,SOUP,BOUILLON,2.58,3,2024-09-02
30700885462,313,Member,Female,3.19,1,COLD CEREAL,ALL FAMILY CEREAL,3.19,3,2024-09-02
30700885462,313,Member,Female,2.69,1,GREETING CARDS/WRAP/PARTY SPLY,CARDS SEASONAL,2.69,3,2024-09-02
30700885462,313,Member,Female,4.99,2,FROZEN MEAT,BEEF - FULLY COOKED,9.98,10,2024-09-02
30731201906,323,Member,Female,0.0019089400047427,12651,COUPON/MISC ITEMS,GASOLINE-REG UNLEADED,24.15,24,2024-09-04
30743076069,297,Member,Male,1.49,1,LAXATIVES,LAXATIVES,1.49,1,2024-09-05
30757406587,443,Member,Female,0.58,1,WATER - CARBONATED/FLVRD DRINK,CARBONATED WATER - FLVRD SWEET,0.58,1,2024-09-06
30768813497,321,Normal,Female,1.49,1,DELI MEATS,MEAT:HAM BULK,1.49,1,2024-09-07
30768813497,321,Normal,Female,0.36,1,CHEESES,CHEESE: NATURAL BULK,0.36,0,2024-09-07
30768813497,321,Normal,Female,0.25,1,SANDWICHES,SANDWICHES - (COLD),0.25,0,2024-09-07
30768813497,321,Normal,Female,0.99,1,CAKES,PIES: TARTS/MINIS/CRSTDAS,0.99,1,2024-09-07
30792815799,362,Normal,Male,2.0,1,CONVENIENT BRKFST/WHLSM SNACKS,GRANOLA BARS,2.0,2,2024-09-09
30792815799,362,Normal,Male,2.99,1,PWDR/CRYSTL DRNK MX,SOFT DRINK CANISTERS,2.99,3,2024-09-09
30792815799,362,Normal,Male,1.72,2,FRZN NOVELTIES/WTR ICE,WATER ICE,3.44,3,2024-09-09
30792815799,362,Normal,Male,2.0,1,CONVENIENT BRKFST/WHLSM SNACKS,GRANOLA BARS,2.0,2,2024-09-09
30792815799,362,Normal,Male,1.67,1,CHEESE,SHREDDED CHEESE,1.67,2,2024-09-09
30792815799,362,Normal,Male,1.85,1,PASTA SAUCE,MAINSTREAM,1.85,2,2024-09-09
30792815799,362,Normal,Male,1.0,2,DRY MIX DESSERTS,GELATIN,2.0,2,2024-09-09
30792815799,362,Normal,Male,2.0,1,CHEESE,IWS SINGLE CHEESE,2.0,2,2024-09-09
30792815799,362,Normal,Male,2.29,1,CHEESE,SHREDDED CHEESE,2.29,2,2024-09-09
30792815799,362,Normal,Male,2.29,3,MILK BY-PRODUCTS,COTTAGE CHEESE,6.87,7,2024-09-09
30792815799,362,Normal,Male,1.29,1,DRY NOODLES/PASTA,NOODLES DRY,1.29,1,2024-09-09
30792815799,362,Normal,Male,2.0,2,HOT CEREAL,INSTANT OATMEAL,4.0,4,2024-09-09
30792815799,362,Normal,Male,1.0,1,DRY MIX DESSERTS,GELATIN,1.0,1,2024-09-09
30792815799,362,Normal,Male,1.67,1,CONVENIENT BRKFST/WHLSM SNACKS,TOASTER PASTRIES,1.67,2,2024-09-09
30792815799,362,Normal,Male,1.0,2,DRY MIX DESSERTS,GELATIN,2.0,2,2024-09-09
30792815799,362,Normal,Male,1.0,2,DRY MIX DESSERTS,GELATIN,2.0,2,2024-09-09
30792815799,362,Normal,Male,1.0,2,FLUID MILK PRODUCTS,FLUID MILK WHITE ONLY,2.0,2,2024-09-09
30792815799,362,Normal,Male,1.665,2,CHEESE,SHREDDED CHEESE,3.33,3,2024-09-09
30792815799,362,Normal,Male,3.945,2,BEEF,PRIMAL,7.89,8,2024-09-09
30792815799,362,Normal,Male,0.89,2,DRY MIX DESSERTS,PUDDINGS DRY,1.78,2,2024-09-09
30792815799,362,Normal,Male,2.79,1,SUGARS/SWEETNERS,SWEETENERS,2.79,3,2024-09-09
30792815799,362,Normal,Male,1.0,2,FLUID MILK PRODUCTS,FLUID MILK WHITE ONLY,2.0,2,2024-09-09
30792815799,362,Normal,Male,0.75,6,SOUP,CONDENSED SOUP,4.5,4,2024-09-09
30792815799,362,Normal,Male,1.37,1,TROPICAL FRUIT,BANANAS,1.37,1,2024-09-09
30792815799,362,Normal,Male,2.0,2,LUNCHMEAT,BOLOGNA,4.0,4,2024-09-09
30792815799,362,Normal,Male,0.89,3,DRY MIX DESSERTS,PUDDINGS DRY,2.67,3,2024-09-09
30792815799,362,Normal,Male,1.39,4,SOUP,CONDENSED SOUP,5.56,6,2024-09-09
30792815799,362,Normal,Male,1.76,1,FROZEN BREAD/DOUGH,FRZN GARLIC BREAD/TOAST/STICKS,1.76,2,2024-09-09
30792815799,362,Normal,Male,1.0,3,DRY MIX DESSERTS,GELATIN,3.0,3,2024-09-09
30792815799,362,Normal,Male,1.05,2,FRZN BREAKFAST FOODS,WAFFLES/PANCAKES/FRENCH TOAST,2.1,2,2024-09-09
30792815799,362,Normal,Male,1.66,1,CONVENIENT BRKFST/WHLSM SNACKS,TOASTER PASTRIES,1.66,2,2024-09-09
30792815799,362,Normal,Male,4.39,1,PWDR/CRYSTL DRNK MX,SOFT DRINK CANISTERS,4.39,4,2024-09-09
30792815799,362,Normal,Male,1.6900000000000002,3,SOUP,BOUILLON,5.07,5,2024-09-09
30792815799,362,Normal,Male,0.3899999999999999,3,YOGURT,YOGURT NOT MULTI-PACKS,1.17,1,2024-09-09
30792815799,362,Normal,Male,0.3899999999999999,3,YOGURT,YOGURT NOT MULTI-PACKS,1.17,1,2024-09-09
30792815799,362,Normal,Male,0.3899999999999999,3,YOGURT,YOGURT NOT MULTI-PACKS,1.17,1,2024-09-09
30792815799,362,Normal,Male,0.3899999999999999,3,YOGURT,YOGURT NOT MULTI-PACKS,1.17,1,2024-09-09
30792815799,362,Normal,Male,1.86,1,APPLES,APPLES OTHER (BULK&BAG),1.86,2,2024-09-09
30792815799,362,Normal,Male,1.67,1,CONVENIENT BRKFST/WHLSM SNACKS,TOASTER PASTRIES,1.67,2,2024-09-09
30792815799,362,Normal,Male,1.5,2,BAKED BREAD/BUNS/ROLLS,MAINSTREAM WHITE BREAD,3.0,3,2024-09-09
30792815799,362,Normal,Male,3.75,2,BEEF,PRIMAL,7.5,8,2024-09-09
30818845731,300,Member,Male,3.49,1,BERRIES,STRAWBERRIES,3.49,3,2024-09-10
30818845731,300,Member,Male,0.45,1,BEANS - CANNED GLASS & MW,VARIETY BEANS - KIDNEY PINTO,0.45,0,2024-09-10
30818845731,300,Member,Male,0.67,1,CANDY - CHECKLANE,CHEWING GUM,0.67,1,2024-09-10
30818845731,300,Member,Male,2.0,1,FRZN NOVELTIES/WTR ICE,WATER ICE,2.0,2,2024-09-10
30818845731,300,Member,Male,1.17,1,VALUE ADDED FRUIT,MELON HALVES/QUARTERS,1.17,1,2024-09-10
30818845731,300,Member,Male,0.45,2,BEANS - CANNED GLASS & MW,VARIETY BEANS - KIDNEY PINTO,0.9,1,2024-09-10
30822208019,429,Member,Male,4.99,1,COLD AND FLU,SINUS AND ALLERGY,4.99,5,2024-09-11
30822208019,429,Member,Male,3.79,1,CIGARETTES,CIGARETTES,3.79,4,2024-09-11
30822208019,429,Member,Male,2.24,1,FLUID MILK PRODUCTS,FLUID MILK WHITE ONLY,2.24,2,2024-09-11
30822647425,367,Normal,Female,3.79,1,BREAKFAST SAUSAGE/SANDWICHES,LINKS - RAW,3.79,4,2024-09-12
30822647425,367,Normal,Female,1.29,1,REFRGRATD DOUGH PRODUCTS,REFRIGERATED BISCUITS REGULAR,1.29,1,2024-09-12
30822647425,367,Normal,Female,0.67,2,FRZN MEAT/MEAT DINNERS,FRZN SS PREMIUM ENTREES/DNRS/T,1.34,1,2024-09-12
30822647425,367,Normal,Female,1.98,1,REFRGRATD JUICES/DRNKS,DAIRY CASE 100% PURE JUICE - O,1.98,2,2024-09-12
30822647425,367,Normal,Female,2.49,1,ISOTONIC DRINKS,ISOTONIC DRINKS MULTI-SERVE,2.49,2,2024-09-12
30822738852,372,Member,Male,0.34,1,CAT FOOD,CANNED CAT FOOD (9 LIVES/FRISK,0.34,0,2024-09-12
30822738852,372,Member,Male,1.0,1,REFRGRATD JUICES/DRNKS,DAIRY CASE JUICE DRNK UNDER 10,1.0,1,2024-09-12
30822738852,372,Member,Male,2.69,1,DEODORANTS,SOLID/STK DEODORANTS,2.69,3,2024-09-12
30822738852,372,Member,Male,1.67,1,CHEESE,NATURAL CHEESE EXACT WT SLICES,1.67,2,2024-09-12
30822738852,372,Member,Male,0.34,1,CAT FOOD,CANNED CAT FOOD (9 LIVES/FRISK,0.34,0,2024-09-12
30822738852,372,Member,Male,1.66,1,CHEESE,NATURAL CHEESE EXACT WT SLICES,1.66,2,2024-09-12
30822738852,372,Member,Male,0.33,1,CAT FOOD,CANNED CAT FOOD (9 LIVES/FRISK,0.33,0,2024-09-12
30822738852,372,Member,Male,0.88,1,EGGS,EGGS - X-LARGE,0.88,1,2024-09-12
30822738852,372,Member,Male,1.67,1,CHEESE,NATURAL CHEESE EXACT WT SLICES,1.67,2,2024-09-12
30822738852,372,Member,Male,5.78,1,BEEF,PRIMAL,5.78,6,2024-09-12
30822738852,372,Member,Male,1.0,1,REFRGRATD JUICES/DRNKS,DAIRY CASE 100% PURE JUICE - O,1.0,1,2024-09-12
30822738852,372,Member,Male,7.99,1,DOMESTIC WINE,POPULAR 750ML WINES,7.99,8,2024-09-12
30822738852,372,Member,Male,0.33,1,CAT FOOD,CANNED CAT FOOD (9 LIVES/FRISK,0.33,0,2024-09-12
30822738852,372,Member,Male,3.49,1,HAIR CARE PRODUCTS,SHAMPOO,3.49,3,2024-09-12
30822738852,372,Member,Male,6.49,1,FROZEN MEAT,FRZN BURGERS/BBQ/MEATBALL,6.49,6,2024-09-12
30822738852,372,Member,Male,0.33,1,CAT FOOD,CANNED CAT FOOD (9 LIVES/FRISK,0.33,0,2024-09-12
30822738852,372,Member,Male,2.59,1,LUNCHMEAT,LUNCH COMBO,2.59,3,2024-09-12
30822738852,372,Member,Male,1.99,1,FRZN POTATOES,FRZN FRENCH FRIES,1.99,2,2024-09-12
30822738852,372,Member,Male,8.99,1,DOMESTIC WINE,POPULAR 750ML WINES,8.99,9,2024-09-12
30822738852,372,Member,Male,2.5,1,BACON,BETTER FOR YOU,2.5,2,2024-09-12
30822738852,372,Member,Male,6.99,1,CAT LITTER,SCOOP LITTER,6.99,7,2024-09-12
30822738852,372,Member,Male,0.33,1,CAT FOOD,CANNED CAT FOOD (9 LIVES/FRISK,0.33,0,2024-09-12
30822738852,372,Member,Male,2.69,1,BAKED BREAD/BUNS/ROLLS,RYE BREADS,2.69,3,2024-09-12
30822738852,372,Member,Male,2.69,1,DEODORANTS,SOLID/STK DEODORANTS,2.69,3,2024-09-12
30822738852,372,Member,Male,1.25,1,CAT FOOD,CANNED CAT FOOD RATION (ECONOM,1.25,1,2024-09-12
30822738852,372,Member,Male,2.99,1,HAIR CARE PRODUCTS,SHAMPOO,2.99,3,2024-09-12
30822738852,372,Member,Male,4.1,2,PORK,ENHANCED,8.2,8,2024-09-12
30823022809,363,Normal,Female,0.5,2,ONIONS,ONIONS OTHER,1.0,1,2024-09-12
30823022809,363,Normal,Female,1.62,1,EGGS,EGGS - MEDIUM,1.62,2,2024-09-12
30823022809,363,Normal,Female,1.77,1,REFRGRATD JUICES/DRNKS,DAIRY CASE 100% PURE JUICE - O,1.77,2,2024-09-12
30823022809,363,Normal,Female,3.79,1,MISCELLANEOUS,PICKLE ITEMS,3.79,4,2024-09-12
30823022809,363,Normal,Female,2.99,1,MISCELLANEOUS,PICKLE ITEMS,2.99,3,2024-09-12
30823022809,363,Normal,Female,1.88,1,CRACKERS/MISC BKD FD,BUTTER SPRAY CRACKER (RITZ/CLU,1.88,2,2024-09-12
30823022809,363,Normal,Female,1.5,1,BROCCOLI/CAULIFLOWER,CAULIFLOWER WHOLE,1.5,2,2024-09-12
30845627520,375,Normal,Male,1.99,1,MILK BY-PRODUCTS,RICOTTA CHEESE,1.99,2,2024-09-13
30845627520,375,Normal,Male,1.5,1,PNT BTR/JELLY/JAMS,PRESERVES JAM MARMALADE,1.5,2,2024-09-13
30845627520,375,Normal,Male,6.19,1,DISHWASH DETERGENTS,AUTOMATIC DISHWASHER DETERGENT,6.19,6,2024-09-13
30845627520,375,Normal,Male,0.88,1,EGGS,EGGS - X-LARGE,0.88,1,2024-09-13
30845627520,375,Normal,Male,1.59,1,FLUID MILK PRODUCTS,MISCELLANEOUS MILK,1.59,2,2024-09-13
30845627520,375,Normal,Male,2.49,1,VEGETABLES - ALL OTHERS,BEANS,2.49,2,2024-09-13
30845627520,375,Normal,Male,4.12,1,TOMATOES,TOMATOES VINE RIPE BULK,4.12,4,2024-09-13
30845627520,375,Normal,Male,0.19,1,TROPICAL FRUIT,BANANAS,0.19,0,2024-09-13
30845627520,375,Normal,Male,0.79,1,BAKING NEEDS,COCONUT,0.79,1,2024-09-13
30845627520,375,Normal,Male,4.19,1,DISHWASH DETERGENTS,RINSE AIDS AND ACCESSORIES,4.19,4,2024-09-13
30845627520,375,Normal,Male,2.5,1,SHORTENING/OIL,SOLID SHORTENING,2.5,2,2024-09-13
30845627520,375,Normal,Male,0.39,1,YOGURT,YOGURT NOT MULTI-PACKS,0.39,0,2024-09-13
30845627520,375,Normal,Male,0.39,1,YOGURT,YOGURT NOT MULTI-PACKS,0.39,0,2024-09-13
30845627520,375,Normal,Male,0.39,1,YOGURT,YOGURT NOT MULTI-PACKS,0.39,0,2024-09-13
30845627520,375,Normal,Male,0.39,1,YOGURT,YOGURT NOT MULTI-PACKS,0.39,0,2024-09-13
30845627520,375,Normal,Male,0.39,1,YOGURT,YOGURT NOT MULTI-PACKS,0.39,0,2024-09-13
30845627520,375,Normal,Male,2.49,1,FLUID MILK PRODUCTS,REFRIGERATED COFFEE CREAMERS,2.49,2,2024-09-13
30857461034,324,Member,Female,2.99,1,CHEESE,GRATED CHEESE,2.99,3,2024-09-14
30857461034,324,Member,Female,2.0,1,CHEESE,SHREDDED CHEESE,2.0,2,2024-09-14
30857461034,324,Member,Female,3.29,1,HOT DOGS,PREMIUM - MEAT,3.29,3,2024-09-14
30857461034,324,Member,Female,3.66,1,CIGARETTES,CIGARETTES,3.66,4,2024-09-14
30857461034,324,Member,Female,0.99,1,BAKED BREAD/BUNS/ROLLS,HOT DOG BUNS,0.99,1,2024-09-14
30857461034,324,Member,Female,1.0,1,BROOMS AND MOPS,BRUSHES,1.0,1,2024-09-14
30857461034,324,Member,Female,1.49,1,FRZN ICE,ICE - CRUSHED/CUBED,1.49,1,2024-09-14
30857461034,324,Member,Female,1.99,1,FLUID MILK PRODUCTS,FLUID MILK WHITE ONLY,1.99,2,2024-09-14
30857461034,324,Member,Female,1.0,1,CANDY - PACKAGED,CANDY BARS (MULTI PACK),1.0,1,2024-09-14
30857461034,324,Member,Female,2.99,1,AIR CARE,AIR CARE - AEROSOLS,2.99,3,2024-09-14
30883777170,369,Member,Female,2.5,1,REFRIGERATED,SOY/RICE MILK,2.5,2,2024-09-16
30883777170,369,Member,Female,2.5,1,REFRIGERATED,SOY/RICE MILK,2.5,2,2024-09-16
30907047907,321,Normal,Female,1.79,1,HISPANIC,MEXICAN DINNERS AND FOODS,1.79,2,2024-09-17
30907047907,321,Normal,Female,3.39,1,FLUID MILK PRODUCTS,REFRIGERATED COFFEE CREAMERS,3.39,3,2024-09-17
30907047907,321,Normal,Female,1.67,1,CHEESE,SHREDDED CHEESE,1.67,2,2024-09-17
30907047907,321,Normal,Female,1.79,1,COLD CEREAL,KIDS CEREAL,1.79,2,2024-09-17
30907047907,321,Normal,Female,0.5,1,HISPANIC,MEXICAN BEANS REFRIED,0.5,0,2024-09-17
30907047907,321,Normal,Female,2.32,1,FLUID MILK PRODUCTS,FLUID MILK WHITE ONLY,2.32,2,2024-09-17
30907047907,321,Normal,Female,1.89,1,MISC. DAIRY,REFRIGERATED MEXICAN PRODUCTS,1.89,2,2024-09-17
30907047907,321,Normal,Female,4.49,1,YOGURT,YOGURT NOT MULTI-PACKS,4.49,4,2024-09-17
30907279465,367,Member,Female,3.99,1,COLD AND FLU,COLD AND FLU - PSE,3.99,4,2024-09-18
30907356364,337,Member,Female,2.0,1,HISPANIC,MEXICAN SAUCESSALSAPICANTEE,2.0,2,2024-09-18
30907356364,337,Member,Female,1.6666666666666667,3,LUNCHMEAT,LUNCH COMBO,5.0,5,2024-09-18
30907356364,337,Member,Female,1.79,1,DINNER MXS:DRY,STUFFING MIXES,1.79,2,2024-09-18
30907356364,337,Member,Female,1.5,1,HISPANIC,MEXICAN SAUCESSALSAPICANTEE,1.5,2,2024-09-18
30907356364,337,Member,Female,1.55,1,FRUIT - SHELF STABLE,APPLE SAUCE,1.55,2,2024-09-18
30907356364,337,Member,Female,0.5,1,BREAKFAST SWEETS,SW GDS:DONUTS,0.5,0,2024-09-18
30907356364,337,Member,Female,1.29,1,SUGARS/SWEETNERS,SUGAR,1.29,1,2024-09-18
30907356364,337,Member,Female,1.0,1,REFRGRATD DOUGH PRODUCTS,REFRIGERATED BISCUITS REGULAR,1.0,1,2024-09-18
30907356364,337,Member,Female,1.0,2,FRUIT - SHELF STABLE,CRANBERRY SAUCE,2.0,2,2024-09-18
30907356364,337,Member,Female,0.99,3,BAKED BREAD/BUNS/ROLLS,MAINSTREAM WHITE BREAD,2.97,3,2024-09-18
30907356364,337,Member,Female,3.99,1,CHEESE,SHREDDED CHEESE,3.99,4,2024-09-18
30907356364,337,Member,Female,2.5,2,MILK BY-PRODUCTS,SOUR CREAMS,5.0,5,2024-09-18
30907356364,337,Member,Female,0.3333333333333333,6,BAKING MIXES,MUFFIN & CORN BREAD MIX,2.0,2,2024-09-18
30907356364,337,Member,Female,3.49,1,FROZEN PIZZA,SNACKS/APPETIZERS,3.49,3,2024-09-18
30907356364,337,Member,Female,1.69,1,HISPANIC,MEXICAN TACO TOSTADO SHELLS,1.69,2,2024-09-18
30907356364,337,Member,Female,0.59,1,SOFT DRINKS,SOFT DRINK BOTTLE NON-CARB (EX,0.59,1,2024-09-18
30907356364,337,Member,Female,3.49,1,FROZEN PIZZA,SNACKS/APPETIZERS,3.49,3,2024-09-18
30907356364,337,Member,Female,1.5,2,FROZEN PIE/DESSERTS,FRZN PIE SHELLS PASTRY SHELL,3.0,3,2024-09-18
30907356364,337,Member,Female,0.69,2,HISPANIC,MEXICAN SEASONING MIXES,1.38,1,2024-09-18
30907356364,337,Member,Female,1.49,3,SOUP,CONDENSED SOUP,4.47,4,2024-09-18
30907356364,337,Member,Female,0.59,1,SOFT DRINKS,SFT DRNK 2 LITER BTL CARB INCL,0.59,1,2024-09-18
30907356364,337,Member,Female,2.0,2,BREAKFAST SAUSAGE/SANDWICHES,LINKS - RAW,4.0,4,2024-09-18
30907356364,337,Member,Female,0.5,4,DRY SAUCES/GRAVY,GRAVY CAN/GLASS,2.0,2,2024-09-18
30907356364,337,Member,Female,7.99,4,MISCELLANEOUS,FROZEN PACKAGE MEAT,31.96,32,2024-09-18
30907356364,337,Member,Female,16.99,1,INFANT FORMULA,INFANT FORMULA SOY BASE,16.99,17,2024-09-18
30907356364,337,Member,Female,3.66,1,TURKEY,TURKEY PARTS SMOKED,3.66,4,2024-09-18
30907356364,337,Member,Female,0.89,6,CANNED MILK,CANNED MILK,5.34,5,2024-09-18
30907356364,337,Member,Female,3.49,2,BREAKFAST SAUSAGE/SANDWICHES,ROLLS - FLAVORED/OTHER,6.98,7,2024-09-18
30907356364,337,Member,Female,2.99,1,SWEET GOODS & SNACKS,SW GDS: SWT/FLVRD LOAVES,2.99,3,2024-09-18
30907356364,337,Member,Female,2.49,1,BAG SNACKS,CORN CHIPS,2.49,2,2024-09-18
30907356364,337,Member,Female,1.55,1,FRUIT - SHELF STABLE,APPLE SAUCE,1.55,2,2024-09-18
30907356364,337,Member,Female,0.5,1,COOKIES/CONES,VENDOR SIZE/SINGLE SERVE COOKI,0.5,0,2024-09-18
30907356364,337,Member,Female,0.99,3,REFRGRATD JUICES/DRNKS,DAIRY CASE FRUIT DRINKS (NO JU,2.97,3,2024-09-18
30907356364,337,Member,Female,1.0,1,CRACKERS/MISC BKD FD,SOUP CRACKERS (SALTINE/OYSTER),1.0,1,2024-09-18
30907356364,337,Member,Female,7.45,1,BEEF,LEAN,7.45,7,2024-09-18
30907356364,337,Member,Female,1.25,4,HOT DOGS,ECONOMY - MEAT,5.0,5,2024-09-18
30907356364,337,Member,Female,6.99,1,DINNER SAUSAGE,SMOKED/COOKED,6.99,7,2024-09-18
30907356364,337,Member,Female,2.99,1,CONDIMENTS/SAUCES,HOT SAUCE,2.99,3,2024-09-18
30907356364,337,Member,Female,2.09,1,SOFT DRINKS,SOFT DRINKS 12/18&15PK CAN CAR,2.09,2,2024-09-18
30907356364,337,Member,Female,1.29,1,MARGARINES,MARGARINE: TUBS AND BOWLS,1.29,1,2024-09-18
30907356364,337,Member,Female,2.78,1,REFRGRATD JUICES/DRNKS,DAIRY CASE 100% PURE JUICE - O,2.78,3,2024-09-18
30907356364,337,Member,Female,0.59,1,SOFT DRINKS,SFT DRNK 2 LITER BTL CARB INCL,0.59,1,2024-09-18
30907356364,337,Member,Female,2.99,1,CHEESE,CREAM CHEESE,2.99,3,2024-09-18
30907356364,337,Member,Female,3.99,1,COLD CEREAL,ALL FAMILY CEREAL,3.99,4,2024-09-18
30907356364,337,Member,Female,2.75,1,BAG SNACKS,TORTILLA/NACHO CHIPS,2.75,3,2024-09-18
30907356364,337,Member,Female,2.75,1,BAG SNACKS,TORTILLA/NACHO CHIPS,2.75,3,2024-09-18
30907356364,337,Member,Female,2.99,1,BAG SNACKS,TORTILLA/NACHO CHIPS,2.99,3,2024-09-18
30907356364,337,Member,Female,2.99,1,BABY FOODS,BABY SPRING WATERS,2.99,3,2024-09-18
30907356364,337,Member,Female,2.29,2,FRUIT - SHELF STABLE,MANDARIN ORANGES/CITRUS SECT,4.58,5,2024-09-18
30907356364,337,Member,Female,1.0,3,REFRGRATD DOUGH PRODUCTS,REFRIGERATED BISCUITS REGULAR,3.0,3,2024-09-18
30930232544,429,Member,Female,1.99,1,DRY NOODLES/PASTA,SPAGHETTI DRY,1.99,2,2024-09-19
30930232544,429,Member,Female,1.49,1,HERBS,HERBS PARSLEY,1.49,1,2024-09-19
30930232544,429,Member,Female,0.34,1,BAKING MIXES,MUFFIN & CORN BREAD MIX,0.34,0,2024-09-19
30930232544,429,Member,Female,1.39,1,DRY BN/VEG/POTATO/RICE,DRY BEANS/PEAS/BARLEY: BAG & B,1.39,1,2024-09-19
30930232544,429,Member,Female,1.0,1,FLUID MILK PRODUCTS,REFRIGERATED COFFEE CREAMERS,1.0,1,2024-09-19
30930232544,429,Member,Female,1.29,1,DRY MIX DESSERTS,PUDDINGS DRY,1.29,1,2024-09-19
30930232544,429,Member,Female,2.51,1,ORGANICS FRUIT & VEGETABLES,ORGANIC SALAD MIX,2.51,3,2024-09-19
30930232544,429,Member,Female,1.76,1,FROZEN BREAD/DOUGH,FRZN GARLIC BREAD/TOAST/STICKS,1.76,2,2024-09-19
30930232544,429,Member,Female,1.99,1,FLUID MILK PRODUCTS,FLUID MILK WHITE ONLY,1.99,2,2024-09-19
30930232544,429,Member,Female,4.99,1,NUTS,PEANUTS ALL,4.99,5,2024-09-19
30943091833,311,Member,Male,4.29,1,WATER - CARBONATED/FLVRD DRINK,NON-CRBNTD DRNKING/MNERAL WATE,4.29,4,2024-09-20
30943091833,311,Member,Male,4.29,1,BACON,PREMIUM,4.29,4,2024-09-20
30943091833,311,Member,Male,1.79,1,SOUP,RTS SOUP: CHUNKY/HOMESTYLE ET,1.79,2,2024-09-20
30943091833,311,Member,Male,0.85,1,DELI MEATS,MEAT: LUNCHMEAT BULK,0.85,1,2024-09-20
30943091833,311,Member,Male,1.99,1,SALD DRSNG/SNDWCH SPRD,POURABLE SALAD DRESSINGS,1.99,2,2024-09-20
30943091833,311,Member,Male,0.99,1,BEANS - CANNED GLASS & MW,VARIETY BEANS - KIDNEY PINTO,0.99,1,2024-09-20
30943091833,311,Member,Male,0.8,8,FRUIT - SHELF STABLE,PEACHES,6.4,6,2024-09-20
30943091833,311,Member,Male,2.29,1,BAKING NEEDS,BAKING NUTS,2.29,2,2024-09-20
30943091833,311,Member,Male,2.99,1,DINNER SAUSAGE,SMOKED/COOKED,2.99,3,2024-09-20
30943091833,311,Member,Male,1.4,1,DELI MEATS,MEAT:HAM BULK,1.4,1,2024-09-20
30943091833,311,Member,Male,1.5,1,CHEESE,NATURAL CHEESE EXACT WT CHUNKS,1.5,2,2024-09-20
30943091833,311,Member,Male,1.19,1,EGGS,EGGS - X-LARGE,1.19,1,2024-09-20
30943091833,311,Member,Male,0.56,1,POTATOES,POTATOES SWEET&YAMS,0.56,1,2024-09-20
30943091833,311,Member,Male,0.34,1,CANDY - CHECKLANE,CANDY BARS (SINGLES)(INCLUDING,0.34,0,2024-09-20
30943091833,311,Member,Male,1.79,1,SUGARS/SWEETNERS,SUGAR,1.79,2,2024-09-20
30943091833,311,Member,Male,1.59,1,MILK BY-PRODUCTS,COTTAGE CHEESE,1.59,2,2024-09-20
30943091833,311,Member,Male,2.49,1,PICKLE/RELISH/PKLD VEG,PICKLES,2.49,2,2024-09-20
30943091833,311,Member,Male,1.39,1,BAKING NEEDS,PIE FILLING MINCEMEAT GLAZES,1.39,1,2024-09-20
30954805063,410,Member,Male,1.67,1,BAG SNACKS,PRETZELS,1.67,2,2024-09-21
30954805063,410,Member,Male,1.98,1,REFRGRATD JUICES/DRNKS,DAIRY CASE 100% PURE JUICE OTH,1.98,2,2024-09-21
30954943154,391,Normal,Female,1.5,2,CHEESE,NATURAL CHEESE EXACT WT CHUNKS,3.0,3,2024-09-21
30954943154,391,Normal,Female,0.69,2,HISPANIC,MEXICAN SEASONING MIXES,1.38,1,2024-09-21
30954943154,391,Normal,Female,6.36,1,BEEF,PRIMAL,6.36,6,2024-09-21
30954943154,391,Normal,Female,1.0,2,CHEESE,CREAM CHEESE,2.0,2,2024-09-21
30954943154,391,Normal,Female,1.34,1,SOFT DRINKS,SFT DRNK 2 LITER BTL CARB INCL,1.34,1,2024-09-21
30954943154,391,Normal,Female,0.99,2,BAKED BREAD/BUNS/ROLLS,HOT DOG BUNS,1.98,2,2024-09-21
30954943154,391,Normal,Female,2.49,1,FLUID MILK PRODUCTS,FLUID MILK WHITE ONLY,2.49,2,2024-09-21
30954943154,391,Normal,Female,2.5,1,DINNER SAUSAGE,SMOKED/COOKED,2.5,2,2024-09-21
30954943154,391,Normal,Female,7.99,1,SHAVING CARE PRODUCTS,RAZORS AND BLADES,7.99,8,2024-09-21
30954943154,391,Normal,Female,1.79,1,DINNER SAUSAGE,SMOKED/COOKED,1.79,2,2024-09-21
30971897707,363,Member,Female,1.0,2,EGGS,EGGS - LARGE,2.0,2,2024-09-22
30971897707,363,Member,Female,1.5,1,CHEESE,SHREDDED CHEESE,1.5,2,2024-09-22
30971897707,363,Member,Female,1.5,1,COCOA MIXES,HOT CHOCOLATE COCOA MIX,1.5,2,2024-09-22
30971897707,363,Member,Female,3.39,1,COLD CEREAL,KIDS CEREAL,3.39,3,2024-09-22
30971897707,363,Member,Female,0.59,2,MEAT - SHELF STABLE,HOT DOG CHILI SAUCE,1.18,1,2024-09-22
30971897707,363,Member,Female,3.79,1,CIGARETTES,CIGARETTES,3.79,4,2024-09-22
30971897707,363,Member,Female,3.47,1,DINNER MXS:DRY,MEAT INCLUDED,3.47,3,2024-09-22
30971897707,363,Member,Female,3.335,2,SOFT DRINKS,SOFT DRINKS 12/18&15PK CAN CAR,6.67,7,2024-09-22
30971897707,363,Member,Female,2.12,1,SALD DRSNG/SNDWCH SPRD,POURABLE SALAD DRESSINGS,2.12,2,2024-09-22
30971897707,363,Member,Female,1.39,2,BAKED BREAD/BUNS/ROLLS,MAINSTREAM WHITE BREAD,2.78,3,2024-09-22
30971897707,363,Member,Female,3.33,1,SOFT DRINKS,SOFT DRINKS 12/18&15PK CAN CAR,3.33,3,2024-09-22
30971897707,363,Member,Female,2.07,1,CANNED JUICES,FRUIT DRINKS: CANNED & GLASS (,2.07,2,2024-09-22
30971897707,363,Member,Female,0.99,1,BAKED BREAD/BUNS/ROLLS,HOT DOG BUNS,0.99,1,2024-09-22
30971897707,363,Member,Female,1.99,1,BEEF,LEAN,1.99,2,2024-09-22
30971897707,363,Member,Female,1.19,1,BAKED SWEET GOODS,SNACK CAKE - MULTI PACK,1.19,1,2024-09-22
30971897707,363,Member,Female,1.09,1,BAKED SWEET GOODS,SNACK CAKE - MULTI PACK,1.09,1,2024-09-22
30971897707,363,Member,Female,1.67,1,BAG SNACKS,POTATO CHIPS,1.67,2,2024-09-22
30971897707,363,Member,Female,1.0,1,YOGURT,YOGURT NOT MULTI-PACKS,1.0,1,2024-09-22
30971897707,363,Member,Female,1.0,3,YOGURT,YOGURT NOT MULTI-PACKS,3.0,3,2024-09-22
30971897707,363,Member,Female,1.88,2,REFRGRATD DOUGH PRODUCTS,REFRIGERATED COOKIES-SEASONAL,3.76,4,2024-09-22
30984066753,306,Member,Female,9.99,1,CANDY - PACKAGED,CANDY REFRIGERATED,9.99,10,2024-09-23
30998140951,773,Member,Male,2.05,1,COCOA MIXES,HOT CHOCOLATE COCOA MIX,2.05,2,2024-09-24
30998140951,773,Member,Male,1.99,1,LUNCHMEAT,BOLOGNA,1.99,2,2024-09-24
30998140951,773,Member,Male,0.88,1,BAKING NEEDS,MARSHMALLOWS,0.88,1,2024-09-24
30998140951,773,Member,Male,1.5,1,BAKED BREAD/BUNS/ROLLS,MAINSTREAM WHITE BREAD,1.5,2,2024-09-24
30998140951,773,Member,Male,2.82,1,FLUID MILK PRODUCTS,FLUID MILK WHITE ONLY,2.82,3,2024-09-24
30998140951,773,Member,Male,2.0,1,BAKED SWEET GOODS,SWEET GOODS - FULL SIZE,2.0,2,2024-09-24
30998140951,773,Member,Male,3.83,1,PAPER TOWELS,PAPER TOWELS & HOLDERS,3.83,4,2024-09-24
31007656116,427,Normal,Male,3.01,1,CIGARETTES,CIGARETTES,3.01,3,2024-09-25
31007656116,427,Normal,Male,2.19,1,FLUID MILK PRODUCTS,FLUID MILK WHITE ONLY,2.19,2,2024-09-25
31007656116,427,Normal,Male,1.29,2,BAKED BREAD/BUNS/ROLLS,MAINSTREAM WHITE BREAD,2.58,3,2024-09-25
31007656116,427,Normal,Male,1.0,2,FLUID MILK PRODUCTS,CHOCOLATE MILK,2.0,2,2024-09-25
31007795018,327,Normal,Female,2.0,1,COLD CEREAL,ADULT CEREAL,2.0,2,2024-09-25
31007795018,327,Normal,Female,0.99,1,BAKED BREAD/BUNS/ROLLS,HAMBURGER BUNS,0.99,1,2024-09-25
31007795018,327,Normal,Female,1.99,1,EYE AND EAR CARE PRODUCTS,RIGID GAS PERMEABLE,1.99,2,2024-09-25
31007795018,327,Normal,Female,2.99,1,POTATOES,POTATOES RUSSET (BULK&BAG),2.99,3,2024-09-25
31007795018,327,Normal,Female,2.5,1,SALD DRSNG/SNDWCH SPRD,POURABLE SALAD DRESSINGS,2.5,2,2024-09-25
31007795018,327,Normal,Female,2.49,1,FLUID MILK PRODUCTS,FLUID MILK WHITE ONLY,2.49,2,2024-09-25
31007795018,327,Normal,Female,1.79,2,CONVENIENT BRKFST/WHLSM SNACKS,GRANOLA BARS,3.58,4,2024-09-25
31007795018,327,Normal,Female,2.88,1,ORAL HYGIENE PRODUCTS,TOOTHPASTE,2.88,3,2024-09-25
31046272087,31642,Member,Male,0.5,3,BREAKFAST SWEETS,SW GDS:DONUTS,1.5,2,2024-09-28
31070954321,318,Normal,Female,0.002079482439926,8656,COUPON/MISC ITEMS,GASOLINE-REG UNLEADED,18.0,18,2024-09-30
31071012961,343,Member,Male,0.0020787564766839,14475,COUPON/MISC ITEMS,GASOLINE-REG UNLEADED,30.09,30,2024-09-30
31097297146,31862,Member,Male,0.88,2,SOFT DRINKS,SFT DRNK 2 LITER BTL CARB INCL,1.76,2,2024-10-02
31097297146,31862,Member,Male,0.88,1,SOFT DRINKS,SFT DRNK 2 LITER BTL CARB INCL,0.88,1,2024-10-02
31114308332,327,Member,Female,9.3,1,SMOKED MEATS,HAMS-WHOLE BONELESS,9.3,9,2024-10-03
31114400186,319,Member,Female,1.5,1,DINNER MXS:DRY,STUFFING MIXES,1.5,2,2024-10-03
31114400186,319,Member,Female,1.89,1,MARGARINES,MARGARINE: TUBS AND BOWLS,1.89,2,2024-10-03
31114400186,319,Member,Female,1.19,1,FLOUR & MEALS,FLOUR: WHITE & SELF RISING,1.19,1,2024-10-03
31114400186,319,Member,Female,11.99,1,FRZN MEAT/MEAT DINNERS,FRZN MULTI SERVE ENTREES ALL,11.99,12,2024-10-03
31114400186,319,Member,Female,6.989999999999999,3,ISOTONIC DRINKS,ISOTONIC DRINKS SINGLE SERVE,20.97,21,2024-10-03
31114400186,319,Member,Female,1.89,1,BAG SNACKS,POTATO CHIPS,1.89,2,2024-10-03
31114400186,319,Member,Female,5.49,1,FRZN MEAT/MEAT DINNERS,FRZN BREADED PREPARED CHICK,5.49,5,2024-10-03
31114400186,319,Member,Female,1.5,1,DINNER MXS:DRY,STUFFING MIXES,1.5,2,2024-10-03
31114400186,319,Member,Female,1.05,1,FLOUR & MEALS,CORNMEAL,1.05,1,2024-10-03
31114400186,319,Member,Female,2.0,1,DINNER MXS:DRY,MACARONI & CHEESE DNRS,2.0,2,2024-10-03
31114400186,319,Member,Female,0.88,1,SOFT DRINKS,SFT DRNK 2 LITER BTL CARB INCL,0.88,1,2024-10-03
31134576998,31782,Member,Female,0.33,1,CANDY - CHECKLANE,CANDY BARS (SINGLES)(INCLUDING,0.33,0,2024-10-05
31134576998,31782,Member,Female,0.335,2,CANDY - CHECKLANE,CANDY BARS (SINGLES)(INCLUDING,0.67,1,2024-10-05
31160745119,327,Member,Female,0.0020486736051334,12779,COUPON/MISC ITEMS,GASOLINE-REG UNLEADED,26.18,26,2024-10-07
31185023611,298,Member,Female,6.49,1,LIQUOR,SINGLE SERVE/MULTI-PK CKTLS,6.49,6,2024-10-09
31185023611,298,Member,Female,2.99,2,STATIONERY & SCHOOL SUPPLIES,CARD GAMES,5.98,6,2024-10-09
31185023611,298,Member,Female,4.19,1,HALLOWEEN,REVLON,4.19,4,2024-10-09
31225577030,447,Member,Male,1.49,1,LAXATIVES,LAXATIVES,1.49,1,2024-10-12
31225577030,447,Member,Male,4.99,1,ICE CREAM/MILK/SHERBTS,PREMIUM,4.99,5,2024-10-12
31225786248,443,Member,Male,6.49,1,BROOMS AND MOPS,BRUSHES,6.49,6,2024-10-12
31225786248,443,Member,Male,1.99,1,BROOMS AND MOPS,MISC CHEMICALS,1.99,2,2024-10-12
31225786248,443,Member,Male,1.69,1,DISHWASH DETERGENTS,RINSE AIDS AND ACCESSORIES,1.69,2,2024-10-12
31316951593,381,Member,Male,2.0,1,REFRGRATD JUICES/DRNKS,DAIRY CASE CITRUS PNCH/OJ SUBS,2.0,2,2024-10-17
31316951593,381,Member,Male,1.29,1,SOFT DRINKS,SFT DRNK SNGL SRV BTL CARB (EX,1.29,1,2024-10-17
31344132965,318,Member,Male,8.99,1,DOMESTIC WINE,FIGHTING VARIETAL WINES,8.99,9,2024-10-19
31356601495,447,Member,Female,0.58,1,DELI MEATS,MEAT: TURKEY BULK,0.58,1,2024-10-22
31356601495,447,Member,Female,0.2,1,TROPICAL FRUIT,BANANAS,0.2,0,2024-10-22
31390280430,310,Member,Female,0.0020492180312787,13044,COUPON/MISC ITEMS,GASOLINE-REG UNLEADED,26.73,27,2024-10-23
31390317181,369,Member,Male,0.0021588946459412,13896,COUPON/MISC ITEMS,GASOLINE-REG UNLEADED,30.0,30,2024-10-23
31412635658,361,Member,Male,0.99,2,CANDY - CHECKLANE,CHEWING GUM,1.98,2,2024-10-25
31412690427,292,Member,Female,1.69,1,VEGETABLES - SHELF STABLE,SPINACH & GREENS,1.69,2,2024-10-25
31412690427,292,Member,Female,1.69,1,VEGETABLES - SHELF STABLE,SPINACH & GREENS,1.69,2,2024-10-25
31412690427,292,Member,Female,1.99,1,DINNER MXS:DRY,STUFFING MIXES,1.99,2,2024-10-25
31412690427,292,Member,Female,3.49,1,CANNED JUICES,APPLE JUICE & CIDER (OVER 50%,3.49,3,2024-10-25
31412690427,292,Member,Female,0.69,1,SUGARS/SWEETNERS,SUGAR,0.69,1,2024-10-25
31412690427,292,Member,Female,10.03,1,PORK,ENHANCED,10.03,10,2024-10-25
31424016609,31642,Normal,Female,0.69,1,SOUP,CONDENSED SOUP,0.69,1,2024-10-26
31424016609,31642,Normal,Female,1.01,1,PREPARED FOOD,PREP FD: SIDE DISHES (HOT),1.01,1,2024-10-26
31424016609,31642,Normal,Female,0.49,1,DRY NOODLES/PASTA,MACARONI DRY,0.49,0,2024-10-26
31424016609,31642,Normal,Female,1.19,1,SPICES & EXTRACTS,SPICES & SEASONINGS,1.19,1,2024-10-26
31424016609,31642,Normal,Female,0.89,1,SOUP,BROTH,0.89,1,2024-10-26
31468146478,31862,Member,Female,1.88,1,CRACKERS/MISC BKD FD,SOUP CRACKERS (SALTINE/OYSTER),1.88,2,2024-10-28
31468146478,31862,Member,Female,1.83,1,SOUP,RTS SOUP: CHUNKY/HOMESTYLE ET,1.83,2,2024-10-28
31468146478,31862,Member,Female,2.69,1,SOUP,MICROWAVABLE SOUPS,2.69,3,2024-10-28
31468146478,31862,Member,Female,1.0,1,SOUP,RTS SOUP: CHUNKY/HOMESTYLE ET,1.0,1,2024-10-28
31468146478,31862,Member,Female,0.44,2,CANDY - PACKAGED,SEASONAL MISCELLANEOUS,0.88,1,2024-10-28
31468146478,31862,Member,Female,2.69,1,SOUP,RTS SOUP: CHUNKY/HOMESTYLE ET,2.69,3,2024-10-28
31468146478,31862,Member,Female,2.5,1,CRACKERS/MISC BKD FD,SOUP CRACKERS (SALTINE/OYSTER),2.5,2,2024-10-28
31468146478,31862,Member,Female,2.69,1,SOUP,RTS SOUP: CHUNKY/HOMESTYLE ET,2.69,3,2024-10-28
31468146478,31862,Member,Female,4.99,1,ICE CREAM/MILK/SHERBTS,PREMIUM,4.99,5,2024-10-28
31468146478,31862,Member,Female,1.0,1,SOUP,RTS SOUP: CHUNKY/HOMESTYLE ET,1.0,1,2024-10-28
31468146478,31862,Member,Female,4.0,1,SOFT DRINKS,SOFT DRINKS 12/18&15PK CAN CAR,4.0,4,2024-10-28
31468146478,31862,Member,Female,5.99,1,WATER - CARBONATED/FLVRD DRINK,SPRING WATER,5.99,6,2024-10-28
31468262449,372,Normal,Male,5.39,1,BATH TISSUES,TOILET TISSUE,5.39,5,2024-10-28
31468262449,372,Normal,Male,8.99,1,ADULT INCONTINENCE,ADULT INCONTINENCE UNDERGARMEN,8.99,9,2024-10-28
31468262449,372,Normal,Male,1.29,1,LUNCHMEAT,LOAVE,1.29,1,2024-10-28
31468262449,372,Normal,Male,1.0,1,FLUID MILK PRODUCTS,FLUID MILK WHITE ONLY,1.0,1,2024-10-28
31468262449,372,Normal,Male,0.99,1,LUNCHMEAT,BOLOGNA,0.99,1,2024-10-28
31468262449,372,Normal,Male,1.0,1,REFRGRATD JUICES/DRNKS,DAIRY CASE 100% PURE JUICE - O,1.0,1,2024-10-28
31468526424,403,Member,Male,1.79,1,REFRIGERATED,TOFU,1.79,2,2024-10-28
31468526424,403,Member,Male,1.67,1,BAKED BREAD/BUNS/ROLLS,MEXICAN SOFT TORTILLAS AND WRA,1.67,2,2024-10-28
31468526424,403,Member,Male,1.29,2,MISC. DAIRY,REFRIGERATED MEXICAN PRODUCTS,2.58,3,2024-10-28
31468526424,403,Member,Male,1.67,1,CHEESE,SHREDDED CHEESE,1.67,2,2024-10-28
31468526424,403,Member,Male,2.99,1,BAG SNACKS,TORTILLA/NACHO CHIPS,2.99,3,2024-10-28
31468526424,403,Member,Male,2.0,2,HISPANIC,MEXICAN SAUCESSALSAPICANTEE,4.0,4,2024-10-28
31468526424,403,Member,Male,0.89,2,BEANS - CANNED GLASS & MW,VARIETY BEANS - KIDNEY PINTO,1.78,2,2024-10-28
31468526424,403,Member,Male,1.5,2,FRZN VEGETABLE/VEG DSH,FRZN BAGGED VEGETABLES - PLAIN,3.0,3,2024-10-28
31468526424,403,Member,Male,0.88,3,CHEESE,CREAM CHEESE,2.64,3,2024-10-28
31468526424,403,Member,Male,1.0,1,MILK BY-PRODUCTS,SOUR CREAMS,1.0,1,2024-10-28
31468526424,403,Member,Male,1.67,1,CHEESE,SHREDDED CHEESE,1.67,2,2024-10-28
31468526424,403,Member,Male,1.66,1,CHEESE,SHREDDED CHEESE,1.66,2,2024-10-28
31502650019,31582,Member,Female,1.29,1,BAKED BREAD/BUNS/ROLLS,MAINSTREAM WHITE BREAD,1.29,1,2024-10-30
31527650936,362,Member,Male,0.59,1,SOFT DRINKS,SFT DRNK 2 LITER BTL CARB INCL,0.59,1,2024-11-01
31527650936,362,Member,Male,0.59,1,SOFT DRINKS,SFT DRNK 2 LITER BTL CARB INCL,0.59,1,2024-11-01
31527650936,362,Member,Male,0.59,1,WATER - CARBONATED/FLVRD DRINK,CARBONATED WATER - FLVRD SWEET,0.59,1,2024-11-01
31527650936,362,Member,Male,2.0,2,FROZEN PIZZA,PIZZA/TRADITIONAL,4.0,4,2024-11-01
31527650936,362,Member,Male,3.74,2,CIGARETTES,CIGARETTES,7.48,7,2024-11-01
31527650936,362,Member,Male,0.99,1,REFRGRATD JUICES/DRNKS,DAIRY CASE TEA WITH SUGAR OR S,0.99,1,2024-11-01
31527650936,362,Member,Male,2.0,1,FROZEN PIZZA,PIZZA/TRADITIONAL,2.0,2,2024-11-01
31527650936,362,Member,Male,0.59,1,SOFT DRINKS,SFT DRNK 2 LITER BTL CARB INCL,0.59,1,2024-11-01
31527650936,362,Member,Male,1.67,2,CHEESE,SHREDDED CHEESE,3.34,3,2024-11-01
31527650936,362,Member,Male,0.59,1,WATER - CARBONATED/FLVRD DRINK,CARBONATED WATER - FLVRD SWEET,0.59,1,2024-11-01
31553576238,432,Normal,Male,0.0021590810950859,11579,COUPON/MISC ITEMS,GASOLINE-REG UNLEADED,25.0,25,2024-11-03
31553911813,324,Member,Male,1.39,1,FITNESS&DIET,FITNESS&DIET - BARS,1.39,1,2024-11-03
31553911813,324,Member,Male,1.29,1,SOFT DRINKS,SFT DRNK SNGL SRV BTL CARB (EX,1.29,1,2024-11-03
31553911813,324,Member,Male,0.99,1,STATIONERY & SCHOOL SUPPLIES,PROMOTIONAL,0.99,1,2024-11-03
31672392837,429,Normal,Male,1.99,1,PREPARED/PKGD FOODS,BOXED PREPARED/ENTREE/DRY PREP,1.99,2,2024-11-08
31769043248,31782,Member,Female,1.0,1,FROZEN PIZZA,SNACKS/APPETIZERS,1.0,1,2024-11-15
31769043248,31782,Member,Female,1.25,1,FROZEN PIE/DESSERTS,FRZN WHIPPED TOPPING,1.25,1,2024-11-15
31769043248,31782,Member,Female,1.0,1,FROZEN PIZZA,SNACKS/APPETIZERS,1.0,1,2024-11-15
31789281563,359,Normal,Male,1.335,2,SOFT DRINKS,SFT DRNK 2 LITER BTL CARB INCL,2.67,3,2024-11-17
31789281563,359,Normal,Male,1.05,1,BAG SNACKS,BAGGED POPPED POPCORN,1.05,1,2024-11-17
31789281563,359,Normal,Male,1.11,1,SOFT DRINKS,SFT DRNK SNGL SRV BTL CARB (EX,1.11,1,2024-11-17
31789281563,359,Normal,Male,9.99,1,MAKEUP AND TREATMENT,LOREAL COSMETICS,9.99,10,2024-11-17
31833115320,424,Member,Female,1.34,1,SOFT DRINKS,SFT DRNK 2 LITER BTL CARB INCL,1.34,1,2024-11-20
31833115320,424,Member,Female,0.89,1,FLUID MILK PRODUCTS,FLUID MILK WHITE ONLY,0.89,1,2024-11-20
31833115320,424,Member,Female,0.5,2,PAPER TOWELS,PAPER TOWELS & HOLDERS,1.0,1,2024-11-20
31833115320,424,Member,Female,1.67,1,SOUP,RTS SOUP: CHUNKY/HOMESTYLE ET,1.67,2,2024-11-20
31833115320,424,Member,Female,2.5,1,COLD CEREAL,ALL FAMILY CEREAL,2.5,2,2024-11-20
31833115320,424,Member,Female,0.5,1,VEGETABLES - SHELF STABLE,MUSHROOMS CND & GLASS,0.5,0,2024-11-20
31833115320,424,Member,Female,2.0,1,COOKIES/CONES,SANDWICH COOKIES,2.0,2,2024-11-20
31833115320,424,Member,Female,1.0,1,CRACKERS/MISC BKD FD,SOUP CRACKERS (SALTINE/OYSTER),1.0,1,2024-11-20
31833115320,424,Member,Female,3.09,1,SHORTENING/OIL,OLIVE OIL,3.09,3,2024-11-20
31833115320,424,Member,Female,2.295,2,BAKED SWEET GOODS,SWEET GOODS - FULL SIZE,4.59,5,2024-11-20
31833115320,424,Member,Female,1.22,1,SALD DRSNG/SNDWCH SPRD,POURABLE SALAD DRESSINGS,1.22,1,2024-11-20
31833115320,424,Member,Female,1.49,2,VALENTINE,VALENTINE GIFTWARE/DECOR,2.98,3,2024-11-20
31833115320,424,Member,Female,2.79,1,SUGARS/SWEETNERS,SWEETENERS,2.79,3,2024-11-20
31833115320,424,Member,Female,2.99,1,BERRIES,STRAWBERRIES,2.99,3,2024-11-20
31833115320,424,Member,Female,2.0,1,COOKIES/CONES,SANDWICH COOKIES,2.0,2,2024-11-20
31833916603,31762,Member,Female,0.1,1,SOUP,RAMEN NOODLES/RAMEN CUPS,0.1,0,2024-11-22
31833916603,31762,Member,Female,2.79,1,FRZN BREAKFAST FOODS,WAFFLES/PANCAKES/FRENCH TOAST,2.79,3,2024-11-22
31833916603,31762,Member,Female,0.1,1,SOUP,RAMEN NOODLES/RAMEN CUPS,0.1,0,2024-11-22
31833916603,31762,Member,Female,12.0,1,CAKES,PIES: TARTS/MINIS/CRSTDAS,12.0,12,2024-11-22
31834125826,315,Member,Male,3.99,1,SUGARS/SWEETNERS,SWEETENERS,3.99,4,2024-11-22
31834125826,315,Member,Male,2.5,2,BACON,ECONOMY,5.0,5,2024-11-22
31834125826,315,Member,Male,3.99,1,LAUNDRY ADDITIVES,FABRIC SOFTENER LIQUID,3.99,4,2024-11-22
31834125826,315,Member,Male,1.5,2,SHORTENING/OIL,COOKING SPRAYS,3.0,3,2024-11-22
31834125826,315,Member,Male,1.5,1,NEWSPAPER,NEWSPAPER,1.5,2,2024-11-22
31834125826,315,Member,Male,1.69,1,BAKING MIXES,BISCUIT FLOUR & MIXES,1.69,2,2024-11-22
31834125826,315,Member,Male,0.99,1,FLUID MILK PRODUCTS,FLUID MILK WHITE ONLY,0.99,1,2024-11-22
31834125826,315,Member,Male,2.69,1,FLUID MILK PRODUCTS,REFRIGERATED COFFEE CREAMERS,2.69,3,2024-11-22
31834125826,315,Member,Male,0.99,1,SOFT DRINKS,SFT DRNK 2 LITER BTL CARB INCL,0.99,1,2024-11-22
31868876604,32004,Member,Male,0.6,1,BEANS - CANNED GLASS & MW,VARIETY BEANS - KIDNEY PINTO,0.6,1,2024-11-23
31868876604,32004,Member,Male,0.74,2,VEGETABLES - SHELF STABLE,MUSHROOMS CND & GLASS,1.48,1,2024-11-23
31868937415,354,Normal,Male,0.99,2,REFRGRATD JUICES/DRNKS,DAIRY CASE TEA WITH SUGAR OR S,1.98,2,2024-11-23
31868937415,354,Normal,Male,4.19,1,BATH TISSUES,TOILET TISSUE,4.19,4,2024-11-23
31883935005,403,Member,Female,5.79,1,ANALGESICS,ADULT ANALGESICS,5.79,6,2024-11-23
31883935005,403,Member,Female,0.99,1,BAKED BREAD/BUNS/ROLLS,MAINSTREAM WHEAT/MULTIGRAIN BR,0.99,1,2024-11-23
31883935005,403,Member,Female,3.5,1,PNT BTR/JELLY/JAMS,PEANUT BUTTER,3.5,4,2024-11-23
31883935005,403,Member,Female,0.89,1,FLUID MILK PRODUCTS,CHOCOLATE MILK,0.89,1,2024-11-23
31883935005,403,Member,Female,1.39,1,CANDY - PACKAGED,CANDY BARS (MULTI PACK),1.39,1,2024-11-23
31908526834,443,Member,Female,1.0,2,DRY BN/VEG/POTATO/RICE,NOODLE SIDE DISH MIXES,2.0,2,2024-11-26
31908526834,443,Member,Female,0.8,1,DINNER MXS:DRY,MACARONI & CHEESE DNRS,0.8,1,2024-11-26
31908526834,443,Member,Female,1.5,1,REFRGRATD DOUGH PRODUCTS,REFRIGERATED BAGELS,1.5,2,2024-11-26
31908526834,443,Member,Female,0.8,1,DRY BN/VEG/POTATO/RICE,POTATOES: DRY,0.8,1,2024-11-26
31908526834,443,Member,Female,1.0,2,DRY BN/VEG/POTATO/RICE,NOODLE SIDE DISH MIXES,2.0,2,2024-11-26
31908526834,443,Member,Female,0.84,3,EGGS,EGGS - MEDIUM,2.52,3,2024-11-26
31908526834,443,Member,Female,1.19,1,BAKED BREAD/BUNS/ROLLS,MAINSTREAM WHITE BREAD,1.19,1,2024-11-26
31908526834,443,Member,Female,1.16,1,REFRGRATD DOUGH PRODUCTS,REFRIGERATED BAGELS,1.16,1,2024-11-26
31908526834,443,Member,Female,3.333333333333333,3,SOFT DRINKS,SOFT DRINKS 12/18&15PK CAN CAR,10.0,10,2024-11-26
31908526834,443,Member,Female,2.74,1,DELI MEATS,MEAT:HAM BULK,2.74,3,2024-11-26
31908526834,443,Member,Female,1.75,1,DELI MEATS,MEAT: LUNCHMEAT BULK,1.75,2,2024-11-26
31908526834,443,Member,Female,2.99,1,HAIR CARE PRODUCTS,SHAMPOO,2.99,3,2024-11-26
31908526834,443,Member,Female,1.7,1,MARGARINES,MARGARINE: TUBS AND BOWLS,1.7,2,2024-11-26
31908526834,443,Member,Female,0.8,1,DINNER MXS:DRY,MACARONI & CHEESE DNRS,0.8,1,2024-11-26
31908526834,443,Member,Female,2.99,1,HAIR CARE PRODUCTS,HAIR CONDITIONERS AND RINSES,2.99,3,2024-11-26
31908526834,443,Member,Female,2.5,1,CHEESES,CHEESE: NATURAL BULK,2.5,2,2024-11-26
31908526834,443,Member,Female,3.47,1,DINNER MXS:DRY,MEAT INCLUDED,3.47,3,2024-11-26
31908526834,443,Member,Female,0.35,1,YOGURT,YOGURT NOT MULTI-PACKS,0.35,0,2024-11-26
31908526834,443,Member,Female,0.35,1,YOGURT,YOGURT NOT MULTI-PACKS,0.35,0,2024-11-26
31908526834,443,Member,Female,0.35,1,YOGURT,YOGURT NOT MULTI-PACKS,0.35,0,2024-11-26
31908526834,443,Member,Female,1.0,2,DRY BN/VEG/POTATO/RICE,NOODLE SIDE DISH MIXES,2.0,2,2024-11-26
31908526834,443,Member,Female,1.88,1,BAG SNACKS,POTATO CHIPS,1.88,2,2024-11-26
31908526834,443,Member,Female,1.88,1,BAG SNACKS,POTATO CHIPS,1.88,2,2024-11-26
31908526834,443,Member,Female,3.92,1,COLD CEREAL,KIDS CEREAL,3.92,4,2024-11-26
31908526834,443,Member,Female,0.5,2,SOFT DRINKS,SFT DRNK SNGL SRV BTL CARB (EX,1.0,1,2024-11-26
31920547468,318,Member,Female,0.0,0,HEAT/SERVE,FRZN BREADED PREPARED CHICK,0.0,0,2024-11-27
31932179110,372,Member,Female,2.0,1,ELECTRICAL SUPPPLIES,DECOR BULBS,2.0,2,2024-11-28
31932179110,372,Member,Female,3.99,1,FD WRAPS/BAGS/TRSH BG,GARBAGE KITCHEN COMPACTOR BA,3.99,4,2024-11-28
31932179110,372,Member,Female,1.0,1,FD WRAPS/BAGS/TRSH BG,FREEZER BAGS,1.0,1,2024-11-28
31932179110,372,Member,Female,2.99,1,DOG FOODS,DOG BISCUITS (HARD BISCUIT),2.99,3,2024-11-28
31932179110,372,Member,Female,1.69,1,CARROTS,CARROTS MINI PEELED,1.69,2,2024-11-28
31932179110,372,Member,Female,2.0,1,DISHWASH DETERGENTS,AUTO DISH DETERGENT - GEL,2.0,2,2024-11-28
31932179110,372,Member,Female,2.0,2,CAT LITTER,CONVENTIONAL LITTER,4.0,4,2024-11-28
31932179110,372,Member,Female,1.99,1,VALUE ADDED VEGETABLES,CUT VEGETABLES ALL OTHER,1.99,2,2024-11-28
31932179110,372,Member,Female,3.99,1,MAGAZINE,CHILDREN-MAGAZINE,3.99,4,2024-11-28
31932179110,372,Member,Female,3.29,1,SALD DRSNG/SNDWCH SPRD,POURABLE SALAD DRESSINGS,3.29,3,2024-11-28
31932179110,372,Member,Female,1.99,2,LAUNDRY DETERGENTS,LIQUID LAUNDRY DETERGENTS,3.98,4,2024-11-28
31932179110,372,Member,Female,2.5,4,SOFT DRINKS,SOFT DRINKS 12/18&15PK CAN CAR,10.0,10,2024-11-28
31932179110,372,Member,Female,0.6,1,CANDY - CHECKLANE,CANDY BARS (SINGLES)(INCLUDING,0.6,1,2024-11-28
31932311360,368,Normal,Male,7.97,1,BEEF,SELECT BEEF,7.97,8,2024-11-28
31932311360,368,Normal,Male,0.99,1,BAKED BREAD/BUNS/ROLLS,MAINSTREAM WHITE BREAD,0.99,1,2024-11-28
31932311360,368,Normal,Male,0.99,1,CANDY - CHECKLANE,CHEWING GUM,0.99,1,2024-11-28
31932311360,368,Normal,Male,5.51,1,BEEF,NATURAL BEEF,5.51,6,2024-11-28
31932311360,368,Normal,Male,1.79,1,REFRGRATD DOUGH PRODUCTS,REFRIGERATED COOKIES-CHUB,1.79,2,2024-11-28
31932311360,368,Normal,Male,2.69,1,FLUID MILK PRODUCTS,FLUID MILK WHITE ONLY,2.69,3,2024-11-28
31932311360,368,Normal,Male,0.67,1,SOFT DRINKS,SFT DRNK SNGL SRV BTL CARB (EX,0.67,1,2024-11-28
31932311360,368,Normal,Male,0.99,1,CANDY - CHECKLANE,CHEWING GUM,0.99,1,2024-11-28
31932311360,368,Normal,Male,10.39,1,SEAFOOD - FROZEN,SEAFOOD-FRZ-RW-ALL,10.39,10,2024-11-28
31932311360,368,Normal,Male,16.19,1,SEAFOOD - FROZEN,SEAFOOD-FRZ-RW-ALL,16.19,16,2024-11-28
31932311360,368,Normal,Male,21.19,1,SEAFOOD - FROZEN,SEAFOOD-FRZ-RW-ALL,21.19,21,2024-11-28
31932311360,368,Normal,Male,10.99,1,FILM AND CAMERA PRODUCTS,SINGLE USE CAMERAS,10.99,11,2024-11-28
31932311360,368,Normal,Male,0.99,1,CANDY - CHECKLANE,CHEWING GUM,0.99,1,2024-11-28
31944556001,327,Member,Male,3.29,1,CAT FOOD,DRY CAT FOOD (CAT CHOW/FRISKIE,3.29,3,2024-11-29
31944556001,327,Member,Male,2.91,1,CIGARETTES,CIGARETTES,2.91,3,2024-11-29
31944556001,327,Member,Male,0.39,2,CAT FOOD,CAN CATFD GOURMET/SUP PREM (GR,0.78,1,2024-11-29
31944556001,327,Member,Male,0.39,1,CAT FOOD,CAN CATFD GOURMET/SUP PREM (GR,0.39,0,2024-11-29
31944556001,327,Member,Male,0.39,1,CAT FOOD,CAN CATFD GOURMET/SUP PREM (GR,0.39,0,2024-11-29
31944556001,327,Member,Male,1.99,1,PET CARE SUPPLIES,AQUARIUM NEEDS,1.99,2,2024-11-29
31944556001,327,Member,Male,2.59,1,PET CARE SUPPLIES,AQUARIUM NEEDS,2.59,3,2024-11-29
31944556001,327,Member,Male,1.59,2,CAT FOOD,CAT TREATS,3.18,3,2024-11-29
32006100247,295,Member,Female,2.0,1,BREAKFAST SAUSAGE/SANDWICHES,ROLLS - PORK,2.0,2,2024-12-04
32006100247,295,Member,Female,1.5,2,CHEESE,NATURAL CHEESE EXACT WT CHUNKS,3.0,3,2024-12-04
32006100247,295,Member,Female,1.0,1,DRY BN/VEG/POTATO/RICE,NOODLE SIDE DISH MIXES,1.0,1,2024-12-04
32006100247,295,Member,Female,0.69,2,MARGARINES,MARGARINE  STICK,1.38,1,2024-12-04
32006100247,295,Member,Female,1.0,1,FRZN VEGETABLE/VEG DSH,FRZN BAGGED VEGETABLES - PLAIN,1.0,1,2024-12-04
32006100247,295,Member,Female,1.0,1,SALADS/DIPS,VEGETABLE SALADS - PREPACK,1.0,1,2024-12-04
32006100247,295,Member,Female,1.0,1,FROZEN PIZZA,PIZZA/ECONOMY,1.0,1,2024-12-04
32006100247,295,Member,Female,1.0,1,SALAD MIX,REGULAR GARDEN,1.0,1,2024-12-04
32006100247,295,Member,Female,1.0,1,ICE CREAM/MILK/SHERBTS,TRADITIONAL,1.0,1,2024-12-04
32006100247,295,Member,Female,1.0,1,BAKED SWEET GOODS,SNACK CAKE - MULTI PACK,1.0,1,2024-12-04
32006100247,295,Member,Female,1.0,2,DRY BN/VEG/POTATO/RICE,NOODLE SIDE DISH MIXES,2.0,2,2024-12-04
32006100247,295,Member,Female,1.0,2,LUNCHMEAT,POULTRY,2.0,2,2024-12-04
32006100247,295,Member,Female,2.5,1,BACON,ECONOMY,2.5,2,2024-12-04
32006100247,295,Member,Female,1.0,1,DRY BN/VEG/POTATO/RICE,RICE SIDE DISH MIXES DRY,1.0,1,2024-12-04
32006100247,295,Member,Female,1.0,1,DRY MIX DESSERTS,GELATIN,1.0,1,2024-12-04
32006100247,295,Member,Female,1.0,2,FLUID MILK PRODUCTS,CHOCOLATE MILK,2.0,2,2024-12-04
32006100247,295,Member,Female,0.88,1,HAIR CARE PRODUCTS,WOMENS  HAIR SPRAYS,0.88,1,2024-12-04
32006100247,295,Member,Female,1.0,1,REFRGRATD JUICES/DRNKS,DAIRY CASE JUICE DRNK UNDER 10,1.0,1,2024-12-04
32006100247,295,Member,Female,1.0,1,FRZN NOVELTIES/WTR ICE,STICKS/ENROBED,1.0,1,2024-12-04
32006100247,295,Member,Female,1.0,2,FROZEN PIZZA,PIZZA/ECONOMY,2.0,2,2024-12-04
32006100247,295,Member,Female,1.0,1,DRY MIX DESSERTS,GELATIN,1.0,1,2024-12-04
32006100247,295,Member,Female,2.29,1,PICKLE/RELISH/PKLD VEG,PICKLES,2.29,2,2024-12-04
32006100247,295,Member,Female,1.0,1,DRY BN/VEG/POTATO/RICE,RICE SIDE DISH MIXES DRY,1.0,1,2024-12-04
32006100247,295,Member,Female,1.0,2,CARROTS,CARROTS MINI PEELED,2.0,2,2024-12-04
32006100247,295,Member,Female,1.75,1,CANNED JUICES,ASEPTIC PACK JUICE AND DRINKS,1.75,2,2024-12-04
32006100247,295,Member,Female,2.34,1,FRZN MEAT/MEAT DINNERS,FRZN SS PREMIUM ENTREES/DNRS/T,2.34,2,2024-12-04
32006100247,295,Member,Female,2.29,1,FROZEN BREAD/DOUGH,FRZN GARLIC BREAD/TOAST/STICKS,2.29,2,2024-12-04
32006100247,295,Member,Female,1.0,1,CRACKERS/MISC BKD FD,CROUTONS SALAD TOPPERS BREAD,1.0,1,2024-12-04
32006100247,295,Member,Female,1.4,1,APPLES,APPLES RED DELICIOUS (BULK&BAG,1.4,1,2024-12-04
32006100247,295,Member,Female,7.19,1,BEEF,SELECT BEEF,7.19,7,2024-12-04
32006100247,295,Member,Female,1.0,1,FRZN VEGETABLE/VEG DSH,FRZN BAGGED VEGETABLES - PLAIN,1.0,1,2024-12-04
32006100247,295,Member,Female,1.0,1,FRZN VEGETABLE/VEG DSH,FRZN BAGGED VEGETABLES - PLAIN,1.0,1,2024-12-04
32006100247,295,Member,Female,0.79,1,FROZEN PIE/DESSERTS,FRZN WHIPPED TOPPING,0.79,1,2024-12-04
32006100247,295,Member,Female,1.0,1,BAKED BREAD/BUNS/ROLLS,MAINSTREAM WHITE BREAD,1.0,1,2024-12-04
32006100247,295,Member,Female,2.24,1,PORK,RIBS,2.24,2,2024-12-04
32006100247,295,Member,Female,1.22,1,SALD DRSNG/SNDWCH SPRD,POURABLE SALAD DRESSINGS,1.22,1,2024-12-04
32006100247,295,Member,Female,2.0,1,FRUIT - SHELF STABLE,MANDARIN ORANGES/CITRUS SECT,2.0,2,2024-12-04
32006100247,295,Member,Female,1.0,3,BATH TISSUES,TOILET TISSUE,3.0,3,2024-12-04
32006100247,295,Member,Female,0.88,1,CHEESE,CREAM CHEESE,0.88,1,2024-12-04
32006100247,295,Member,Female,2.99,1,LUNCHMEAT,PEPPERONI/SALAMI,2.99,3,2024-12-04
32006100247,295,Member,Female,1.0,1,CRACKERS/MISC BKD FD,CROUTONS SALAD TOPPERS BREAD,1.0,1,2024-12-04
32006100247,295,Member,Female,2.5,1,SALD DRSNG/SNDWCH SPRD,SANDWICH SAUCE HORSERADISH SA,2.5,2,2024-12-04
32006100247,295,Member,Female,2.49,1,PROCESSED,DIPS,2.49,2,2024-12-04
32006100247,295,Member,Female,1.0,1,SALADS/DIPS,PASTA/GRAIN SALADS - PREPACK,1.0,1,2024-12-04
32006100247,295,Member,Female,1.0,1,FRZN VEGETABLE/VEG DSH,FRZN BAGGED VEGETABLES - PLAIN,1.0,1,2024-12-04
32006100247,295,Member,Female,1.0,1,FLUID MILK PRODUCTS,YOGURT NOT MULTI-PACKS,1.0,1,2024-12-04
32006100247,295,Member,Female,1.0,3,FLUID MILK PRODUCTS,YOGURT NOT MULTI-PACKS,3.0,3,2024-12-04
32006100247,295,Member,Female,1.0,1,FRZN VEGETABLE/VEG DSH,FRZN BAGGED VEGETABLES - PLAIN,1.0,1,2024-12-04
32006100247,295,Member,Female,1.19,1,SPICES & EXTRACTS,SPICES & SEASONINGS,1.19,1,2024-12-04
32006100247,295,Member,Female,2.19,1,CONDIMENTS/SAUCES,CATSUP,2.19,2,2024-12-04
32006100247,295,Member,Female,1.5,1,BAKING MIXES,FROSTING,1.5,2,2024-12-04
32006100247,295,Member,Female,3.79,1,PORK,ENHANCED,3.79,4,2024-12-04
32041166989,335,Member,Male,0.0022589614942876,16543,COUPON/MISC ITEMS,GASOLINE-REG UNLEADED,37.37,37,2024-12-07
32041322017,318,Normal,Male,0.67,1,SOFT DRINKS,SFT DRNK SNGL SRV BTL CARB (EX,0.67,1,2024-12-07
32041322017,318,Normal,Male,3.44,1,CIGARETTES,CIGARETTES,3.44,3,2024-12-07
32041322017,318,Normal,Male,3.44,2,CIGARETTES,CIGARETTES,6.88,7,2024-12-07
32041322017,318,Normal,Male,0.99,1,CANDY - PACKAGED,CHEWING GUM,0.99,1,2024-12-07
32041322017,318,Normal,Male,1.29,1,SOFT DRINKS,SFT DRNK SNGL SRV BTL CARB (EX,1.29,1,2024-12-07
32041322017,318,Normal,Male,3.49,2,INFANT FORMULA,INFANT FORMULA SOY BASE,6.98,7,2024-12-07
32052873189,334,Member,Female,1.79,1,FRZN MEAT/MEAT DINNERS,FRZN SS PREMIUM ENTREES/DNRS/N,1.79,2,2024-12-08
32052873189,334,Member,Female,2.99,1,ROLLS,ROLLS: CROISSANTS/BREADSTICKS,2.99,3,2024-12-08
32052873189,334,Member,Female,1.79,1,FRZN MEAT/MEAT DINNERS,FRZN SS PREMIUM ENTREES/DNRS/N,1.79,2,2024-12-08
32052873189,334,Member,Female,1.79,1,FRZN MEAT/MEAT DINNERS,FRZN SS PREMIUM ENTREES/DNRS/N,1.79,2,2024-12-08
32053433805,343,Member,Female,2.19,1,SOAP - LIQUID & BAR,BAR SOAP,2.19,2,2024-12-08
32053433805,343,Member,Female,2.29,1,DEODORANTS,ANTIPERSPIRANTS ONLY (ALL OTHE,2.29,2,2024-12-08
32053433805,343,Member,Female,10.99,1,FIRST AID PRODUCTS,ELSTC BNDGES SUPRT HOSE,10.99,11,2024-12-08
32064826342,367,Member,Female,3.19,1,ORAL HYGIENE PRODUCTS,DENTAL FLOSS AND IMPLEMENTS,3.19,3,2024-12-09
32064826342,367,Member,Female,1.0,1,SOAP - LIQUID & BAR,LIQUID SOAP,1.0,1,2024-12-09
32064826342,367,Member,Female,7.49,1,HAND/BODY/FACIAL PRODUCTS,HAND AND BODY LOTIONS,7.49,7,2024-12-09
32064826342,367,Member,Female,3.99,4,SOAP - LIQUID & BAR,BODY WASH,15.96,16,2024-12-09
32064826342,367,Member,Female,9.99,1,SHAVING CARE PRODUCTS,RAZORS AND BLADES,9.99,10,2024-12-09
32064826342,367,Member,Female,3.79,4,SOAP - LIQUID & BAR,BODY WASH,15.16,15,2024-12-09
32064840016,31782,Member,Female,0.25,1,WATER,SPRING WATER,0.25,0,2024-12-09
32064840016,31782,Member,Female,1.5,1,VALUE ADDED VEGETABLES,CARROTS SLICED/SHRED/STICKS,1.5,2,2024-12-09
32065116876,31582,Member,Female,0.88,1,SOFT DRINKS,SFT DRNK 2 LITER BTL CARB INCL,0.88,1,2024-12-09
32065234115,369,Member,Male,3.09,1,COLD CEREAL,KIDS CEREAL,3.09,3,2024-12-09
32065234115,369,Member,Male,1.5,2,WATER - CARBONATED/FLVRD DRINK,CARBONATED WATER - UNFLAVORED,3.0,3,2024-12-09
32065234115,369,Member,Male,2.5,1,LUNCHMEAT,POULTRY,2.5,2,2024-12-09
32065234115,369,Member,Male,0.79,1,VEGETABLES - ALL OTHERS,CUCUMBERS,0.79,1,2024-12-09
32065234115,369,Member,Male,2.29,1,ORAL HYGIENE PRODUCTS,ORAL HYGIENE BRUSHES,2.29,2,2024-12-09
32065234115,369,Member,Male,2.5,1,WATER - CARBONATED/FLVRD DRINK,SPRING WATER,2.5,2,2024-12-09
32065234115,369,Member,Male,1.67,1,CHEESE,SHREDDED CHEESE,1.67,2,2024-12-09
32065234115,369,Member,Male,2.99,1,APPLES,APPLES OTHER (BULK&BAG),2.99,3,2024-12-09
32065234115,369,Member,Male,4.99,1,CHEESES,CHEESE:SPECIALTY PREPACK,4.99,5,2024-12-09
32065234115,369,Member,Male,2.39,1,TOBACCO OTHER,CIG LIGHTERS/LTR FLUID/PIPES,2.39,2,2024-12-09
32065234115,369,Member,Male,1.62,1,CANNED JUICES,ASEPTIC PACK JUICE AND DRINKS,1.62,2,2024-12-09
32065234115,369,Member,Male,0.5,2,CITRUS,ORANGES NAVELS ALL,1.0,1,2024-12-09
32065234115,369,Member,Male,2.49,1,MUSHROOMS,MUSHROOMS W/WHOLE PKG,2.49,2,2024-12-09
32065234115,369,Member,Male,3.19,1,BAG SNACKS,TORTILLA/NACHO CHIPS,3.19,3,2024-12-09
32065234115,369,Member,Male,2.29,1,ORAL HYGIENE PRODUCTS,ORAL HYGIENE BRUSHES,2.29,2,2024-12-09
32065234115,369,Member,Male,1.5,1,TROPICAL FRUIT,BANANAS,1.5,2,2024-12-09
32065234115,369,Member,Male,6.99,1,COFFEE,GROUND COFFEE,6.99,7,2024-12-09
32065234115,369,Member,Male,1.79,1,BABY HBC,COTTON COTTON SWABS,1.79,2,2024-12-09
32065234115,369,Member,Male,1.0,1,FRZN VEGETABLE/VEG DSH,FRZN BAGGED VEGETABLES - PLAIN,1.0,1,2024-12-09
32065234115,369,Member,Male,3.99,1,CHEESE,STRING CHEESE,3.99,4,2024-12-09
32065234115,369,Member,Male,1.39,1,FACIAL TISS/DNR NAPKIN,FACIAL TISSUE & PAPER HANDKE,1.39,1,2024-12-09
32065234115,369,Member,Male,2.69,1,FLUID MILK PRODUCTS,FLUID MILK WHITE ONLY,2.69,3,2024-12-09
32065234115,369,Member,Male,2.99,2,BERRIES,STRAWBERRIES,5.98,6,2024-12-09
32065234115,369,Member,Male,8.99,1,VITAMINS,VITAMIN - CHILDREN,8.99,9,2024-12-09
32065234115,369,Member,Male,2.5,1,KITCHEN GADGETS,DECOR,2.5,2,2024-12-09
32065234115,369,Member,Male,2.5,1,BREAD,BREAD:LOAF/SNACK,2.5,2,2024-12-09
32065234115,369,Member,Male,2.0,1,REFRGRATD JUICES/DRNKS,DAIRY CASE JUICE DRNK UNDER 10,2.0,2,2024-12-09
32065234115,369,Member,Male,7.29,1,BATH TISSUES,TOILET TISSUE,7.29,7,2024-12-09
32065234115,369,Member,Male,8.99,1,KITCHEN GADGETS,GADGETS/TOOLS,8.99,9,2024-12-09
32065234115,369,Member,Male,6.99,1,VITAMINS,VITAMIN - CHILDREN,6.99,7,2024-12-09
32065234115,369,Member,Male,0.99,2,CANDY - CHECKLANE,CHEWING GUM,1.98,2,2024-12-09
32074937722,424,Member,Female,3.89,1,INFANT CARE PRODUCTS,FEEDING ACCESSORIES BOTTLES,3.89,4,2024-12-10
32074937722,424,Member,Female,1.22,1,SALD DRSNG/SNDWCH SPRD,POURABLE SALAD DRESSINGS,1.22,1,2024-12-10
32074937722,424,Member,Female,4.39,1,SALAD BAR,SALAD BAR FRESH FRUIT,4.39,4,2024-12-10
32074937722,424,Member,Female,7.59,1,FD WRAPS/BAGS/TRSH BG,PLASTIC TRASH BAGS,7.59,8,2024-12-10
32074937722,424,Member,Female,2.69,1,BABY HBC,BABY WIPES,2.69,3,2024-12-10
32074937722,424,Member,Female,16.99,1,DIAPERS & DISPOSABLES,BABY DIAPERS,16.99,17,2024-12-10
32074937722,424,Member,Female,15.99,1,DIAPERS & DISPOSABLES,BABY DIAPERS,15.99,16,2024-12-10
32075058551,318,Member,Male,1.79,1,FLUID MILK PRODUCTS,FLUID MILK WHITE ONLY,1.79,2,2024-12-10
32075058551,318,Member,Male,4.69,1,ICE CREAM/MILK/SHERBTS,PREMIUM,4.69,5,2024-12-10
32075058551,318,Member,Male,7.29,1,BATH TISSUES,TOILET TISSUE,7.29,7,2024-12-10
32090957695,31862,Member,Male,3.49,1,MAGAZINE,TEEN-MAGAZINE,3.49,3,2024-12-12
32090957695,31862,Member,Male,3.49,1,MAGAZINE,TV/MOVIE-MAGAZINE,3.49,3,2024-12-12
32091131042,327,Member,Female,1.09,1,CONDIMENTS/SAUCES,SALAD MUSTARD,1.09,1,2024-12-12
32091131042,327,Member,Female,2.29,1,BAKED BREAD/BUNS/ROLLS,HOT DOG BUNS,2.29,2,2024-12-12
32091131042,327,Member,Female,1.62,1,CONDIMENTS/SAUCES,CATSUP,1.62,2,2024-12-12
32091131042,327,Member,Female,6.62,1,DELI MEATS,MEAT: TURKEY BULK,6.62,7,2024-12-12
32091261510,31401,Member,Female,2.0,2,CHEESE,CREAM CHEESE,4.0,4,2024-12-12
32091261510,31401,Member,Female,2.0,2,CHEESE,CREAM CHEESE,4.0,4,2024-12-12
32091261510,31401,Member,Female,0.88,1,SOFT DRINKS,SFT DRNK 2 LITER BTL CARB INCL,0.88,1,2024-12-12
32091261510,31401,Member,Female,0.0,0, , ,0.0,0,2024-12-12
32113831611,335,Member,Male,0.99,1,BAKED BREAD/BUNS/ROLLS,HAMBURGER BUNS,0.99,1,2024-12-13
32113831611,335,Member,Male,0.6,1,VEGETABLES - SHELF STABLE,LIMA BEANS,0.6,1,2024-12-13
32113831611,335,Member,Male,9.66,1,BEEF,CHOICE BEEF,9.66,10,2024-12-13
32113831611,335,Member,Male,3.49,1,POTATOES,POTATOES RED (BULK&BAG),3.49,3,2024-12-13
32113831611,335,Member,Male,7.99,1,DOMESTIC WINE,POPULAR 1.5LT WINES,7.99,8,2024-12-13
32113831611,335,Member,Male,5.29,1,VITAMINS,VITAMIN - MULTIPLE COMBIN,5.29,5,2024-12-13
32113831611,335,Member,Male,0.69,1,EGGS,EGGS - LARGE,0.69,1,2024-12-13
32113831611,335,Member,Male,15.99,1,BEERS/ALES,BEERALEMALT LIQUORS,15.99,16,2024-12-13
32113831611,335,Member,Male,3.99,1,SANDWICHES,SANDWICHES - (COLD),3.99,4,2024-12-13
32113831611,335,Member,Male,7.99,1,MEAT - MISC,GRND/PATTY - FROZEN,7.99,8,2024-12-13
32113831611,335,Member,Male,1.89,1,MARGARINES,MARGARINE: TUBS AND BOWLS,1.89,2,2024-12-13
32113831611,335,Member,Male,2.99,1,MISCELLANEOUS,SALADS,2.99,3,2024-12-13
32113831611,335,Member,Male,0.45,2,BEANS - CANNED GLASS & MW,VARIETY BEANS - KIDNEY PINTO,0.9,1,2024-12-13
32113831611,335,Member,Male,3.71,2,CHICKEN,CHICKEN BREAST BONELESS,7.42,7,2024-12-13
32113831611,335,Member,Male,1.09,1,VEGETABLES - SHELF STABLE,TOMATOES: STEWED/DICED/CRMD,1.09,1,2024-12-13
32113831611,335,Member,Male,3.99,2,SANDWICHES,SANDWICHES - (COLD),7.98,8,2024-12-13
32113831611,335,Member,Male,1.25,1,BLEACH,LIQUID BLEACH,1.25,1,2024-12-13
32113831611,335,Member,Male,3.79,1,BATH TISSUES,CLEANSING WIPES,3.79,4,2024-12-13
32113831611,335,Member,Male,2.04,1,PAPER TOWELS,PAPER TOWELS & HOLDERS,2.04,2,2024-12-13
32113831611,335,Member,Male,1.67,1,CHEESE,NATURAL CHEESE EXACT WT SLICES,1.67,2,2024-12-13
32113831611,335,Member,Male,0.5,2,CITRUS,ORANGES NAVELS ALL,1.0,1,2024-12-13
32113831611,335,Member,Male,2.49,1,PLASTIC HOUSEWARES,DISPOSABLE FD STORAGE CONTAINR,2.49,2,2024-12-13
32113831611,335,Member,Male,2.0,1,CHEESE,STRING CHEESE,2.0,2,2024-12-13
32113831611,335,Member,Male,0.5,1,VEGETABLES - SHELF STABLE,BEANS GREEN: FS/WHL/CUT,0.5,0,2024-12-13
32113831611,335,Member,Male,4.49,1,VITAMINS,VITAMIN - MULTIPLE COMBIN,4.49,4,2024-12-13
32113831611,335,Member,Male,2.99,1,VALUE ADDED VEGETABLES,CUT VEGETABLES ALL OTHER,2.99,3,2024-12-13
32113831611,335,Member,Male,3.99,1,SANDWICHES,SANDWICHES - (COLD),3.99,4,2024-12-13
32113831611,335,Member,Male,1.0,1,BATH TISSUES,TOILET TISSUE,1.0,1,2024-12-13
32113831611,335,Member,Male,3.34,1,SOFT DRINKS,SFT DRNK MLT-PK BTL CARB (EXCP,3.34,3,2024-12-13
32113831611,335,Member,Male,2.99,1,LAUNDRY ADDITIVES,FABRIC SOFTENER LIQUID,2.99,3,2024-12-13
32113831611,335,Member,Male,0.59,1,VEGETABLES - SHELF STABLE,TOMATO SAUCE,0.59,1,2024-12-13
32113831611,335,Member,Male,2.79,1,SUGARS/SWEETNERS,SWEETENERS,2.79,3,2024-12-13
32113831611,335,Member,Male,1.24,1,TROPICAL FRUIT,BANANAS,1.24,1,2024-12-13
32113831611,335,Member,Male,1.89,1,BAKING NEEDS,BAKING NUTS,1.89,2,2024-12-13
32113831611,335,Member,Male,3.99,1,SANDWICHES,SANDWICHES - (COLD),3.99,4,2024-12-13
32113831611,335,Member,Male,1.67,1,CHEESE,SHREDDED CHEESE,1.67,2,2024-12-13
32113831611,335,Member,Male,0.89,2,CANNED JUICES,VEG JUICE (EXCEPT TOMATO) (OVE,1.78,2,2024-12-13
32113831611,335,Member,Male,5.59,1,HAND/BODY/FACIAL PRODUCTS,FIRST AID MEDICATIONS,5.59,6,2024-12-13
32113831611,335,Member,Male,4.5,1,WATER - CARBONATED/FLVRD DRINK,SPRING WATER,4.5,4,2024-12-13
32113831611,335,Member,Male,1.0,1,FACIAL TISS/DNR NAPKIN,FACIAL TISSUE & PAPER HANDKE,1.0,1,2024-12-13
32113831611,335,Member,Male,1.0,1,FACIAL TISS/DNR NAPKIN,FACIAL TISSUE & PAPER HANDKE,1.0,1,2024-12-13
32113831611,335,Member,Male,4.29,1,HOUSEHOLD CLEANG NEEDS,TOOLS - FLOOR & FURNITURE,4.29,4,2024-12-13
32125655263,310,Member,Female,2.29,1,HISPANIC,AUTHENTIC JAPANESE FOODS,2.29,2,2024-12-14
32125655263,310,Member,Female,2.89,1,REFRGRATD JUICES/DRNKS,DAIRY CASE 100% PURE JUICE - O,2.89,3,2024-12-14
32125655263,310,Member,Female,1.62,1,FRUIT - SHELF STABLE,FRUIT BOWL AND CUPS,1.62,2,2024-12-14
32125655263,310,Member,Female,6.99,1,MEAT - MISC,THIGHS (IQF),6.99,7,2024-12-14
32125655263,310,Member,Female,4.99,1,DINNER SAUSAGE,FRESH,4.99,5,2024-12-14
32125655263,310,Member,Female,2.09,1,SPICES & EXTRACTS,SPICES & SEASONINGS,2.09,2,2024-12-14
32125655263,310,Member,Female,0.99,1,REFRGRATD JUICES/DRNKS,DAIRY CASE TEA WITH SUGAR OR S,0.99,1,2024-12-14
32125655263,310,Member,Female,1.99,1,REFRIGERATED,SOY/RICE MILK,1.99,2,2024-12-14
32125655263,310,Member,Female,1.62,1,FRUIT - SHELF STABLE,FRUIT BOWL AND CUPS,1.62,2,2024-12-14
32125655263,310,Member,Female,4.99,1,FROZEN PIZZA,SNACKS/APPETIZERS,4.99,5,2024-12-14
32125655263,310,Member,Female,1.99,2,FROZEN PIZZA,SNACKS/APPETIZERS,3.98,4,2024-12-14
32125655263,310,Member,Female,1.99,2,FROZEN PIZZA,SNACKS/APPETIZERS,3.98,4,2024-12-14
32125655263,310,Member,Female,0.79,2,FROZEN PIZZA,PIZZA/ECONOMY,1.58,2,2024-12-14
32125655263,310,Member,Female,0.79,2,FROZEN PIZZA,PIZZA/ECONOMY,1.58,2,2024-12-14
32125655263,310,Member,Female,0.79,1,FROZEN PIZZA,PIZZA/ECONOMY,0.79,1,2024-12-14
32125655263,310,Member,Female,0.79,2,FROZEN PIZZA,PIZZA/ECONOMY,1.58,2,2024-12-14
32125655263,310,Member,Female,1.5,1,DRY BN/VEG/POTATO/RICE,RICE SIDE DISH MIXES DRY,1.5,2,2024-12-14
32149445389,361,Member,Female,1.195,2,ANALGESICS,ADULT ANALGESICS,2.39,2,2024-12-16
32149713223,298,Member,Male,0.89,1,STATIONERY & SCHOOL SUPPLIES,TAPE & MAILING PRODUCTS,0.89,1,2024-12-16
32149713223,298,Member,Male,2.99,1,ELECTRICAL SUPPPLIES,FINISHED ELECTRICAL,2.99,3,2024-12-16
32161491523,319,Member,Female,0.5,8,VEGETABLES - SHELF STABLE,SPINACH & GREENS,4.0,4,2024-12-17
32161491523,319,Member,Female,1.89,1,MARGARINES,MARGARINE: TUBS AND BOWLS,1.89,2,2024-12-17
32161491523,319,Member,Female,11.99,1,FRZN MEAT/MEAT DINNERS,FRZN MULTI SERVE ENTREES ALL,11.99,12,2024-12-17
32161491523,319,Member,Female,4.99,1,SEAFOOD - FROZEN,SEAFOOD-FRZ-RAW FILLETS,4.99,5,2024-12-17
32161491523,319,Member,Female,2.24,1,HISPANIC,ORIENTAL OTHER SAUCES MARINAD,2.24,2,2024-12-17
32161491523,319,Member,Female,1.99,1,BAG SNACKS,POTATO CHIPS,1.99,2,2024-12-17
32161491523,319,Member,Female,1.6666666666666667,3,FRZN VEGETABLE/VEG DSH,FRZN BAGGED VEGETABLES- VALUE,5.0,5,2024-12-17
32161491523,319,Member,Female,0.5,6,VEGETABLES - SHELF STABLE,BEETS,3.0,3,2024-12-17
32161491523,319,Member,Female,0.5,4,VEGETABLES - SHELF STABLE,SPINACH & GREENS,2.0,2,2024-12-17
32161491523,319,Member,Female,2.29,2,BAG SNACKS,BAGGED POPPED POPCORN,4.58,5,2024-12-17
32161491523,319,Member,Female,1.0,1,FRZN VEGETABLE/VEG DSH,FRZN BAGGED VEGETABLES - PLAIN,1.0,1,2024-12-17
32161525450,289,Member,Female,1.69,1,FRUIT - SHELF STABLE,APPLE SAUCE,1.69,2,2024-12-17
32161525450,289,Member,Female,1.0,1,MEAT - SHELF STABLE,PASTA: CANNED,1.0,1,2024-12-17
32161525450,289,Member,Female,1.0,2,MEAT - SHELF STABLE,PASTA: CANNED,2.0,2,2024-12-17
32161525450,289,Member,Female,2.09,1,PREPARED FOOD,PREP FD: SIDE DISHES (HOT),2.09,2,2024-12-17
32161525450,289,Member,Female,5.15,1,SALAD BAR,SALAD BAR FRESH FRUIT,5.15,5,2024-12-17
32161525450,289,Member,Female,1.89,1,FRUIT - SHELF STABLE,APPLE SAUCE,1.89,2,2024-12-17
32161525450,289,Member,Female,0.29,2,SALAD BAR,CONDIMENTS/SUPPLIES,0.58,1,2024-12-17
32186382338,31862,Normal,Female,16.49,1,BEERS/ALES,BEERALEMALT LIQUORS,16.49,16,2024-12-19
32186638357,292,Member,Male,0.88,1,BAKED BREAD/BUNS/ROLLS,HAMBURGER BUNS,0.88,1,2024-12-19
32186638357,292,Member,Male,1.49,1,CITRUS,LIMES,1.49,1,2024-12-19
32186638357,292,Member,Male,1.0,2,FRZN VEGETABLE/VEG DSH,FRZN BAGGED VEGETABLES - PLAIN,2.0,2,2024-12-19
32186638357,292,Member,Male,4.995,2,SEAFOOD - FROZEN,SEAFOOD-FRZ-IQF RAW SHRIMP RW,9.99,10,2024-12-19
32186638357,292,Member,Male,0.33,1,CARROTS,CARROTS - BULK,0.33,0,2024-12-19
32186638357,292,Member,Male,1.71,1,VEGETABLES - ALL OTHERS,CABBAGE,1.71,2,2024-12-19
32186638357,292,Member,Male,0.97,1,TROPICAL FRUIT,BANANAS,0.97,1,2024-12-19
32186638357,292,Member,Male,1.99,1,BROCCOLI/CAULIFLOWER,CAULIFLOWER WHOLE,1.99,2,2024-12-19
32186638357,292,Member,Male,1.0,5,FLUID MILK PRODUCTS,FLUID MILK WHITE ONLY,5.0,5,2024-12-19
32186638357,292,Member,Male,2.49,1,FROZEN PIZZA,PIZZA/PREMIUM,2.49,2,2024-12-19
32186638357,292,Member,Male,1.99,1,BAKED SWEET GOODS,SW GDS:DONUTS,1.99,2,2024-12-19
32186654081,384,Member,Male,4.99,2,SEAFOOD-FRESH,SEAFOOD-FRE-NON RW-ALL,9.98,10,2024-12-19
32186654081,384,Member,Male,2.0,1,SEAFOOD - MISC,SEAFOOD-MISC-SAUCES/MARIN-WET,2.0,2,2024-12-19
32186654081,384,Member,Male,3.5,6,BEEF,STUFFED/MIXED BEEF,21.0,21,2024-12-19
32186654081,384,Member,Male,1.663333333333333,3,FROZEN PIZZA,SANDWICHES&HANDHELDS,4.99,5,2024-12-19
32186654081,384,Member,Male,2.49,2,FLUID MILK PRODUCTS,FLUID MILK WHITE ONLY,4.98,5,2024-12-19
32186654081,384,Member,Male,1.67,3,FROZEN PIZZA,SANDWICHES&HANDHELDS,5.01,5,2024-12-19
32186654081,384,Member,Male,3.49,2,SALAD MIX,KITS,6.98,7,2024-12-19
32231071747,340,Member,Female,0.82,1,VEGETABLES - ALL OTHERS,BEANS,0.82,1,2024-12-22
32231071747,340,Member,Female,0.4,2,CORN,CORN YELLOW,0.8,1,2024-12-22
32231071747,340,Member,Female,0.29,1,VEGETABLES - ALL OTHERS,GREENS,0.29,0,2024-12-22
32231071747,340,Member,Female,1.07,1,SQUASH,SQUASH ZUCCHINI,1.07,1,2024-12-22
32231071747,340,Member,Female,1.47,1,BEEF,FLANK,1.47,1,2024-12-22
32231621836,309,Normal,Female,3.19,1,COLD CEREAL,ALL FAMILY CEREAL,3.19,3,2024-12-23
32231621836,309,Normal,Female,4.49,1,CHEESE,IWS SINGLE CHEESE,4.49,4,2024-12-23
32231621836,309,Normal,Female,0.6,4,YOGURT,YOGURT NOT MULTI-PACKS,2.4,2,2024-12-23
32231621836,309,Normal,Female,5.09,1,VITAMINS,VITAMIN - INDIVIDUAL,5.09,5,2024-12-23
32231621836,309,Normal,Female,2.5,1,CANNED JUICES,BLENDED JUICE&COMBINATIONS (50,2.5,2,2024-12-23
32231621836,309,Normal,Female,0.6,4,YOGURT,YOGURT NOT MULTI-PACKS,2.4,2,2024-12-23
32231621836,309,Normal,Female,0.66,6,SOUP,CONDENSED SOUP,3.96,4,2024-12-23
32231621836,309,Normal,Female,3.15,1,SALD DRSNG/SNDWCH SPRD,SEMI-SOLID SALAD DRESSING MAY,3.15,3,2024-12-23
32231621836,309,Normal,Female,3.23,1,VITAMINS,VITAMIN - MULTIPLE COMBIN,3.23,3,2024-12-23
32231621836,309,Normal,Female,2.69,1,FLUID MILK PRODUCTS,FLUID MILK WHITE ONLY,2.69,3,2024-12-23
32231621836,309,Normal,Female,0.6,1,YOGURT,YOGURT NOT MULTI-PACKS,0.6,1,2024-12-23
32231621836,309,Normal,Female,1.89,1,CHEESE,CREAM CHEESE,1.89,2,2024-12-23
32231621836,309,Normal,Female,0.6,1,YOGURT,YOGURT NOT MULTI-PACKS,0.6,1,2024-12-23
32231621836,309,Normal,Female,0.6,2,YOGURT,YOGURT NOT MULTI-PACKS,1.2,1,2024-12-23
32231621836,309,Normal,Female,0.6,1,YOGURT,YOGURT NOT MULTI-PACKS,0.6,1,2024-12-23
32231621836,309,Normal,Female,4.69,1,EYE AND EAR CARE PRODUCTS,GENERAL EYE CARE,4.69,5,2024-12-23
32231621836,309,Normal,Female,1.99,1,ISOTONIC DRINKS,ISOTONIC DRINKS MULTI-SERVE,1.99,2,2024-12-23
32258525430,429,Member,Female,6.49,1,BATH TISSUES,TOILET TISSUE,6.49,6,2024-12-24
32258525430,429,Member,Female,3.84,2,CIGARETTES,CIGARETTES,7.68,8,2024-12-24
32258525430,429,Member,Female,2.59,1,ORAL HYGIENE PRODUCTS,TOOTHPASTE,2.59,3,2024-12-24
32258525430,429,Member,Female,8.79,1,SUNTAN,SUNTAN PRODUCTS W/O SPF,8.79,9,2024-12-24
32259077516,323,Member,Male,0.0023573785950023,2121,COUPON/MISC ITEMS,GASOLINE-REG UNLEADED,5.0,5,2024-12-25
32259634416,330,Member,Female,1.74,1,FRZN MEAT/MEAT DINNERS,FRZN SS PREMIUM ENTREES/DNRS/T,1.74,2,2024-12-26
32259634416,330,Member,Female,1.74,1,FRZN MEAT/MEAT DINNERS,FRZN SS PREMIUM ENTREES/DNRS/T,1.74,2,2024-12-26
32259634416,330,Member,Female,2.5,1,SOFT DRINKS,SOFT DRINKS 12/18&15PK CAN CAR,2.5,2,2024-12-26
32269566833,31642,Member,Female,1.79,1,WAREHOUSE SNACKS,MISC SNACKS,1.79,2,2024-12-27
32269566833,31642,Member,Female,0.79,3,VEGETABLES - ALL OTHERS,CUCUMBERS,2.37,2,2024-12-27
32269566833,31642,Member,Female,1.19,2,DRY NOODLES/PASTA,MACARONI DRY,2.38,2,2024-12-27
32269566833,31642,Member,Female,2.5,1,SALD DRSNG/SNDWCH SPRD,POURABLE SALAD DRESSINGS,2.5,2,2024-12-27
32269566833,31642,Member,Female,2.69,1,FLUID MILK PRODUCTS,FLUID MILK WHITE ONLY,2.69,3,2024-12-27
32269566833,31642,Member,Female,2.5,1,SOFT DRINKS,SOFT DRINKS 12/18&15PK CAN CAR,2.5,2,2024-12-27
32269566833,31642,Member,Female,0.88,1,CANDY - PACKAGED,CANDY BARS (MULTI PACK),0.88,1,2024-12-27
32269566833,31642,Member,Female,0.99,3,BEERS/ALES,BEERALEMALT LIQUORS,2.97,3,2024-12-27
32269867061,359,Member,Female,0.52,2,BABY FOODS,BABY FOOD - BEGINNER,1.04,1,2024-12-27
32269867061,359,Member,Female,0.7,2,BABY FOODS,BABY FOOD - BEGINNER,1.4,1,2024-12-27
32269867061,359,Member,Female,3.99,1,CARROTS,CARROTS BAGGED,3.99,4,2024-12-27
32269867061,359,Member,Female,3.0,1,FRZN MEAT/MEAT DINNERS,FRZN SS PREMIUM ENTREES/DNRS/N,3.0,3,2024-12-27
32269867061,359,Member,Female,2.99,1,REFRIGERATED,VEGETARIAN MISC,2.99,3,2024-12-27
32269867061,359,Member,Female,2.5,1,SALAD MIX,BLENDS,2.5,2,2024-12-27
32269867061,359,Member,Female,0.52,2,BABY FOODS,BABY FOOD - BEGINNER,1.04,1,2024-12-27
32269867061,359,Member,Female,2.5,1,FRZN MEAT/MEAT DINNERS,FRZN SS PREMIUM ENTREES/DNRS/N,2.5,2,2024-12-27
32269867061,359,Member,Female,0.6,2,YOGURT,YOGURT NOT MULTI-PACKS,1.2,1,2024-12-27
32269867061,359,Member,Female,2.0,1,FRZN MEAT/MEAT DINNERS,FRZN SS PREMIUM ENTREES/DNRS/N,2.0,2,2024-12-27
32269867061,359,Member,Female,2.42,2,CHICKEN,CHICKEN BREAST BONELESS,4.84,5,2024-12-27
32269867061,359,Member,Female,0.6,3,YOGURT,YOGURT NOT MULTI-PACKS,1.8,2,2024-12-27
32269867061,359,Member,Female,4.5,1,FROZEN PIZZA,PIZZA/PREMIUM,4.5,4,2024-12-27
32269867061,359,Member,Female,0.6,5,YOGURT,YOGURT NOT MULTI-PACKS,3.0,3,2024-12-27
32269867061,359,Member,Female,0.7,2,BABY FOODS,BABY FOOD JUNIOR ALL BRANDS,1.4,1,2024-12-27
32269867061,359,Member,Female,2.99,2,POPCORN,POPCORN - MICROWAVE,5.98,6,2024-12-27
32269867061,359,Member,Female,1.99,1,GREETING CARDS/WRAP/PARTY SPLY,CARDS EVERYDAY,1.99,2,2024-12-27
32269867061,359,Member,Female,1.29,1,TROPICAL FRUIT,AVOCADO,1.29,1,2024-12-27
32269867061,359,Member,Female,2.11,1,ONIONS,ONIONS SWEET (BULK&BAG),2.11,2,2024-12-27
32269867061,359,Member,Female,3.99,1,HAIR CARE ACCESSORIES,HAIR BARRETTES TAILERS,3.99,4,2024-12-27
32269867061,359,Member,Female,2.0,2,FRZN MEAT/MEAT DINNERS,FRZN SS PREMIUM ENTREES/DNRS/N,4.0,4,2024-12-27
32269867061,359,Member,Female,2.89,1,CONDIMENTS/SAUCES,HOT MUSTARD/SPECIALTY MUSTAR,2.89,3,2024-12-27
32269867061,359,Member,Female,2.67,1,FRZN MEAT/MEAT DINNERS,FRZN SS PREMIUM ENTREES/DNRS/N,2.67,3,2024-12-27
32269867061,359,Member,Female,3.0,1,FRZN MEAT/MEAT DINNERS,FRZN SS PREMIUM ENTREES/DNRS/N,3.0,3,2024-12-27
32269867061,359,Member,Female,2.79,1,FRZN BREAKFAST FOODS,WAFFLES/PANCAKES/FRENCH TOAST,2.79,3,2024-12-27
32269867061,359,Member,Female,0.42,2,BABY FOODS,BABY FOOD - BEGINNER,0.84,1,2024-12-27
32269867061,359,Member,Female,1.0,2,FROZEN BREAD/DOUGH,FRZN BAGELS,2.0,2,2024-12-27
32269867061,359,Member,Female,2.69,1,YOGURT,YOGURT NOT MULTI-PACKS,2.69,3,2024-12-27
32269867061,359,Member,Female,3.99,1,TOMATOES,TOMATOES COCKTAIL,3.99,4,2024-12-27
32269867061,359,Member,Female,2.99,1,CEREAL/BREAKFAST,CEREAL - COLD,2.99,3,2024-12-27
32269867061,359,Member,Female,0.0,0, , ,0.0,0,2024-12-27
32269867061,359,Member,Female,2.29,1,CONDIMENTS/SAUCES,HOT MUSTARD/SPECIALTY MUSTAR,2.29,2,2024-12-27
32269867061,359,Member,Female,2.89,1,REFRGRATD JUICES/DRNKS,DAIRY CASE 100% PURE JUICE - O,2.89,3,2024-12-27
32269867061,359,Member,Female,2.0,2,FRZN POTATOES,FRZN BAKED/STUFFED/MASHED&SPEC,4.0,4,2024-12-27
32269867061,359,Member,Female,1.66,1,DRY NOODLES/PASTA,SPAGHETTI DRY,1.66,2,2024-12-27
32269867061,359,Member,Female,1.67,2,DRY NOODLES/PASTA,NOODLES DRY,3.34,3,2024-12-27
32269867061,359,Member,Female,4.5,1,FROZEN PIZZA,PIZZA/PREMIUM,4.5,4,2024-12-27
32269867061,359,Member,Female,0.39,2,BABY FOODS,BABY FOOD JUNIOR ALL BRANDS,0.78,1,2024-12-27
32269867061,359,Member,Female,0.39,2,BABY FOODS,BABY FOOD JUNIOR ALL BRANDS,0.78,1,2024-12-27
32269867061,359,Member,Female,13.99,1,DIAPERS & DISPOSABLES,BABY DIAPERS,13.99,14,2024-12-27
32269867061,359,Member,Female,3.5,2,FRZN MEAT/MEAT DINNERS,FRZN SS PREMIUM ENTREES/DNRS/N,7.0,7,2024-12-27
32269867061,359,Member,Female,2.79,1,SOAP - LIQUID & BAR,BODY WASH,2.79,3,2024-12-27
32269867061,359,Member,Female,4.75,1,BEEF,CHOICE BEEF,4.75,5,2024-12-27
32269867061,359,Member,Female,1.99,1,INFANT CARE PRODUCTS,MISC. INFANT SUPPLY,1.99,2,2024-12-27
32269867061,359,Member,Female,2.49,1,ORGANICS FRUIT & VEGETABLES,ORGANIC HERBS,2.49,2,2024-12-27
32269867061,359,Member,Female,2.0,2,FRZN MEAT/MEAT DINNERS,FRZN SS PREMIUM ENTREES/DNRS/N,4.0,4,2024-12-27
32270032986,324,Normal,Male,1.0,1,SOFT DRINKS,SFT DRNK SNGL SRV BTL CARB (EX,1.0,1,2024-12-28
32270032986,324,Normal,Male,0.99,1,FEMININE HYGIENE,FEM. HYGN.NAPKINS,0.99,1,2024-12-28
32270032986,324,Normal,Male,1.99,1,BATH TISSUES,CLEANSING WIPES,1.99,2,2024-12-28
32305177258,427,Member,Female,1.59,1,BLEACH,LIQUID BLEACH,1.59,2,2024-12-28
32408405938,309,Member,Male,3.29,1,REFRIGERATED,SOY/RICE MILK,3.29,3,2024-12-30
32408405938,309,Member,Male,2.99,1,CHIPS&SNACKS,POTATO CHIPS,2.99,3,2024-12-30
32408405938,309,Member,Male,1.5,1,BAKED BREAD/BUNS/ROLLS,BAGELS,1.5,2,2024-12-30
32408700129,288,Member,Female,1.99,1,SOUP,RTS SOUP: CHUNKY/HOMESTYLE ET,1.99,2,2024-12-30
32408700129,288,Member,Female,0.99,2,SOUP,CONDENSED SOUP,1.98,2,2024-12-30
32408700129,288,Member,Female,11.99,1,FRZN MEAT/MEAT DINNERS,FRZN MULTI SERVE ENTREES ALL,11.99,12,2024-12-30
32408700129,288,Member,Female,5.99,1,WAREHOUSE SNACKS,MEAT SNACKS,5.99,6,2024-12-30
32408700129,288,Member,Female,1.0,1,DINNER MXS:DRY,MACARONI & CHEESE DNRS,1.0,1,2024-12-30
32408700129,288,Member,Female,1.0,1,REFRGRATD JUICES/DRNKS,DAIRY CASE FRUIT DRINKS (NO JU,1.0,1,2024-12-30
32408700129,288,Member,Female,1.335,2,SOFT DRINKS,SFT DRNK 2 LITER BTL CARB INCL,2.67,3,2024-12-30
32408700129,288,Member,Female,5.99,1,SOFT DRINKS,SOFT DRINKS 20PK&24PK CAN CARB,5.99,6,2024-12-30
32408700129,288,Member,Female,4.0,2,SOFT DRINKS,SOFT DRINKS 12/18&15PK CAN CAR,8.0,8,2024-12-30
32408700129,288,Member,Female,2.99,1,BAG SNACKS,TORTILLA/NACHO CHIPS,2.99,3,2024-12-30
32408970114,414,Member,Female,0.5,2,BREAKFAST SWEETS,SW GDS:DONUTS,1.0,1,2024-12-30
32408970114,414,Member,Female,0.5,1,NEWSPAPER,NEWSPAPER,0.5,0,2024-12-30
32408970114,414,Member,Female,0.5,1,NO COMMODITY DESCRIPTION,NO SUBCOMMODITY DESCRIPTION,0.5,0,2024-12-30
32408970114,414,Member,Female,0.75,1,NEWSPAPER,NEWSPAPER,0.75,1,2024-12-30
32444681658,330,Normal,Female,20.0,1,FUEL,GASOLINE-REG UNLEADED,20.0,20,2025-01-01
32444681658,330,Normal,Female,3.56,1,CIGARETTES,CIGARETTES,3.56,4,2025-01-01
32444855442,436,Member,Male,1.89,1,MARGARINES,MARGARINE: TUBS AND BOWLS,1.89,2,2025-01-01
32444855442,436,Member,Male,1.0,1,REFRGRATD JUICES/DRNKS,DAIRY CASE 100% PURE JUICE - O,1.0,1,2025-01-01
32444855442,436,Member,Male,1.0,2,BAKED SWEET GOODS,SNACK CAKE - MULTI PACK,2.0,2,2025-01-01
32444855442,436,Member,Male,1.0,2,FLUID MILK PRODUCTS,FLUID MILK WHITE ONLY,2.0,2,2025-01-01
32444855442,436,Member,Male,1.0,1,ICE CREAM/MILK/SHERBTS,PREMIUM PINTS,1.0,1,2025-01-01
32444855442,436,Member,Male,1.0,1,ICE CREAM/MILK/SHERBTS,PREMIUM PINTS,1.0,1,2025-01-01
32445297244,327,Member,Female,1.0,1,MEAT - SHELF STABLE,MICROWAVABLE CUPS,1.0,1,2025-01-02
32445297244,327,Member,Female,3.99,1,FRZN MEAT/MEAT DINNERS,FRZN MULTI SERVE ENTREES ALL,3.99,4,2025-01-02
32445297244,327,Member,Female,3.69,1,GREETING CARDS/WRAP/PARTY SPLY,CARDS EVERYDAY,3.69,4,2025-01-02
32445297244,327,Member,Female,2.0,1,FRZN POTATOES,FRZN HASHBROWN POTATOES,2.0,2,2025-01-02
32445297244,327,Member,Female,2.0,1,FRZN BREAKFAST FOODS,FRZN BREAKFAST PASTRY,2.0,2,2025-01-02
32445297244,327,Member,Female,1.0,1,DRY MIX DESSERTS,PUDDING&GELATIN CUPS/CANS,1.0,1,2025-01-02
32445297244,327,Member,Female,0.88,1,BAKING MIXES,LAYER CAKE MIX,0.88,1,2025-01-02
32445297244,327,Member,Female,2.0,1,FRZN BREAKFAST FOODS,FRZN BREAKFAST PASTRY,2.0,2,2025-01-02
32445297244,327,Member,Female,1.0,1,MEAT - SHELF STABLE,MICROWAVABLE CUPS,1.0,1,2025-01-02
32445297244,327,Member,Female,3.29,1,GREETING CARDS/WRAP/PARTY SPLY,CARDS EVERYDAY,3.29,3,2025-01-02
32445297244,327,Member,Female,0.69,2,DINNER MXS:DRY,MACARONI & CHEESE DNRS,1.38,1,2025-01-02
32445297244,327,Member,Female,1.0,1,FRZN NOVELTIES/WTR ICE,WATER ICE,1.0,1,2025-01-02
32445297244,327,Member,Female,0.88,1,BAKING MIXES,LAYER CAKE MIX,0.88,1,2025-01-02
32445297244,327,Member,Female,2.0,1,CRACKERS/MISC BKD FD,CHEESE CRACKERS (CHEEZ-ITS/GOL,2.0,2,2025-01-02
32445297244,327,Member,Female,1.5,1,DRY BN/VEG/POTATO/RICE,DRY BEANS/PEAS/BARLEY: BAG & B,1.5,2,2025-01-02
32445297244,327,Member,Female,1.0,1,MEAT - SHELF STABLE,MICROWAVABLE CUPS,1.0,1,2025-01-02
32445297244,327,Member,Female,1.0,1,DRY MIX DESSERTS,PUDDING&GELATIN CUPS/CANS,1.0,1,2025-01-02
32445297244,327,Member,Female,3.59,1,BREAKFAST SAUSAGE/SANDWICHES,SANDWICHES/BISCUITS/GRAVY,3.59,4,2025-01-02
32445297244,327,Member,Female,2.69,1,FRUIT - SHELF STABLE,MANDARIN ORANGES/CITRUS SECT,2.69,3,2025-01-02
32445297244,327,Member,Female,2.89,1,CRACKERS/MISC BKD FD,SOUP CRACKERS (SALTINE/OYSTER),2.89,3,2025-01-02
32445297244,327,Member,Female,1.69,1,REFRGRATD DOUGH PRODUCTS,REFRIGERATED BISCUITS REGULAR,1.69,2,2025-01-02
32445297244,327,Member,Female,2.5,1,SALD DRSNG/SNDWCH SPRD,SANDWICH SAUCE HORSERADISH SA,2.5,2,2025-01-02
32445297244,327,Member,Female,1.0,1,DRY MIX DESSERTS,PUDDING&GELATIN CUPS/CANS,1.0,1,2025-01-02
32445297244,327,Member,Female,1.0,1,DRY MIX DESSERTS,PUDDING&GELATIN CUPS/CANS,1.0,1,2025-01-02
32445297244,327,Member,Female,1.99,1,CRACKERS/MISC BKD FD,CHEESE CRACKERS (CHEEZ-ITS/GOL,1.99,2,2025-01-02
32445297244,327,Member,Female,1.67,1,CONVENIENT BRKFST/WHLSM SNACKS,GRANOLA BARS,1.67,2,2025-01-02
32445297244,327,Member,Female,1.0,1,CONDIMENTS/SAUCES,BBQ SAUCE,1.0,1,2025-01-02
32445297244,327,Member,Female,2.0,1,FRZN BREAKFAST FOODS,FRZN BREAKFAST ENTREES/SANDWIC,2.0,2,2025-01-02
32445297244,327,Member,Female,2.0,1,FRZN BREAKFAST FOODS,FRZN BREAKFAST ENTREES/SANDWIC,2.0,2,2025-01-02
32445297244,327,Member,Female,1.0,1,SMOKED MEATS,HAM- NET WEIGHT,1.0,1,2025-01-02
32445456747,410,Member,Male,8.49,1,BEERS/ALES,BEERALEMALT LIQUORS,8.49,8,2025-01-02
32445456747,410,Member,Male,7.99,1,BEERS/ALES,BEERALEMALT LIQUORS,7.99,8,2025-01-02
32445456747,410,Member,Male,1.32,1,PAPER HOUSEWARES,FOAM PLATES,1.32,1,2025-01-02
32446222736,324,Member,Female,1.67,1,CONVENIENT BRKFST/WHLSM SNACKS,CEREAL BARS,1.67,2,2025-01-03
32446222736,324,Member,Female,1.99,1,ICE CREAM/MILK/SHERBTS,TRADITIONAL,1.99,2,2025-01-03
32446222736,324,Member,Female,1.0,2,FLUID MILK PRODUCTS,FLUID MILK WHITE ONLY,2.0,2,2025-01-03
32446222736,324,Member,Female,0.61,1,TROPICAL FRUIT,BANANAS,0.61,1,2025-01-03
32493235143,414,Member,Female,0.5,1,BREAKFAST SWEETS,SW GDS:DONUTS,0.5,0,2025-01-05
32493235143,414,Member,Female,0.5,1,NEWSPAPER,NEWSPAPER,0.5,0,2025-01-05
32493235143,414,Member,Female,0.75,1,NEWSPAPER,NEWSPAPER,0.75,1,2025-01-05
32493235143,414,Member,Female,0.5,1,NO COMMODITY DESCRIPTION,NO SUBCOMMODITY DESCRIPTION,0.5,0,2025-01-05
32493421058,382,Normal,Female,0.0023990403838464,12505,COUPON/MISC ITEMS,GASOLINE-REG UNLEADED,30.0,30,2025-01-05
32556930762,433,Member,Male,0.0026391027050802,9094,COUPON/MISC ITEMS,GASOLINE-REG UNLEADED,24.0,24,2025-01-09
32602526031,352,Member,Female,0.79,1,CONDIMENTS/SAUCES,BBQ SAUCE,0.79,1,2025-01-12
32602526031,352,Member,Female,6.99,1,FROZEN MEAT,FRZN BURGERS/BBQ/MEATBALL,6.99,7,2025-01-12
32602526031,352,Member,Female,7.99,1,DIAPERS & DISPOSABLES,BABY DIAPERS,7.99,8,2025-01-12
32602526031,352,Member,Female,2.69,2,BACON,PRE-COOKED,5.38,5,2025-01-12
32602526031,352,Member,Female,7.99,1,CAKES,CAKES: LAYERS,7.99,8,2025-01-12
32629960436,297,Member,Female,1.09,1,VEGETABLES - SHELF STABLE,BEANS GREEN: FS/WHL/CUT,1.09,1,2025-01-14
32629960436,297,Member,Female,1.99,2,LUNCHMEAT,POULTRY,3.98,4,2025-01-14
32629960436,297,Member,Female,1.19,2,DRY SAUCES/GRAVY,SAUCE MIXES GRAVY MIXES DRY,2.38,2,2025-01-14
32629960436,297,Member,Female,1.5,1,BAKED BREAD/BUNS/ROLLS,MAINSTREAM WHEAT/MULTIGRAIN BR,1.5,2,2025-01-14
32629960436,297,Member,Female,0.44,2,VEGETABLES - SHELF STABLE,CORN,0.88,1,2025-01-14
32629960436,297,Member,Female,0.43,1,CHEESES,CHEESE: PROCESSED BULK,0.43,0,2025-01-14
32629960436,297,Member,Female,2.0,1,BACON,BETTER FOR YOU,2.0,2,2025-01-14
32629960436,297,Member,Female,2.19,1,CHEESE,IWS SINGLE CHEESE,2.19,2,2025-01-14
32629960436,297,Member,Female,2.39,1,BAG SNACKS,DIPS (NON-REFRIGERATED),2.39,2,2025-01-14
32629960436,297,Member,Female,2.99,1,TEAS,TEA BAGS HERBAL & FLAVORED,2.99,3,2025-01-14
32629960436,297,Member,Female,0.79,1,EGGS,EGGS - X-LARGE,0.79,1,2025-01-14
32629960436,297,Member,Female,1.5,2,BAKING MIXES,FROSTING,3.0,3,2025-01-14
32629960436,297,Member,Female,1.67,1,FROZEN BREAD/DOUGH,FRZN GARLIC BREAD/TOAST/STICKS,1.67,2,2025-01-14
32629960436,297,Member,Female,2.0,1,REFRGRATD DOUGH PRODUCTS,REFRIGERATED COOKIES-CHUB,2.0,2,2025-01-14
32629960436,297,Member,Female,1.79,1,SHORTENING/OIL,CANOLA OILS,1.79,2,2025-01-14
32629960436,297,Member,Female,2.29,1,FROZEN PIZZA,SANDWICHES&HANDHELDS,2.29,2,2025-01-14
32629960436,297,Member,Female,3.29,1,FROZEN MEAT,CORN DOGS,3.29,3,2025-01-14
32629960436,297,Member,Female,2.0,1,REFRGRATD DOUGH PRODUCTS,REFRIGERATED COOKIES-BREAK N B,2.0,2,2025-01-14
32629960436,297,Member,Female,0.99,2,BAKING MIXES,LAYER CAKE MIX,1.98,2,2025-01-14
32629960436,297,Member,Female,3.18,1,BEEF,LEAN,3.18,3,2025-01-14
32671011719,396,Member,Male,0.99,2,SOUP,BROTH,1.98,2,2025-01-15
32671737891,333,Member,Male,1.995,2,HOT DOGS,PREMIUM - BEEF,3.99,4,2025-01-16
32672151153,311,Member,Male,2.99,1,HEAT/SERVE,CHICKEN-FULLY COOKED,2.99,3,2025-01-17
32672151153,311,Member,Male,0.69,3,VEGETABLES - ALL OTHERS,CUCUMBERS,2.07,2,2025-01-17
32672151153,311,Member,Male,1.5,2,SOFT DRINKS,ENERGY DRINK,3.0,3,2025-01-17
32672151153,311,Member,Male,1.31,1,GRAPES,GRAPES RED,1.31,1,2025-01-17
32672151153,311,Member,Male,1.99,1,CONDIMENTS/SAUCES,BBQ SAUCE,1.99,2,2025-01-17
32672151153,311,Member,Male,4.67,1,CHICKEN,CHICKEN BREAST BONELESS,4.67,5,2025-01-17
32672151153,311,Member,Male,3.99,1,POTATOES,POTATOES RUSSET (BULK&BAG),3.99,4,2025-01-17
32672151153,311,Member,Male,0.99,1,VEGETABLES SALAD,HEAD LETTUCE,0.99,1,2025-01-17
32672151153,311,Member,Male,25.19,1,CIGARETTES,CIGARETTES,25.19,25,2025-01-17
32672151153,311,Member,Male,2.48,1,MILK BY-PRODUCTS,COTTAGE CHEESE,2.48,2,2025-01-17
32672151153,311,Member,Male,0.88,1,CHEESE,CREAM CHEESE,0.88,1,2025-01-17
32672151153,311,Member,Male,1.16,1,MILK BY-PRODUCTS,SOUR CREAMS,1.16,1,2025-01-17
32672151153,311,Member,Male,1.5,2,BAKED BREAD/BUNS/ROLLS,BAGELS,3.0,3,2025-01-17
32672458206,438,Normal,Female,3.19,1,BAG SNACKS,POTATO CHIPS,3.19,3,2025-01-17
32672458206,438,Normal,Female,4.15,1,DELI MEATS,MEAT:HAM BULK,4.15,4,2025-01-17
32672458206,438,Normal,Female,1.0,2,CHEESE,IWS SINGLE CHEESE,2.0,2,2025-01-17
32672458206,438,Normal,Female,3.46,1,DELI MEATS,MEAT: LUNCHMEAT BULK,3.46,3,2025-01-17
32672458206,438,Normal,Female,3.34,1,SOFT DRINKS,SOFT DRINKS 12/18&15PK CAN CAR,3.34,3,2025-01-17
32704496878,358,Member,Male,1.19,1,COCOA MIXES,MALTED MLK/SYRUP/PWDRS (EGGNOG,1.19,1,2025-01-18
32704496878,358,Member,Male,1.67,1,CHEESE,SHREDDED CHEESE,1.67,2,2025-01-18
32704496878,358,Member,Male,1.79,1,MEAT - SHELF STABLE,CHILI: CANNED,1.79,2,2025-01-18
32704496878,358,Member,Male,2.5,1,HOT DOGS,KOSHER/SPECIALTY,2.5,2,2025-01-18
32704496878,358,Member,Male,1.89,1,BAKED BREAD/BUNS/ROLLS,HOT DOG BUNS,1.89,2,2025-01-18
32704496878,358,Member,Male,3.44,1,CIGARETTES,CIGARETTES,3.44,3,2025-01-18
32704496878,358,Member,Male,2.69,1,FLUID MILK PRODUCTS,FLUID MILK WHITE ONLY,2.69,3,2025-01-18
32704496878,358,Member,Male,1.39,1,MEAT - SHELF STABLE,PASTA: CANNED,1.39,1,2025-01-18
32704496878,358,Member,Male,1.49,1,SOUP,CONDENSED SOUP,1.49,1,2025-01-18
32715866823,368,Member,Male,3.0,1,FROZEN PIZZA,PIZZA/PREMIUM,3.0,3,2025-01-18
32715866823,368,Member,Male,1.5,1,BAKED BREAD/BUNS/ROLLS,HOT DOG BUNS,1.5,2,2025-01-18
32715866823,368,Member,Male,1.79,2,MEAT - SHELF STABLE,CHILI: CANNED,3.58,4,2025-01-18
32715866823,368,Member,Male,1.0,2,SOFT DRINKS,SFT DRNK 2 LITER BTL CARB INCL,2.0,2,2025-01-18
32715866823,368,Member,Male,5.29,1,DOG FOODS,DRY DOG FOOD SUPER PREM (ONE/N,5.29,5,2025-01-18
32715866823,368,Member,Male,4.99,1,BREAKFAST SAUSAGE/SANDWICHES,SANDWICHES/BISCUITS/GRAVY,4.99,5,2025-01-18
32715866823,368,Member,Male,0.99,1,HOT DOGS,ECONOMY - MEAT,0.99,1,2025-01-18
32715866823,368,Member,Male,1.0,1,SOFT DRINKS,SFT DRNK 2 LITER BTL CARB INCL,1.0,1,2025-01-18
32715866823,368,Member,Male,1.49,1,BEANS - CANNED GLASS & MW,PREPARED BEANS - BAKED W/PORK,1.49,1,2025-01-18
32715866823,368,Member,Male,3.69,1,BAKED SWEET GOODS,SWEET GOODS - FULL SIZE,3.69,4,2025-01-18
32715866823,368,Member,Male,3.0,1,FROZEN PIZZA,PIZZA/PREMIUM,3.0,3,2025-01-18
32715960475,335,Member,Female,0.0028595939376608,6994,COUPON/MISC ITEMS,GASOLINE-REG UNLEADED,20.0,20,2025-01-19
32744170661,296,Member,Male,3.99,1,HAIR CARE PRODUCTS,HAIR COLOR AND DEVELOPERS,3.99,4,2025-01-21
32744187836,31642,Member,Female,2.39,1,MILK BY-PRODUCTS,COTTAGE CHEESE,2.39,2,2025-01-21
32744187836,31642,Member,Female,0.335,4,CORN,CORN WHITE,1.34,1,2025-01-21
32744187836,31642,Member,Female,2.89,1,FD WRAPS/BAGS/TRSH BG,ALUMINUM FOIL,2.89,3,2025-01-21
32744187836,31642,Member,Female,2.0,1,FROZEN PIZZA,SANDWICHES&HANDHELDS,2.0,2,2025-01-21
32744187836,31642,Member,Female,5.29,1,CHARCOAL AND LIGHTER FLUID,CHARCOAL LIGHTER FLUID/UTILITY,5.29,5,2025-01-21
32744187836,31642,Member,Female,7.9,1,BEEF,NATURAL BEEF,7.9,8,2025-01-21
32744187836,31642,Member,Female,2.5,1,BAG SNACKS,TORTILLA/NACHO CHIPS,2.5,2,2025-01-21
32744187836,31642,Member,Female,3.19,2,BAG SNACKS,DIPS (NON-REFRIGERATED),6.38,6,2025-01-21
32744187836,31642,Member,Female,1.88,1,BAG SNACKS,CORN CHIPS,1.88,2,2025-01-21
32744187836,31642,Member,Female,4.19,1,CONDIMENTS/SAUCES,STEAK & WORCHESTER SAUCE,4.19,4,2025-01-21
32744187836,31642,Member,Female,3.49,2,FROZEN PIZZA,SNACKS/APPETIZERS,6.98,7,2025-01-21
32744187836,31642,Member,Female,1.16,1,MILK BY-PRODUCTS,SOUR CREAMS,1.16,1,2025-01-21
32744187836,31642,Member,Female,3.15,1,BEEF,CHOICE BEEF,3.15,3,2025-01-21
32744187836,31642,Member,Female,1.99,1,FACIAL TISS/DNR NAPKIN,PAPER NAPKINS,1.99,2,2025-01-21
32744187836,31642,Member,Female,2.5,1,SOFT DRINKS,SOFT DRINKS 12/18&15PK CAN CAR,2.5,2,2025-01-21
32744187836,31642,Member,Female,12.99,1,VALUE ADDED VEGETABLES,VEGETABLE PARTY TRAY,12.99,13,2025-01-21
32744187836,31642,Member,Female,2.69,1,SHORTENING/OIL,COOKING SPRAYS,2.69,3,2025-01-21
32744313370,361,Member,Male,9.69,1,TOMATOES,TOMATOES HOTHOUSE ON THE VINE,9.69,10,2025-01-21
32744313370,361,Member,Male,3.0,1,FRZN NOVELTIES/WTR ICE,CONES,3.0,3,2025-01-21
32744313370,361,Member,Male,0.69,2,VEGETABLES - ALL OTHERS,CUCUMBERS,1.38,1,2025-01-21
32744313370,361,Member,Male,0.62,1,SEAFOOD - SHELF STABLE,TUNA,0.62,1,2025-01-21
32744313370,361,Member,Male,0.62,3,SEAFOOD - SHELF STABLE,TUNA,1.86,2,2025-01-21
32744313370,361,Member,Male,1.98,1,GRAPES,GRAPES RED,1.98,2,2025-01-21
32744313370,361,Member,Male,1.0,2,SOFT DRINKS,SFT DRNK SNGL SRV BTL CARB (EX,2.0,2,2025-01-21
32744313370,361,Member,Male,1.19,1,BAKED BREAD/BUNS/ROLLS,MAINSTREAM WHEAT/MULTIGRAIN BR,1.19,1,2025-01-21
32744313370,361,Member,Male,1.79,1,BROCCOLI/CAULIFLOWER,BROCCOLI WHOLE&CROWNS,1.79,2,2025-01-21
32744313370,361,Member,Male,0.99,1,VEGETABLES SALAD,HEAD LETTUCE,0.99,1,2025-01-21
32744313370,361,Member,Male,4.99,1,FROZEN MEAT,CORN DOGS,4.99,5,2025-01-21
32744313370,361,Member,Male,1.49,1,EGGS,EGGS - LARGE,1.49,1,2025-01-21
32744313370,361,Member,Male,0.69,2,DINNER MXS:DRY,MACARONI & CHEESE DNRS,1.38,1,2025-01-21
32744313370,361,Member,Male,1.49,1,FROZEN BREAD/DOUGH,FRZN GARLIC BREAD/TOAST/STICKS,1.49,1,2025-01-21
32744313370,361,Member,Male,3.49,1,POTATOES,POTATOES GOLD (BULK&BAG),3.49,3,2025-01-21
32744313370,361,Member,Male,5.49,1,COLD CEREAL,ALL FAMILY CEREAL,5.49,5,2025-01-21
32744313370,361,Member,Male,1.67,2,CHEESE,IWS SINGLE CHEESE,3.34,3,2025-01-21
32744313370,361,Member,Male,3.29,2,HOT DOGS,BETTER FOR YOU,6.58,7,2025-01-21
32744313370,361,Member,Male,0.3333333333333333,3,APPLES,APPLES GALA (BULK&BAG),1.0,1,2025-01-21
32744313370,361,Member,Male,0.445,4,VEGETABLES - SHELF STABLE,TOMATO SAUCE,1.78,2,2025-01-21
32744313370,361,Member,Male,1.99,1,MILK BY-PRODUCTS,SOUR CREAMS,1.99,2,2025-01-21
32744313370,361,Member,Male,1.19,2,CANNED MILK,CANNED MILK,2.38,2,2025-01-21
32744313370,361,Member,Male,4.99,1,LUNCHMEAT,POULTRY,4.99,5,2025-01-21
32744313370,361,Member,Male,1.99,2,REFRGRATD JUICES/DRNKS,DAIRY CASE JUICE DRNK UNDER 10,3.98,4,2025-01-21
32744313370,361,Member,Male,2.69,1,FLUID MILK PRODUCTS,FLUID MILK WHITE ONLY,2.69,3,2025-01-21
32744313370,361,Member,Male,1.88,1,CRACKERS/MISC BKD FD,CHEESE CRACKERS (CHEEZ-ITS/GOL,1.88,2,2025-01-21
32744313370,361,Member,Male,1.79,1,SHORTENING/OIL,VEGETABLE/SALAD OIL,1.79,2,2025-01-21
32744313370,361,Member,Male,1.99,1,MARGARINES,MARGARINE: TUBS AND BOWLS,1.99,2,2025-01-21
32744313370,361,Member,Male,5.89,1,COFFEE,INSTANT DECAFFINATED,5.89,6,2025-01-21
32744313370,361,Member,Male,1.89,1,PAPER HOUSEWARES,FOAM PLATES,1.89,2,2025-01-21
32744313370,361,Member,Male,2.09,1,HISPANIC,MEXICAN SOFT TORTILLAS AND WRA,2.09,2,2025-01-21
32744313370,361,Member,Male,0.88,1,BAKED BREAD/BUNS/ROLLS,HOT DOG BUNS,0.88,1,2025-01-21
32744313370,361,Member,Male,0.67,2,HISPANIC,AUTHENTIC SOUPS BOUILLONS,1.34,1,2025-01-21
32744313370,361,Member,Male,3.49,1,LUNCHMEAT,HAM,3.49,3,2025-01-21
32744313370,361,Member,Male,2.77,2,STATIONERY & SCHOOL SUPPLIES,CHILDREN S ACTIVITY,5.54,6,2025-01-21
32744313370,361,Member,Male,8.43,1,SEAFOOD - FROZEN,SEAFOOD-FRE-LIVE SHLFSH-OTHER,8.43,8,2025-01-21
32759080399,367,Member,Female,2.5,1,CRACKERS/MISC BKD FD,MULTI-PACK CRACKERS,2.5,2,2025-01-22
32759080399,367,Member,Female,4.49,1,INSECTICIDES,PERSONAL REPELLANTS,4.49,4,2025-01-22
32759106179,296,Member,Male,3.99,2,CANDY - PACKAGED,SEASONAL CANDY BOX-CHOCOLATE,7.98,8,2025-01-22
32759106179,296,Member,Male,0.69,3,VEGETABLES - ALL OTHERS,CUCUMBERS,2.07,2,2025-01-22
32759106179,296,Member,Male,1.5,2,CANDY - PACKAGED,CANDY BAGS-NON CHOCOLATE,3.0,3,2025-01-22
32759106179,296,Member,Male,1.49,1,EGGS,EGGS - LARGE,1.49,1,2025-01-22
32759106179,296,Member,Male,1.5,1,SALD DRSNG/SNDWCH SPRD,POURABLE SALAD DRESSINGS,1.5,2,2025-01-22
32759106179,296,Member,Male,0.5,1,CANDY - CHECKLANE,CHEWING GUM,0.5,0,2025-01-22
32759106179,296,Member,Male,2.99,2,CANDY - PACKAGED,SEASONAL MISCELLANEOUS,5.98,6,2025-01-22
32759106179,296,Member,Male,1.79,1,DRY NOODLES/PASTA,MACARONI DRY,1.79,2,2025-01-22
32759106179,296,Member,Male,7.99,1,COOKIES,COOKIES: MESSAGE,7.99,8,2025-01-22
32759106179,296,Member,Male,2.99,1,TOMATOES,TOMATOES VINE RIPE PKG,2.99,3,2025-01-22
32759106179,296,Member,Male,1.99,1,EASTER,EASTER EGG COLORING,1.99,2,2025-01-22
32759106179,296,Member,Male,1.99,1,EASTER,EASTER BASKET STUFFERS,1.99,2,2025-01-22
32759106179,296,Member,Male,1.5,1,EASTER,EASTER FILL EGGS,1.5,2,2025-01-22
32760567897,406,Normal,Male,1.19,1,BAKED BREAD/BUNS/ROLLS,MAINSTREAM WHITE BREAD,1.19,1,2025-01-24
32760745436,379,Member,Male,3.29,1,LAUNDRY DETERGENTS,LIQUID LAUNDRY DETERGENTS,3.29,3,2025-01-24
32760745436,379,Member,Male,2.0,1,CRACKERS/MISC BKD FD,BUTTER SPRAY CRACKER (RITZ/CLU,2.0,2,2025-01-24
32760745436,379,Member,Male,2.5,1,SOFT DRINKS,SOFT DRINKS 12/18&15PK CAN CAR,2.5,2,2025-01-24
32760745436,379,Member,Male,2.5,1,SOFT DRINKS,SOFT DRINKS CAN NON-CARB (EXCE,2.5,2,2025-01-24
32794481623,384,Member,Male,4.03,1,CHEESES,CHEESE: PROCESSED BULK,4.03,4,2025-01-25
32794481623,384,Member,Male,3.0,1,FRZN MEAT/MEAT DINNERS,FRZN SS PREMIUM ENTREES/DNRS/N,3.0,3,2025-01-25
32794481623,384,Member,Male,0.99,1,BAG SNACKS,SGL SV/VEND MACH SNACKS CHIP/P,0.99,1,2025-01-25
32794481623,384,Member,Male,1.5,2,BAKED BREAD/BUNS/ROLLS,HAMBURGER BUNS,3.0,3,2025-01-25
32794481623,384,Member,Male,0.33,1,CANDY - CHECKLANE,CANDY BARS (SINGLES)(INCLUDING,0.33,0,2025-01-25
32794481623,384,Member,Male,3.0,1,DELI MEATS,MEAT: SAUS DRY BULK,3.0,3,2025-01-25
32794481623,384,Member,Male,0.33,1,CANDY - CHECKLANE,CANDY BARS (SINGLES)(INCLUDING,0.33,0,2025-01-25
32794481623,384,Member,Male,0.5,2,PAPER TOWELS,PAPER TOWELS & HOLDERS,1.0,1,2025-01-25
32794481623,384,Member,Male,1.8,1,DELI MEATS,MEAT:HAM BULK,1.8,2,2025-01-25
32794481623,384,Member,Male,1.67,1,FLUID MILK PRODUCTS,FLUID MILK WHITE ONLY,1.67,2,2025-01-25
32794481623,384,Member,Male,0.34,1,CANDY - CHECKLANE,CANDY BARS (SINGLES)(INCLUDING,0.34,0,2025-01-25
32794481623,384,Member,Male,3.0,1,FRZN MEAT/MEAT DINNERS,FRZN SS PREMIUM ENTREES/DNRS/N,3.0,3,2025-01-25
32814085039,3064,Member,Male,1.0,1,CANNED JUICES,JUICE (100% JUICE),1.0,1,2025-01-26
32814085039,3064,Member,Male,2.22,1,VALUE ADDED FRUIT,MELON HALVES/QUARTERS,2.22,2,2025-01-26
32848762654,306,Member,Female,2.99,1,KITCHEN GADGETS,GADGETS/TOOLS,2.99,3,2025-01-29
32848762654,306,Member,Female,1.88,1,BAG SNACKS,CORN CHIPS,1.88,2,2025-01-29
32848762654,306,Member,Female,3.29,1,BAKED SWEET GOODS,SWEET GOODS - FULL SIZE,3.29,3,2025-01-29
32848762654,306,Member,Female,0.79,1,FROZEN PIE/DESSERTS,FRZN WHIPPED TOPPING,0.79,1,2025-01-29
32848762654,306,Member,Female,0.89,1,DRY MIX DESSERTS,PUDDINGS DRY,0.89,1,2025-01-29
32848762654,306,Member,Female,2.99,1,POTATOES,POTATOES RUSSET (BULK&BAG),2.99,3,2025-01-29
32848762654,306,Member,Female,1.0,1,MILK BY-PRODUCTS,REFRIG DIPS,1.0,1,2025-01-29
32848762654,306,Member,Female,0.99,1,BREAD,BREAD:ITALIAN/FRENCH,0.99,1,2025-01-29
32848762654,306,Member,Female,0.99,1,FRUIT - SHELF STABLE,PINEAPPLE,0.99,1,2025-01-29
32848762654,306,Member,Female,2.99,1,BERRIES,STRAWBERRIES,2.99,3,2025-01-29
32848762654,306,Member,Female,1.0,3,BAG SNACKS,PRETZELS,3.0,3,2025-01-29
32872337569,330,Normal,Male,0.6,2,YOGURT,YOGURT NOT MULTI-PACKS,1.2,1,2025-01-31
32872337569,330,Normal,Male,0.6,1,YOGURT,YOGURT NOT MULTI-PACKS,0.6,1,2025-01-31
32872337569,330,Normal,Male,3.34,1,SOFT DRINKS,SFT DRNK MLT-PK BTL CARB (EXCP,3.34,3,2025-01-31
32872337569,330,Normal,Male,1.59,2,BAKED BREAD/BUNS/ROLLS,MAINSTREAM WHITE BREAD,3.18,3,2025-01-31
32872337569,330,Normal,Male,1.67,1,FLUID MILK PRODUCTS,FLUID MILK WHITE ONLY,1.67,2,2025-01-31
32872337569,330,Normal,Male,1.49,1,FRZN ICE,ICE - CRUSHED/CUBED,1.49,1,2025-01-31
32895455153,379,Member,Male,2.99,1,ROLLS,ROLLS: CROISSANTS/BREADSTICKS,2.99,3,2025-02-02
32895455153,379,Member,Male,1.99,1,SWEET GOODS & SNACKS,SW GDS: SPECIALTY DESSERTS,1.99,2,2025-02-02
32895455153,379,Member,Male,3.29,1,SWEET GOODS & SNACKS,SW GDS: SPECIALTY DESSERTS,3.29,3,2025-02-02
32895455153,379,Member,Male,1.99,1,SWEET GOODS & SNACKS,SW GDS: SPECIALTY DESSERTS,1.99,2,2025-02-02
32895455153,379,Member,Male,1.49,1,BREAD,BREAD:SWEET/BREAKFAST,1.49,1,2025-02-02
32932039046,343,Member,Male,3.34,1,SOAP - LIQUID & BAR,BAR SOAP,3.34,3,2025-02-03
32932307085,368,Member,Female,6.99,1,ANALGESICS,ADULT ANALGESICS,6.99,7,2025-02-04
32957770950,401,Normal,Male,5.99,1,FROZEN MEAT,CORN DOGS,5.99,6,2025-02-07
32957770950,401,Normal,Male,1.0,3,FROZEN PIZZA,PIZZA/ECONOMY,3.0,3,2025-02-07
32957770950,401,Normal,Male,2.69,1,COLD CEREAL,KIDS CEREAL,2.69,3,2025-02-07
32957770950,401,Normal,Male,2.0,1,FROZEN PIZZA,SANDWICHES&HANDHELDS,2.0,2,2025-02-07
32957770950,401,Normal,Male,0.665,2,FROZEN PIZZA,PIZZA/ECONOMY,1.33,1,2025-02-07
32957770950,401,Normal,Male,0.67,1,FROZEN PIZZA,PIZZA/ECONOMY,0.67,1,2025-02-07
32957770950,401,Normal,Male,2.79,1,FROZEN PIZZA,SANDWICHES&HANDHELDS,2.79,3,2025-02-07
32957770950,401,Normal,Male,2.79,1,FROZEN PIZZA,SANDWICHES&HANDHELDS,2.79,3,2025-02-07
32957770950,401,Normal,Male,1.0,2,BAKED BREAD/BUNS/ROLLS,MAINSTREAM WHITE BREAD,2.0,2,2025-02-07
33016200804,389,Member,Female,0.88,1,BAKED BREAD/BUNS/ROLLS,HAMBURGER BUNS,0.88,1,2025-02-10
33016200804,389,Member,Female,2.5,2,BAG SNACKS,TORTILLA/NACHO CHIPS,5.0,5,2025-02-10
33016200804,389,Member,Female,1.79,1,ONIONS,ONIONS YELLOW (BULK&BAG),1.79,2,2025-02-10
33016200804,389,Member,Female,1.0,1,FRZN BREAKFAST FOODS,WAFFLES/PANCAKES/FRENCH TOAST,1.0,1,2025-02-10
33016200804,389,Member,Female,1.0,2,FROZEN PIZZA,PIZZA/ECONOMY,2.0,2,2025-02-10
33016200804,389,Member,Female,1.19,1,MOLASSES/SYRUP/PANCAKE MIXS,MOLASSES & SYRUPS,1.19,1,2025-02-10
33016200804,389,Member,Female,1.0,2,FROZEN PIZZA,PIZZA/ECONOMY,2.0,2,2025-02-10
33016200804,389,Member,Female,1.0,2,WAREHOUSE SNACKS,CANISTER POTATO/TORT CHIPS,2.0,2,2025-02-10
33016200804,389,Member,Female,0.59,2,SOFT DRINKS,SOFT DRINK BOTTLE NON-CARB (EX,1.18,1,2025-02-10
33016200804,389,Member,Female,3.29,1,CHEESE,NATURAL CHEESE EXACT WT CHUNKS,3.29,3,2025-02-10
33016200804,389,Member,Female,2.5,4,BAG SNACKS,DIPS (NON-REFRIGERATED),10.0,10,2025-02-10
33016200804,389,Member,Female,2.7,1,BEEF,PRIMAL,2.7,3,2025-02-10
33016200804,389,Member,Female,2.69,1,FLUID MILK PRODUCTS,FLUID MILK WHITE ONLY,2.69,3,2025-02-10
33016200804,389,Member,Female,0.88,1,BAKED BREAD/BUNS/ROLLS,HOT DOG BUNS,0.88,1,2025-02-10
33016200804,389,Member,Female,2.29,2,MEAT - SHELF STABLE,HASH: CANNED,4.58,5,2025-02-10
33016200804,389,Member,Female,2.99,1,DINNER SAUSAGE,SMOKED/COOKED,2.99,3,2025-02-10
33016200804,389,Member,Female,1.0,1,FROZEN PIZZA,PIZZA/ECONOMY,1.0,1,2025-02-10
33016200804,389,Member,Female,1.0,2,COOKIES/CONES,SANDWICH COOKIES,2.0,2,2025-02-10
33016200804,389,Member,Female,1.0,1,FRZN BREAKFAST FOODS,WAFFLES/PANCAKES/FRENCH TOAST,1.0,1,2025-02-10
33016200804,389,Member,Female,1.0,1,WAREHOUSE SNACKS,CANISTER POTATO/TORT CHIPS,1.0,1,2025-02-10
33016200804,389,Member,Female,1.29,1,MARGARINES,MARGARINE: TUBS AND BOWLS,1.29,1,2025-02-10
33016200804,389,Member,Female,1.69,2,ICE CREAM/MILK/SHERBTS,PREMIUM PINTS,3.38,3,2025-02-10
33027746798,317,Member,Male,0.88,1,BAKED BREAD/BUNS/ROLLS,HAMBURGER BUNS,0.88,1,2025-02-11
33027746798,317,Member,Male,8.49,1,BEERS/ALES,BEERALEMALT LIQUORS,8.49,8,2025-02-11
33027746798,317,Member,Male,1.79,1,PASTA SAUCE,MAINSTREAM,1.79,2,2025-02-11
33027746798,317,Member,Male,2.29,1,SALD DRSNG/SNDWCH SPRD,SEMI-SOLID SALAD DRESSING MAY,2.29,2,2025-02-11
33027746798,317,Member,Male,1.62,1,CANNED JUICES,ASEPTIC PACK JUICE AND DRINKS,1.62,2,2025-02-11
33027746798,317,Member,Male,1.99,1,COOKIES,COOKIES: REGULAR,1.99,2,2025-02-11
33027746798,317,Member,Male,4.39,1,AIR CARE,AIR CARE - DISINFECTANT SPRAYS,4.39,4,2025-02-11
33027746798,317,Member,Male,1.62,1,CANNED JUICES,ASEPTIC PACK JUICE AND DRINKS,1.62,2,2025-02-11
33027746798,317,Member,Male,2.5,1,MELONS,CANTALOUPE WHOLE,2.5,2,2025-02-11
33027746798,317,Member,Male,3.0,1,REFRIGERATED,YOGURT,3.0,3,2025-02-11
33027746798,317,Member,Male,13.99,1,GARDEN CENTER,HANGING BASKETS (BLOOMING),13.99,14,2025-02-11
33027746798,317,Member,Male,0.88,1,BAKED BREAD/BUNS/ROLLS,HOT DOG BUNS,0.88,1,2025-02-11
33027746798,317,Member,Male,6.99,1,BEERS/ALES,BEERALEMALT LIQUORS,6.99,7,2025-02-11
33027746798,317,Member,Male,2.69,1,FLUID MILK PRODUCTS,FLUID MILK WHITE ONLY,2.69,3,2025-02-11
33027746798,317,Member,Male,2.5,1,SALD DRSNG/SNDWCH SPRD,POURABLE SALAD DRESSINGS,2.5,2,2025-02-11
33027746798,317,Member,Male,3.99,1,SOFT DRINKS,SOFT DRINKS 12/18&15PK CAN CAR,3.99,4,2025-02-11
33027746798,317,Member,Male,7.99,1,HOUSEHOLD CLEANG NEEDS,TOOLS - FLOOR & FURNITURE,7.99,8,2025-02-11
33027746798,317,Member,Male,2.19,1,CONDIMENTS/SAUCES,BBQ SAUCE,2.19,2,2025-02-11
33027746798,317,Member,Male,2.5,1,WATER - CARBONATED/FLVRD DRINK,CARBONATED WATER - FLVRD SWEET,2.5,2,2025-02-11
33027746798,317,Member,Male,8.49,1,BEERS/ALES,BEERALEMALT LIQUORS,8.49,8,2025-02-11
33027746798,317,Member,Male,3.5,1,BEEF,PATTIES,3.5,4,2025-02-11
33027746798,317,Member,Male,5.87,1,CHICKEN,CHICKEN,5.87,6,2025-02-11
33027746798,317,Member,Male,2.89,1,COOKIES/CONES,MULTI-PACK COOKIES,2.89,3,2025-02-11
33040863210,372,Normal,Female,1.5,1,BLEACH,LIQUID BLEACH,1.5,2,2025-02-12
33040863210,372,Normal,Female,0.89,1,PICKLE/RELISH/PKLD VEG,MEXICAN PEPPERS CHILIES,0.89,1,2025-02-12
33040863210,372,Normal,Female,1.89,1,CHEESE,CREAM CHEESE,1.89,2,2025-02-12
33040863210,372,Normal,Female,1.99,1,BAG SNACKS,TORTILLA/NACHO CHIPS,1.99,2,2025-02-12
33040863210,372,Normal,Female,0.78,1,ONIONS,ONIONS SWEET (BULK&BAG),0.78,1,2025-02-12
33040863210,372,Normal,Female,1.0,2,FLUID MILK PRODUCTS,FLUID MILK WHITE ONLY,2.0,2,2025-02-12
33040863210,372,Normal,Female,2.0,1,CRACKERS/MISC BKD FD,SNACK CRACKERS,2.0,2,2025-02-12
33040863210,372,Normal,Female,2.0,1,CRACKERS/MISC BKD FD,MULTI-PACK CRACKERS,2.0,2,2025-02-12
33040863210,372,Normal,Female,0.89,1,FRZN VEGETABLE/VEG DSH,FRZN BOXED VEGETABLES - PLAIN,0.89,1,2025-02-12
33040863210,372,Normal,Female,8.99,1,DOMESTIC WINE,FIGHTING VARIETAL WINES,8.99,9,2025-02-12
33040863210,372,Normal,Female,2.99,1,BLEACH,SOIL & STAIN REMOVER,2.99,3,2025-02-12
33040863210,372,Normal,Female,3.09,1,CRACKERS/MISC BKD FD,SNACK CRACKERS,3.09,3,2025-02-12
33040863210,372,Normal,Female,3.99,1,LUNCHMEAT,POULTRY,3.99,4,2025-02-12
33106962370,420,Normal,Male,1.29,1,BAKING NEEDS,MARSHMALLOWS,1.29,1,2025-02-17
33106962370,420,Normal,Male,2.14,1,GRAPES,GRAPES WHITE,2.14,2,2025-02-17
33106962370,420,Normal,Male,1.28,1,VALUE ADDED FRUIT,INSTORE CUT FRUIT,1.28,1,2025-02-17
33106962370,420,Normal,Male,1.0,1,POPCORN,POPCORN - MICROWAVE,1.0,1,2025-02-17
33106962370,420,Normal,Male,1.05,1,CRACKERS/MISC BKD FD,SNACK CRACKERS,1.05,1,2025-02-17
33106962370,420,Normal,Male,0.17,1,SOUP,RAMEN NOODLES/RAMEN CUPS,0.17,0,2025-02-17
33106962370,420,Normal,Male,0.99,1,BAKED BREAD/BUNS/ROLLS,MAINSTREAM WHITE BREAD,0.99,1,2025-02-17
33106962370,420,Normal,Male,1.15,1,VALUE ADDED FRUIT,INSTORE CUT FRUIT,1.15,1,2025-02-17
33106962370,420,Normal,Male,0.17,1,SOUP,DRY SOUP,0.17,0,2025-02-17
33106962370,420,Normal,Male,1.99,3,FRZN MEAT/MEAT DINNERS,FRZN SS PREMIUM ENTREES/DNRS/T,5.97,6,2025-02-17
33106962370,420,Normal,Male,0.4,1,YOGURT,YOGURT NOT MULTI-PACKS,0.4,0,2025-02-17
33106962370,420,Normal,Male,0.4,1,YOGURT,YOGURT NOT MULTI-PACKS,0.4,0,2025-02-17
33106962370,420,Normal,Male,0.4,1,YOGURT,YOGURT NOT MULTI-PACKS,0.4,0,2025-02-17
33106962370,420,Normal,Male,0.4,2,YOGURT,YOGURT NOT MULTI-PACKS,0.8,1,2025-02-17
33106962370,420,Normal,Male,0.4,1,YOGURT,YOGURT NOT MULTI-PACKS,0.4,0,2025-02-17
33106962370,420,Normal,Male,3.5,1,ISOTONIC DRINKS,ISOTONIC DRINKS MULTI-SERVE,3.5,4,2025-02-17
33106962370,420,Normal,Male,0.33,1,CANDY - PACKAGED,MISCELLANEOUS CANDY (INCLUDING,0.33,0,2025-02-17
33106962370,420,Normal,Male,0.34,1,CANDY - PACKAGED,CANDY BARS (SINGLES)(INCLUDING,0.34,0,2025-02-17
33106962370,420,Normal,Male,0.33,1,CANDY - PACKAGED,CANDY BARS (SINGLES)(INCLUDING,0.33,0,2025-02-17
33118495212,354,Member,Female,2.69,1,ANTACIDS,ANTI-ACIDS,2.69,3,2025-02-18
33118495212,354,Member,Female,2.31,1,CHEESES,CHEESE: PROCESSED BULK,2.31,2,2025-02-18
33118495212,354,Member,Female,3.49,2,POTATOES,POTATOES RED (BULK&BAG),6.98,7,2025-02-18
33118495212,354,Member,Female,2.59,1,PICKLE/RELISH/PKLD VEG,PICKLES,2.59,3,2025-02-18
33118495212,354,Member,Female,1.94,1,TOMATOES,TOMATOES HOTHOUSE ON THE VINE,1.94,2,2025-02-18
33118495212,354,Member,Female,2.99,1,BERRIES,STRAWBERRIES,2.99,3,2025-02-18
33118495212,354,Member,Female,6.99,1,FD WRAPS/BAGS/TRSH BG,ALUMINUM FOIL,6.99,7,2025-02-18
33118495212,354,Member,Female,1.77,1,MARGARINES,MARGARINE: TUBS AND BOWLS,1.77,2,2025-02-18
33118495212,354,Member,Female,2.59,1,PNT BTR/JELLY/JAMS,PRESERVES JAM MARMALADE,2.59,3,2025-02-18
33118495212,354,Member,Female,1.59,2,DRY NOODLES/PASTA,NOODLES DRY,3.18,3,2025-02-18
33118495212,354,Member,Female,2.69,1,FACIAL TISS/DNR NAPKIN,PAPER NAPKINS,2.69,3,2025-02-18
33118495212,354,Member,Female,7.99,1,SUGARS/SWEETNERS,SWEETENERS,7.99,8,2025-02-18
33118495212,354,Member,Female,0.99,3,DRY SAUCES/GRAVY,GRAVY CAN/GLASS,2.97,3,2025-02-18
33118495212,354,Member,Female,5.99,1,SNACK NUTS,VAC PAC NUTS(CANS),5.99,6,2025-02-18
33118495212,354,Member,Female,2.39,1,PNT BTR/JELLY/JAMS,PEANUT BUTTER,2.39,2,2025-02-18
33118495212,354,Member,Female,0.0,1,BERRIES,STRAWBERRIES,0.0,0,2025-02-18
33118495212,354,Member,Female,2.0,2,COOKIES/CONES,SANDWICH COOKIES,4.0,4,2025-02-18
33118495212,354,Member,Female,2.19,1,PNT BTR/JELLY/JAMS,PRESERVES JAM MARMALADE,2.19,2,2025-02-18
33118495212,354,Member,Female,3.79,1,DELI MEATS,MEAT:HAM BULK,3.79,4,2025-02-18
33118495212,354,Member,Female,3.0,1,PAPER HOUSEWARES,DESIGNER PAPER: MEDIUM WEIGHT,3.0,3,2025-02-18
33118495212,354,Member,Female,2.69,1,MISC. DAIRY,REFRIGERATED PUDDING,2.69,3,2025-02-18
33118495212,354,Member,Female,4.69,1,DELI MEATS,MEAT: TURKEY BULK,4.69,5,2025-02-18
33132476330,356,Member,Female,2.99,1,CHEESE,GRATED CHEESE,2.99,3,2025-02-19
33132476330,356,Member,Female,3.0,1,DELI MEATS,MEAT: TURKEY BULK,3.0,3,2025-02-19
33132476330,356,Member,Female,1.04,1,TOMATOES,TOMATOES HOTHOUSE ON THE VINE,1.04,1,2025-02-19
33132476330,356,Member,Female,0.69,1,EGGS,EGGS - LARGE,0.69,1,2025-02-19
33132476330,356,Member,Female,0.6,1,YOGURT,YOGURT NOT MULTI-PACKS,0.6,1,2025-02-19
33132476330,356,Member,Female,1.19,1,BAKED BREAD/BUNS/ROLLS,MAINSTREAM WHEAT/MULTIGRAIN BR,1.19,1,2025-02-19
33132476330,356,Member,Female,2.5,1,FROZEN PIZZA,SNACKS/APPETIZERS,2.5,2,2025-02-19
33132476330,356,Member,Female,2.99,1,CHEESE,IWS SINGLE CHEESE,2.99,3,2025-02-19
33132476330,356,Member,Female,2.04,1,DELI MEATS,MEAT: SAUS DRY BULK,2.04,2,2025-02-19
33132476330,356,Member,Female,1.92,1,CHEESES,CHEESE: NATURAL BULK,1.92,2,2025-02-19
33132476330,356,Member,Female,0.0,0,ONIONS,ONIONS SWEET (BULK&BAG),0.0,0,2025-02-19
33132476330,356,Member,Female,0.5,2,COUPONS/STORE & MFG,COUPONS/STORE & MFG,1.0,1,2025-02-19
33132476330,356,Member,Female,0.8,1,DRY NOODLES/PASTA,SPAGHETTI DRY,0.8,1,2025-02-19
33132476330,356,Member,Female,0.52,2,SEAFOOD - SHELF STABLE,TUNA,1.04,1,2025-02-19
33132476330,356,Member,Female,1.29,1,CRACKERS/MISC BKD FD,SOUP CRACKERS (SALTINE/OYSTER),1.29,1,2025-02-19
33132476330,356,Member,Female,0.64,1,ONIONS,ONIONS SWEET (BULK&BAG),0.64,1,2025-02-19
33132476330,356,Member,Female,4.99,1,BEEF,PRIMAL,4.99,5,2025-02-19
33132476330,356,Member,Female,2.99,1,PNT BTR/JELLY/JAMS,PRESERVES JAM MARMALADE,2.99,3,2025-02-19
33132476330,356,Member,Female,1.99,2,FRZN MEAT/MEAT DINNERS,FRZN SS PREMIUM ENTREES/DNRS/T,3.98,4,2025-02-19
33132532233,321,Member,Male,0.0027989015631601,18936,COUPON/MISC ITEMS,GASOLINE-REG UNLEADED,53.0,53,2025-02-19
33132903167,396,Member,Male,2.0,1,SALAD MIX,GARDEN PLUS,2.0,2,2025-02-20
33132903167,396,Member,Male,1.37,1,TOMATOES,TOMATOES VINE RIPE BULK,1.37,1,2025-02-20
33133141295,359,Member,Female,1.09,1,CONDIMENTS/SAUCES,SALAD MUSTARD,1.09,1,2025-02-20
33133141295,359,Member,Female,3.49,1,OLIVES,GREEN OLIVES,3.49,3,2025-02-20
33133141295,359,Member,Female,1.0,1,DRY NOODLES/PASTA,MACARONI DRY,1.0,1,2025-02-20
33133141295,359,Member,Female,2.99,1,BERRIES,STRAWBERRIES,2.99,3,2025-02-20
33133141295,359,Member,Female,0.69,1,EGGS,EGGS - LARGE,0.69,1,2025-02-20
33133141295,359,Member,Female,2.49,1,MILK BY-PRODUCTS,COTTAGE CHEESE,2.49,2,2025-02-20
33133141295,359,Member,Female,2.29,1,BAKED BREAD/BUNS/ROLLS,RYE BREADS,2.29,2,2025-02-20
33133141295,359,Member,Female,2.0,1,BAKING MIXES,MISCELLANEOUS PACKAGE MIXES,2.0,2,2025-02-20
33133141295,359,Member,Female,4.39,1,VALUE ADDED FRUIT,INSTORE CUT FRUIT,4.39,4,2025-02-20
33133141295,359,Member,Female,3.89,1,CHEESE,IWS SINGLE CHEESE,3.89,4,2025-02-20
33133141295,359,Member,Female,1.99,1,WATER - CARBONATED/FLVRD DRINK,NON-CRBNTD DRNKING/MNERAL WATE,1.99,2,2025-02-20
33133141295,359,Member,Female,2.5,1,CANNED JUICES,BLENDED JUICE&COMBINATIONS (50,2.5,2,2025-02-20
33133141295,359,Member,Female,2.59,1,FRUIT - SHELF STABLE,FRUIT BOWL AND CUPS,2.59,3,2025-02-20
33133141295,359,Member,Female,7.99,1,IMPORTED WINE,AUSTRALIAN/NZ WINES,7.99,8,2025-02-20
33133141295,359,Member,Female,2.0,1,DINNER MXS:DRY,SKILLET DINNERS,2.0,2,2025-02-20
33133141295,359,Member,Female,2.09,1,HISPANIC,KOSHER FOODS,2.09,2,2025-02-20
33133141295,359,Member,Female,1.67,1,VEGETABLES - SHELF STABLE,TOMATOES: STEWED/DICED/CRMD,1.67,2,2025-02-20
33133141295,359,Member,Female,2.5,2,CRACKERS/MISC BKD FD,SNACK CRACKERS,5.0,5,2025-02-20
33133141295,359,Member,Female,7.49,1,KITCHEN GADGETS,GADGETS/TOOLS,7.49,7,2025-02-20
33133141295,359,Member,Female,7.59,1,FD WRAPS/BAGS/TRSH BG,GARBAGE KITCHEN COMPACTOR BA,7.59,8,2025-02-20
33133141295,359,Member,Female,6.99,1,VALUE ADDED VEGETABLES,VEGETABLE PARTY TRAY,6.99,7,2025-02-20
33133141295,359,Member,Female,2.99,1,SALD DRSNG/SNDWCH SPRD,POURABLE SALAD DRESSINGS,2.99,3,2025-02-20
33133187884,313,Member,Male,2.56,1,SEAFOOD-FRESH,SEAFOOD-FRE-RAW FINFISH-OTHER,2.56,3,2025-02-20
33133187884,313,Member,Male,4.0,1,SEAFOOD-FRESH,SEAFOOD-FRE-SHRIMP,4.0,4,2025-02-20
33192252232,406,Normal,Male,2.14,2,SEAFOOD - SHELF STABLE,TUNA,4.28,4,2025-02-24
33192252232,406,Normal,Male,0.8,1,DRY NOODLES/PASTA,MACARONI DRY,0.8,1,2025-02-24
33192252232,406,Normal,Male,1.3,1,DRY BN/VEG/POTATO/RICE,RICE - INSTANT & MICROWAVE,1.3,1,2025-02-24
33192252232,406,Normal,Male,1.29,1,WATER - CARBONATED/FLVRD DRINK,NON-CRBNTD DRNKING/MNERAL WATE,1.29,1,2025-02-24
33192252232,406,Normal,Male,1.34,1,VEGETABLES - ALL OTHERS,CELERY,1.34,1,2025-02-24
33192252232,406,Normal,Male,2.7,1,COOKIES/CONES,TRAY PACK/CHOC CHIP COOKIES,2.7,3,2025-02-24
33192252232,406,Normal,Male,2.5,1,PASTA SAUCE,PREMIUM,2.5,2,2025-02-24
33192252232,406,Normal,Male,0.45,2,BAKED SWEET GOODS,SWEET GOODS - FULL SIZE,0.9,1,2025-02-24
33192252232,406,Normal,Male,0.99,1,VEGETABLES SALAD,HEAD LETTUCE,0.99,1,2025-02-24
33192252232,406,Normal,Male,1.12,1,SALD DRSNG/SNDWCH SPRD,POURABLE SALAD DRESSINGS,1.12,1,2025-02-24
33192252232,406,Normal,Male,1.09,1,FRUIT - SHELF STABLE,PINEAPPLE,1.09,1,2025-02-24
33192252232,406,Normal,Male,3.29,1,LAUNDRY DETERGENTS,LIQUID LAUNDRY DETERGENTS,3.29,3,2025-02-24
33192252232,406,Normal,Male,2.5,1,CRACKERS/MISC BKD FD,SNACK CRACKERS,2.5,2,2025-02-24
33192252232,406,Normal,Male,2.12,1,FD WRAPS/BAGS/TRSH BG,ALUMINUM FOIL,2.12,2,2025-02-24
33192252232,406,Normal,Male,1.79,2,FLUID MILK PRODUCTS,REFRIGERATED COFFEE CREAMERS,3.58,4,2025-02-24
33192252232,406,Normal,Male,3.69,1,HARDWARE SUPPLIES,GLOVES,3.69,4,2025-02-24
33192252232,406,Normal,Male,1.42,1,POTATOES,POTATOES SWEET&YAMS,1.42,1,2025-02-24
33192252232,406,Normal,Male,1.81,1,FACIAL TISS/DNR NAPKIN,PAPER NAPKINS,1.81,2,2025-02-24
33192252232,406,Normal,Male,2.68,1,COOKIES/CONES,SANDWICH COOKIES,2.68,3,2025-02-24
33192252232,406,Normal,Male,1.73,1,SHORTENING/OIL,CANOLA OILS,1.73,2,2025-02-24
33192252232,406,Normal,Male,1.49,1,DRY BN/VEG/POTATO/RICE,RICE SIDE DISH MIXES DRY,1.49,1,2025-02-24
33192252232,406,Normal,Male,2.39,1,LAUNDRY ADDITIVES,FABRIC SOFTENER LIQUID,2.39,2,2025-02-24
33192252232,406,Normal,Male,1.69,1,SALD DRSNG/SNDWCH SPRD,POURABLE SALAD DRESSINGS,1.69,2,2025-02-24
33192252232,406,Normal,Male,2.99,1,FRZN NOVELTIES/WTR ICE,STICKS/ENROBED,2.99,3,2025-02-24
33192252232,406,Normal,Male,1.09,1,CONDIMENTS/SAUCES,STEAK & WORCHESTER SAUCE,1.09,1,2025-02-24
33192252232,406,Normal,Male,2.39,1,CONDIMENTS/SAUCES,MISC MEAT SAUCES,2.39,2,2025-02-24
33192252232,406,Normal,Male,0.0,0, , ,0.0,0,2025-02-24
33192252232,406,Normal,Male,2.4,1,TOMATOES,TOMATOES GRAPE,2.4,2,2025-02-24
33192252232,406,Normal,Male,1.79,1,SALAD MIX,SALAD SPINACH,1.79,2,2025-02-24
33192252232,406,Normal,Male,3.56,1,SEAFOOD - FROZEN,SEAFOOD-FRE-LIVE SHLFSH-OTHER,3.56,4,2025-02-24
33192252232,406,Normal,Male,2.79,1,BREAKFAST SAUSAGE/SANDWICHES,PATTIES - RAW,2.79,3,2025-02-24
33192252232,406,Normal,Male,1.43,1,BAG SNACKS,POTATO CHIPS,1.43,1,2025-02-24
33192252232,406,Normal,Male,3.49,1,BAG SNACKS,PRETZELS,3.49,3,2025-02-24
33203870450,334,Member,Male,8.9,1,SALAD BAR,SALAD BAR FRESH FRUIT,8.9,9,2025-02-25
33203875319,286,Member,Male,2.19,1,MILK BY-PRODUCTS,SOUR CREAMS,2.19,2,2025-02-25
33203875319,286,Member,Male,1.665,2,CHEESE,SHREDDED CHEESE,3.33,3,2025-02-25
33203875319,286,Member,Male,1.0,1,REFRGRATD JUICES/DRNKS,DAIRY CASE 100% PURE JUICE - O,1.0,1,2025-02-25
33203875319,286,Member,Male,2.0,1,POPCORN,POPCORN - MICROWAVE,2.0,2,2025-02-25
33203875319,286,Member,Male,1.67,1,PASTA SAUCE,MAINSTREAM,1.67,2,2025-02-25
33203875319,286,Member,Male,2.19,1,MISC. DAIRY,MISC DAIRY REFIGERATED,2.19,2,2025-02-25
33203875319,286,Member,Male,2.99,1,BERRIES,RASPBERRIES,2.99,3,2025-02-25
33203875319,286,Member,Male,5.39,1,COLD AND FLU,COLD AND FLU - PSE,5.39,5,2025-02-25
33203875319,286,Member,Male,0.79,1,HISPANIC,MEXICAN SEASONING MIXES,0.79,1,2025-02-25
33203875319,286,Member,Male,3.0,1,DINNER SAUSAGE,SMOKED/COOKED,3.0,3,2025-02-25
33203875319,286,Member,Male,1.05,1,PASTA SAUCE,OTHER ITALIAN SAUCE,1.05,1,2025-02-25
33203875319,286,Member,Male,2.39,2,REFRGRATD DOUGH PRODUCTS,REFRIGERATED SPECILATY ROLLS,4.78,5,2025-02-25
33203875319,286,Member,Male,1.89,1,MILK BY-PRODUCTS,SOUR CREAMS,1.89,2,2025-02-25
33203875319,286,Member,Male,1.59,1,SOUP,CONDENSED SOUP,1.59,2,2025-02-25
33203875319,286,Member,Male,2.69,1,MEAT - SHELF STABLE,CHILI: CANNED,2.69,3,2025-02-25
33203875319,286,Member,Male,2.5,2,HOT DOGS,PREMIUM - BEEF,5.0,5,2025-02-25
33203875319,286,Member,Male,1.5,1,MOLASSES/SYRUP/PANCAKE MIXS,MOLASSES & SYRUPS,1.5,2,2025-02-25
33203875319,286,Member,Male,1.29,1,FLUID MILK PRODUCTS,BUTTERMILK,1.29,1,2025-02-25
33203875319,286,Member,Male,1.0,2,FLUID MILK PRODUCTS,FLUID MILK WHITE ONLY,2.0,2,2025-02-25
33203875319,286,Member,Male,3.79,1,BREAKFAST SAUSAGE/SANDWICHES,PATTIES - RAW,3.79,4,2025-02-25
33203875319,286,Member,Male,0.79,1,SOUP,CONDENSED SOUP,0.79,1,2025-02-25
33203875319,286,Member,Male,1.39,1,CANNED JUICES,FRUIT DRINKS: CANNED & GLASS (,1.39,1,2025-02-25
33203875319,286,Member,Male,0.99,1,FLOUR & MEALS,FLOUR: WHITE & SELF RISING,0.99,1,2025-02-25
33203875319,286,Member,Male,1.99,1,HISPANIC,MEXICAN SOFT TORTILLAS AND WRA,1.99,2,2025-02-25
33203875319,286,Member,Male,2.19,1,MISC. DAIRY,MISC DAIRY REFIGERATED,2.19,2,2025-02-25
33203875319,286,Member,Male,1.59,1,LUNCHMEAT,PEPPERONI/SALAMI,1.59,2,2025-02-25
33203875319,286,Member,Male,1.67,2,DINNER MXS:DRY,MACARONI & CHEESE DNRS,3.34,3,2025-02-25
33203875319,286,Member,Male,1.69,1,BEEF,LEAN,1.69,2,2025-02-25
33203875319,286,Member,Male,3.69,1,BAKED BREAD/BUNS/ROLLS,MAIN MEAL BREAD,3.69,4,2025-02-25
33203875319,286,Member,Male,2.39,1,PAPER HOUSEWARES,DESIGNER PAPER: MEDIUM WEIGHT,2.39,2,2025-02-25
33203875319,286,Member,Male,1.67,2,CHEESE,SHREDDED CHEESE,3.34,3,2025-02-25
33203875319,286,Member,Male,1.0,1,TOMATOES,TOMATOES GRAPE,1.0,1,2025-02-25
33203875319,286,Member,Male,2.5,1,MAGAZINE,WOMEN S GENERAL-MAGAZINE,2.5,2,2025-02-25
33203875319,286,Member,Male,3.19,1,REFRGRATD DOUGH PRODUCTS,REFRIGERATED BISCUITS REGULAR,3.19,3,2025-02-25
33203875319,286,Member,Male,1.99,1,BAKED BREAD/BUNS/ROLLS,HOT DOG BUNS,1.99,2,2025-02-25
33203875319,286,Member,Male,2.5,1,BAKING MIXES,MUFFIN & CORN BREAD MIX,2.5,2,2025-02-25
33203875319,286,Member,Male,1.5,1,BAKED BREAD/BUNS/ROLLS,MAINSTREAM WHITE BREAD,1.5,2,2025-02-25
33203875319,286,Member,Male,2.515,2,PORK,ENHANCED,5.03,5,2025-02-25
33204182239,375,Normal,Female,0.0026587584025306,12645,COUPON/MISC ITEMS,GASOLINE-REG UNLEADED,33.62,34,2025-02-25
33204335021,443,Member,Male,2.0,2,FRZN MEAT/MEAT DINNERS,FRZN SS PREMIUM ENTREES/DNRS/T,4.0,4,2025-02-25
33204447619,343,Normal,Female,2.0,1,FROZEN PIZZA,PIZZA/TRADITIONAL,2.0,2,2025-02-25
33204447619,343,Normal,Female,0.25,1,MAGAZINE,TABLOIDS-MAGAZINE,0.25,0,2025-02-25
33204447619,343,Normal,Female,0.25,1,MAGAZINE,TV/MOVIE-MAGAZINE,0.25,0,2025-02-25
33217282856,422,Member,Male,0.8,1,HISPANIC,ORIENTAL VEGETABLES,0.8,1,2025-02-26
33217282856,422,Member,Male,1.0,1,DRY BN/VEG/POTATO/RICE,RICE SIDE DISH MIXES DRY,1.0,1,2025-02-26
33217282856,422,Member,Male,1.89,1,HISPANIC,ORIENTAL OTHER SAUCES MARINAD,1.89,2,2025-02-26
33217282856,422,Member,Male,8.99,1,FROZEN MEAT,FRZN BREADED PREPARED CHICK,8.99,9,2025-02-26
33217282856,422,Member,Male,4.59,1,SOFT DRINKS,SOFT DRINKS 12/18&15PK CAN CAR,4.59,5,2025-02-26
33217282856,422,Member,Male,1.25,1,ICE CREAM/MILK/SHERBTS,PREMIUM PINTS,1.25,1,2025-02-26
33239160306,27,Member,Male,2.99,3,CIGARETTES,CIGARETTES,8.97,9,2025-02-27
33239160306,27,Member,Male,3.99,2,WATER - CARBONATED/FLVRD DRINK,NON-CRBNTD DRNKING/MNERAL WATE,7.98,8,2025-02-27
33239160306,27,Member,Male,0.0,0,CIGARETTES,CIGARETTES,0.0,0,2025-02-27
33239160306,27,Member,Male,1.39,3,FRZN ICE,ICE - CRUSHED/CUBED,4.17,4,2025-02-27
33294020269,358,Member,Female,1.19,1,BREAD,BREAD:ITALIAN/FRENCH,1.19,1,2025-03-03
33294020269,358,Member,Female,0.2,5,CORN,CORN WHITE,1.0,1,2025-03-03
33294020269,358,Member,Female,1.19,1,BAKING NEEDS,BREADINGS  COATINGS CRUMBS,1.19,1,2025-03-03
33294020269,358,Member,Female,12.88,1,BEEF,SELECT BEEF,12.88,13,2025-03-03
33294020269,358,Member,Female,0.34,1,EGGS,EGGS - MEDIUM,0.34,0,2025-03-03
33294020269,358,Member,Female,1.5,1,FLUID MILK PRODUCTS,REFRIGERATED COFFEE CREAMERS,1.5,2,2025-03-03
33294020269,358,Member,Female,0.88,3,CHEESE,CREAM CHEESE,2.64,3,2025-03-03
33294020269,358,Member,Female,1.67,1,BAKING MIXES,BROWNIE MIX,1.67,2,2025-03-03
33294020269,358,Member,Female,1.0,1,DRY MIX DESSERTS,PUDDINGS DRY,1.0,1,2025-03-03
33294020269,358,Member,Female,0.845,4,BEEF,EXTERNAL,3.38,3,2025-03-03
33294020269,358,Member,Female,0.5,1,PLASTIC HOUSEWARES,PANTRY,0.5,0,2025-03-03
33294352111,306,Normal,Female,1.99,1,SALAD MIX,REGULAR GARDEN,1.99,2,2025-03-03
33294352111,306,Normal,Female,1.89,1,HISPANIC,MEXICAN DINNERS AND FOODS,1.89,2,2025-03-03
33294352111,306,Normal,Female,1.5,2,CHEESE,SHREDDED CHEESE,3.0,3,2025-03-03
33294352111,306,Normal,Female,1.89,1,HISPANIC,MEXICAN DINNERS AND FOODS,1.89,2,2025-03-03
33294352111,306,Normal,Female,0.61,1,TOMATOES,TOMATOES VINE RIPE BULK,0.61,1,2025-03-03
33294352111,306,Normal,Female,1.19,1,BEERS/ALES,BEERALEMALT LIQUORS,1.19,1,2025-03-03
33294352111,306,Normal,Female,1.99,1,SPICES & EXTRACTS,SPICES & SEASONINGS,1.99,2,2025-03-03
33294352111,306,Normal,Female,5.23,1,BEEF,ANGUS,5.23,5,2025-03-03
33294352111,306,Normal,Female,3.91,1,SMOKED MEATS,HAM STEAKS/CUBES/SLICES,3.91,4,2025-03-03
33294405959,380,Member,Male,0.002389406007101,10421,COUPON/MISC ITEMS,GASOLINE-REG UNLEADED,24.9,25,2025-03-03
33329360086,300,Normal,Male,0.5,1,NO COMMODITY DESCRIPTION,NO SUBCOMMODITY DESCRIPTION,0.5,0,2025-03-05
33329360086,300,Normal,Male,4.99,1,ANTACIDS,ANTI-ACIDS,4.99,5,2025-03-05
33329360086,300,Normal,Male,1.99,1,CAT FOOD,DRY CAT FOOD ECONOMY (COST CUT,1.99,2,2025-03-05
33329701280,367,Member,Male,0.5,1,ROLLS,ROLLS: BAGELS,0.5,0,2025-03-06
33329701280,367,Member,Male,1.46,1,FRZN POTATOES,FRZN FRENCH FRIES,1.46,1,2025-03-06
33348369878,380,Normal,Female,2.09,2,PREPARED FOOD,PREP FD: SIDE DISHES (COLD),4.18,4,2025-03-07
33348369878,380,Normal,Female,1.99,2,SALADS/DIPS,VEGETABLE SALADS - PREPACK,3.98,4,2025-03-07
33348369878,380,Normal,Female,2.29,1,CHEESE,IWS SINGLE CHEESE,2.29,2,2025-03-07
33348369878,380,Normal,Female,2.56,1,VALUE ADDED FRUIT,INSTORE CUT FRUIT,2.56,3,2025-03-07
33348369878,380,Normal,Female,0.79,1,PEPPERS-ALL,PEPPERS GREEN BELL,0.79,1,2025-03-07
33348369878,380,Normal,Female,2.19,1,DRY NOODLES/PASTA,MACARONI DRY,2.19,2,2025-03-07
33348369878,380,Normal,Female,1.19,1,VEGETABLES - ALL OTHERS,CABBAGE,1.19,1,2025-03-07
33348369878,380,Normal,Female,0.5,2,PAPER TOWELS,PAPER TOWELS & HOLDERS,1.0,1,2025-03-07
33348369878,380,Normal,Female,1.19,1,PICKLE/RELISH/PKLD VEG,SAL:OLIVES/PICKLS-PRPCK,1.19,1,2025-03-07
33348369878,380,Normal,Female,0.49,1,HOUSEHOLD CLEANG NEEDS,ABRASIVES,0.49,0,2025-03-07
33385743438,401,Member,Female,3.65,1,BUTTER,BUTTER,3.65,4,2025-03-09
33385743438,401,Member,Female,0.0,0,SOFT DRINKS,SFT DRNK SNGL SRV BTL CARB (EX,0.0,0,2025-03-09
33385743438,401,Member,Female,0.99,2,BAKED BREAD/BUNS/ROLLS,MAINSTREAM WHITE BREAD,1.98,2,2025-03-09
33385743438,401,Member,Female,3.69,1,BAKED SWEET GOODS,SWEET GOODS - FULL SIZE,3.69,4,2025-03-09
33385743438,401,Member,Female,5.99,1,FROZEN MEAT,CORN DOGS,5.99,6,2025-03-09
33385743438,401,Member,Female,1.0,10,FLUID MILK PRODUCTS,FLUID MILK WHITE ONLY,10.0,10,2025-03-09
33385743438,401,Member,Female,2.0,1,BAG SNACKS,POTATO CHIPS,2.0,2,2025-03-09
33385743438,401,Member,Female,2.0,1,BAG SNACKS,POTATO CHIPS,2.0,2,2025-03-09
33385743438,401,Member,Female,0.39,2,CRACKERS/MISC BKD FD,MULTI-PACK CRACKERS,0.78,1,2025-03-09
33421213416,422,Member,Male,0.0023687798227675,14670,COUPON/MISC ITEMS,GASOLINE-REG UNLEADED,34.75,35,2025-03-11
33433284026,443,Member,Female,0.99,1,BAKED BREAD/BUNS/ROLLS,MAINSTREAM WHITE BREAD,0.99,1,2025-03-13
33433284026,443,Member,Female,2.69,1,FLUID MILK PRODUCTS,FLUID MILK WHITE ONLY,2.69,3,2025-03-13
33433284026,443,Member,Female,2.99,1,MOLASSES/SYRUP/PANCAKE MIXS,MOLASSES & SYRUPS,2.99,3,2025-03-13
33444161710,364,Normal,Female,1.29,1,BAKED BREAD/BUNS/ROLLS,SANDWICH BUNS,1.29,1,2025-03-14
33444161710,364,Normal,Female,2.29,1,CHEESE,SHREDDED CHEESE,2.29,2,2025-03-14
33444161710,364,Normal,Female,4.03,2,DELI MEATS,MEAT:HAM BULK,8.06,8,2025-03-14
33460845567,439,Member,Female,1.5,1,WAREHOUSE SNACKS,MISC SNACKS,1.5,2,2025-03-16
33460845567,439,Member,Female,2.99,1,COFFEE,FLAVORED BEAN COFFEE,2.99,3,2025-03-16
33460845567,439,Member,Female,4.99,1,DINNER SAUSAGE,FRESH,4.99,5,2025-03-16
33460845567,439,Member,Female,1.59,2,SOUP,CONDENSED SOUP,3.18,3,2025-03-16
33460845567,439,Member,Female,2.99,1,POTATOES,POTATOES RUSSET (BULK&BAG),2.99,3,2025-03-16
33460845567,439,Member,Female,1.15,1,ONIONS,ONIONS SWEET (BULK&BAG),1.15,1,2025-03-16
33460845567,439,Member,Female,0.5,1,NEWSPAPER,NEWSPAPER,0.5,0,2025-03-16
33460845567,439,Member,Female,1.79,1,SHORTENING/OIL,CANOLA OILS,1.79,2,2025-03-16
33460845567,439,Member,Female,7.26,1,SALAD BAR,SALAD BAR FRESH FRUIT,7.26,7,2025-03-16
33460845567,439,Member,Female,3.99,1,SOFT DRINKS,SOFT DRINKS 12/18&15PK CAN CAR,3.99,4,2025-03-16
33460845567,439,Member,Female,2.5,1,SOFT DRINKS,SOFT DRINKS 12/18&15PK CAN CAR,2.5,2,2025-03-16
33460845567,439,Member,Female,1.5,1,BAKED BREAD/BUNS/ROLLS,SANDWICH BUNS,1.5,2,2025-03-16
33460845567,439,Member,Female,3.79,1,BAG SNACKS,MISC BAG SNACKS,3.79,4,2025-03-16
33460845567,439,Member,Female,1.29,1,FACIAL TISS/DNR NAPKIN,FACIAL TISSUE & PAPER HANDKE,1.29,1,2025-03-16
33460845567,439,Member,Female,2.5,1,MEAT - MISC,NON-MEATS - OTHER,2.5,2,2025-03-16
33493350534,33923,Member,Male,0.79,3,HISPANIC,MEXICAN SEASONING MIXES,2.37,2,2025-03-18
33493350534,33923,Member,Male,2.0,1,CONVENIENT BRKFST/WHLSM SNACKS,CEREAL BARS,2.0,2,2025-03-18
33493350534,33923,Member,Male,1.09,1,SALD DRSNG/SNDWCH SPRD,POURABLE SALAD DRESSINGS,1.09,1,2025-03-18
33493350534,33923,Member,Male,2.0,1,CONVENIENT BRKFST/WHLSM SNACKS,CEREAL BARS,2.0,2,2025-03-18
33493350534,33923,Member,Male,2.99,1,CRACKERS/MISC BKD FD,SNACK CRACKERS,2.99,3,2025-03-18
33506472402,296,Member,Male,3.99,1,PET CARE SUPPLIES,DOG & CAT CHEMICALS,3.99,4,2025-03-20
33506472402,296,Member,Male,3.99,1,PET CARE SUPPLIES,DOG & CAT ACCESSORIES,3.99,4,2025-03-20
33506472402,296,Member,Male,9.99,1,DOG FOODS,DRY DOG FOOD PREMIUM (ALPO/PUR,9.99,10,2025-03-20
33506472402,296,Member,Male,1.49,1,PET CARE SUPPLIES,DOG & CAT ACCESSORIES,1.49,1,2025-03-20
33655842788,436,Member,Male,4.64,1,BEEF,CHOICE BEEF,4.64,5,2025-03-23
33655842788,436,Member,Male,6.83,1,BEEF,SELECT BEEF,6.83,7,2025-03-23
33655842788,436,Member,Male,3.93,2,SOFT DRINKS,SOFT DRINKS 20PK&24PK CAN CARB,7.86,8,2025-03-23
33655842788,436,Member,Male,0.0,0,BAG SNACKS,TORTILLA/NACHO CHIPS,0.0,0,2025-03-23
33655842788,436,Member,Male,1.69,1,AUTOMOTIVE PRODUCTS,MOTOR/TRANS/MISC OIL,1.69,2,2025-03-23
33655842788,436,Member,Male,0.0,0,BAG SNACKS,CORN CHIPS,0.0,0,2025-03-23
33655842788,436,Member,Male,0.0,0,BAG SNACKS,POTATO CHIPS,0.0,0,2025-03-23
33655842788,436,Member,Male,3.19,1,BAG SNACKS,DIPS (NON-REFRIGERATED),3.19,3,2025-03-23
33655842788,436,Member,Male,2.99,1,PLASTIC HOUSEWARES,SEASONAL PLASTICS,2.99,3,2025-03-23
33655842788,436,Member,Male,0.0,0,BAG SNACKS,BAGGED POPPED POPCORN,0.0,0,2025-03-23
33656393169,375,Member,Female,0.0029588644264194,17260,COUPON/MISC ITEMS,GASOLINE-REG UNLEADED,51.07,51,2025-03-23
33656733745,367,Member,Female,5.99,2,MEAT - MISC,PEPPERONI/SALAMI,11.98,12,2025-03-24
33656733745,367,Member,Female,3.333333333333333,3,SOFT DRINKS,SFT DRNK MLT-PK BTL CARB (EXCP,10.0,10,2025-03-24
33656733745,367,Member,Female,3.64,2,SEAFOOD - FROZEN,SEAFOOD-FRZ-RAW SHLFSH-OTHER,7.28,7,2025-03-24
33656733745,367,Member,Female,6.74,1,SEAFOOD - FROZEN,SEAFOOD-FRZ-RW-ALL,6.74,7,2025-03-24
33657616710,410,Member,Male,2.0,2,SOFT DRINKS,SOFT DRINKS 12/18&15PK CAN CAR,4.0,4,2025-03-25
33658746777,292,Member,Male,2.5,2,ICE CREAM/MILK/SHERBTS,TRADITIONAL,5.0,5,2025-03-27
33658746777,292,Member,Male,2.5,2,MELONS,HONEYDEW WHOLE,5.0,5,2025-03-27
33658746777,292,Member,Male,3.95,1,GRAPES,GRAPES RED,3.95,4,2025-03-27
33658746777,292,Member,Male,1.0,2,REFRGRATD JUICES/DRNKS,DAIRY CASE 100% PURE JUICE - O,2.0,2,2025-03-27
33658746777,292,Member,Male,3.49,2,PROCESSED,DIPS,6.98,7,2025-03-27
33658746777,292,Member,Male,1.0,6,FLUID MILK PRODUCTS,FLUID MILK WHITE ONLY,6.0,6,2025-03-27
33658746777,292,Member,Male,1.67,2,MELONS,CANTALOUPE WHOLE,3.34,3,2025-03-27
33658746777,292,Member,Male,0.5,1,SOFT DRINKS,SFT DRNK MLT-PK BTL CARB (EXCP,0.5,0,2025-03-27
33658746777,292,Member,Male,1.0,1,FRZN NOVELTIES/WTR ICE,WATER ICE,1.0,1,2025-03-27
33658746777,292,Member,Male,5.51,1,SALAD BAR,SALAD BAR FRESH FRUIT,5.51,6,2025-03-27
33658746777,292,Member,Male,0.29,2,SALAD BAR,CONDIMENTS/SUPPLIES,0.58,1,2025-03-27
33658746777,292,Member,Male,2.0,2,BERRIES,STRAWBERRIES,4.0,4,2025-03-27
33658746777,292,Member,Male,2.99,4,CHEESE,LOAF CHEESE,11.96,12,2025-03-27
33658746777,292,Member,Male,0.5,1,SOFT DRINKS,SFT DRNK MLT-PK BTL CARB (EXCP,0.5,0,2025-03-27
33659161729,296,Member,Female,0.66,1,MARGARINES,MARGARINE  STICK,0.66,1,2025-03-28
33659161729,296,Member,Female,1.49,1,BAKING NEEDS,PIE FILLING MINCEMEAT GLAZES,1.49,1,2025-03-28
33659161729,296,Member,Female,0.99,1,BAKING MIXES,BROWNIE MIX,0.99,1,2025-03-28
33659161729,296,Member,Female,2.39,1,BAKING NEEDS,PIE FILLING MINCEMEAT GLAZES,2.39,2,2025-03-28
33659161729,296,Member,Female,3.08,1,DOG FOODS,DRY DOG ECONOMY (COST CUTTER/F,3.08,3,2025-03-28
33659161729,296,Member,Female,0.92,1,BAKING MIXES,LAYER CAKE MIX,0.92,1,2025-03-28
33659161729,296,Member,Female,0.92,1,BAKING MIXES,LAYER CAKE MIX,0.92,1,2025-03-28
33659161729,296,Member,Female,1.5,1,CANDY - PACKAGED,CANDY BOXED CHOCOLATES W/FLOUR,1.5,2,2025-03-28
33659161729,296,Member,Female,1.5,2,CANDY - PACKAGED,CANDY BOXED CHOCOLATES W/FLOUR,3.0,3,2025-03-28
33660237411,304,Member,Male,2.5,1,DINNER SAUSAGE,SMOKED/COOKED,2.5,2,2025-03-29
33660237411,304,Member,Male,1.0,1,ICE CREAM/MILK/SHERBTS,PREMIUM PINTS,1.0,1,2025-03-29
33660237411,304,Member,Male,1.0,1,ICE CREAM/MILK/SHERBTS,PREMIUM PINTS,1.0,1,2025-03-29
33660237411,304,Member,Male,1.0,1,BAKED SWEET GOODS,SNACK CAKE - MULTI PACK,1.0,1,2025-03-29
33660237411,304,Member,Male,1.0,2,FROZEN PIZZA,PIZZA/ECONOMY,2.0,2,2025-03-29
33660237411,304,Member,Male,2.5,1,COOKIES,COOKIES: REGULAR,2.5,2,2025-03-29
33660237411,304,Member,Male,2.5,1,BREAKFAST SAUSAGE/SANDWICHES,LINKS - RAW,2.5,2,2025-03-29
33660237411,304,Member,Male,2.0,1,FROZEN PIZZA,PIZZA/TRADITIONAL,2.0,2,2025-03-29
33660237411,304,Member,Male,0.43,1,TROPICAL FRUIT,BANANAS,0.43,0,2025-03-29
33660237411,304,Member,Male,2.0,1,FROZEN PIZZA,PIZZA/TRADITIONAL,2.0,2,2025-03-29
33660237411,304,Member,Male,1.0,2,FROZEN PIZZA,PIZZA/ECONOMY,2.0,2,2025-03-29
33660237411,304,Member,Male,2.5,1,DINNER SAUSAGE,SMOKED/COOKED,2.5,2,2025-03-29
33660237411,304,Member,Male,1.29,1,BAKED SWEET GOODS,SNACK CAKE - MULTI PACK,1.29,1,2025-03-29
33660237411,304,Member,Male,2.5,1,BREAKFAST SAUSAGE/SANDWICHES,LINKS - RAW,2.5,2,2025-03-29
33660237411,304,Member,Male,1.0,1,BREAKFAST SWEETS,SW GDS:DONUTS,1.0,1,2025-03-29
33660237411,304,Member,Male,1.0,1,BREAKFAST SWEETS,SW GDS:DONUTS,1.0,1,2025-03-29
33767930757,296,Member,Female,1.0,1,BAKED BREAD/BUNS/ROLLS,MAINSTREAM WHITE BREAD,1.0,1,2025-03-30
33767930757,296,Member,Female,1.0,1,FLUID MILK PRODUCTS,FLUID MILK WHITE ONLY,1.0,1,2025-03-30
33770173264,304,Member,Female,2.29,1,MAKEUP AND TREATMENT,APPLICATORS,2.29,2,2025-04-02
33770173264,304,Member,Female,2.86,2,CIGARETTES,CIGARETTES,5.72,6,2025-04-02
33770173264,304,Member,Female,8.49,1,BEERS/ALES,BEERALEMALT LIQUORS,8.49,8,2025-04-02
33770173264,304,Member,Female,4.34,1,SUNTAN,SUNLESS PRODUCTS,4.34,4,2025-04-02
33770173264,304,Member,Female,1.99,1,MAGAZINE,WOMEN S GENERAL-MAGAZINE,1.99,2,2025-04-02
33823937882,316,Member,Female,2.0,20,FD WRAPS/BAGS/TRSH BG,GARBAGE KITCHEN COMPACTOR BA,40.0,40,2025-04-04
33823937882,316,Member,Female,16.96,1,VALUE ADDED FRUIT,INSTORE CUT FRUIT,16.96,17,2025-04-04
33919155094,31782,Member,Female,1.97,1,FIREWORKS,AGE RESTRICTED FIREWORKS,1.97,2,2025-04-09
33919155094,31782,Member,Female,13.45,1,BOOKSTORE,HARDBACK/TRADE EVERYDAY,13.45,13,2025-04-09
33919155094,31782,Member,Female,1.5,1,CANDY - PACKAGED,NOVELTY CANDY,1.5,2,2025-04-09
33956777879,31862,Member,Male,3.0,1,FRZN MEAT/MEAT DINNERS,FRZN SS PREMIUM ENTREES/DNRS/T,3.0,3,2025-04-12
33956777879,31862,Member,Male,1.29,1,SOFT DRINKS,SFT DRNK SNGL SRV BTL CARB (EX,1.29,1,2025-04-12
33957328542,345,Member,Male,3.15,1,BUTTER,BUTTER,3.15,3,2025-04-12
33957328542,345,Member,Male,1.5,1,FLUID MILK PRODUCTS,FLUID MILK WHITE ONLY,1.5,2,2025-04-12
33971001311,372,Member,Female,0.3333333333333333,3,CAT FOOD,CANNED CAT FOOD (9 LIVES/FRISK,1.0,1,2025-04-13
33971001311,372,Member,Female,4.99,1,BEERS/ALES,BEERALEMALT LIQUORS,4.99,5,2025-04-13
33971001311,372,Member,Female,1.69,1,CAT FOOD,DRY CAT FOOD (CAT CHOW/FRISKIE,1.69,2,2025-04-13
33971212221,410,Member,Female,3.44,2,CIGARETTES,CIGARETTES,6.88,7,2025-04-13
33971212221,410,Member,Female,1.5,1,SALD DRSNG/SNDWCH SPRD,SEMI-SOLID SALAD DRESSING MAY,1.5,2,2025-04-13
33971212221,410,Member,Female,2.5,1,ICE CREAM/MILK/SHERBTS,PREMIUM,2.5,2,2025-04-13
33971212221,410,Member,Female,1.25,1,POPCORN,POPCORN - MICROWAVE,1.25,1,2025-04-13
33971212221,410,Member,Female,1.59,1,DINNER MXS:DRY,PACKAGE DINNERS: OTHER,1.59,2,2025-04-13
33971212221,410,Member,Female,1.67,1,CONDIMENTS/SAUCES,STEAK & WORCHESTER SAUCE,1.67,2,2025-04-13
33971212221,410,Member,Female,1.79,1,SPICES & EXTRACTS,CROUTONS SALAD TOPPERS BREAD,1.79,2,2025-04-13
33971212221,410,Member,Female,0.5,2,VEGETABLES - SHELF STABLE,MUSHROOMS CND & GLASS,1.0,1,2025-04-13
33971212221,410,Member,Female,3.99,1,CHARCOAL AND LIGHTER FLUID,CAMPING APPLIANCES,3.99,4,2025-04-13
33971212221,410,Member,Female,7.125,2,BEEF,SELECT BEEF,14.25,14,2025-04-13
33971212221,410,Member,Female,1.0,1,BROOMS AND MOPS,SPONGES: BATH HOUSEHOLD,1.0,1,2025-04-13
33971212221,410,Member,Female,0.89,1,FD WRAPS/BAGS/TRSH BG,ALUMINUM FOIL,0.89,1,2025-04-13
33971212221,410,Member,Female,1.99,1,FRZN VEGETABLE/VEG DSH,FRZN CORN ON THE COB,1.99,2,2025-04-13
33971212221,410,Member,Female,4.29,1,LAUNDRY ADDITIVES,FABRIC SOFTENER LIQUID,4.29,4,2025-04-13
33971212221,410,Member,Female,3.99,1,SPRING/SUMMER SEASONAL,GRILL ACCESSORIES,3.99,4,2025-04-13
33971212221,410,Member,Female,3.99,4,PET CARE SUPPLIES,PROMO BED PILLOWS,15.96,16,2025-04-13
33983272282,358,Member,Male,3.0,1,FRZN MEAT/MEAT DINNERS,FRZN MEAT ALTERNATIVES,3.0,3,2025-04-14
33983272282,358,Member,Male,3.0,2,FRZN MEAT/MEAT DINNERS,FRZN MEAT ALTERNATIVES,6.0,6,2025-04-14
33983272282,358,Member,Male,1.64,1,VALUE ADDED FRUIT,MELON HALVES/QUARTERS,1.64,2,2025-04-14
33983272282,358,Member,Male,2.5,1,FRZN NOVELTIES/WTR ICE,ADULT PREMIUM,2.5,2,2025-04-14
33983272282,358,Member,Male,3.0,2,FRZN MEAT/MEAT DINNERS,FRZN MEAT ALTERNATIVES,6.0,6,2025-04-14
33983272282,358,Member,Male,1.78,1,CHEESE,NATURAL CHEESE EXACT WT CHUNKS,1.78,2,2025-04-14
33983272282,358,Member,Male,1.79,1,ROLLS,ROLLS: SANDWICH,1.79,2,2025-04-14
33983272282,358,Member,Male,3.29,1,APPLES,APPLES GALA (BULK&BAG),3.29,3,2025-04-14
33983272282,358,Member,Male,2.0,1,FLUID MILK PRODUCTS,FLUID MILK WHITE ONLY,2.0,2,2025-04-14
33983272282,358,Member,Male,1.0,1,SOFT DRINKS,SFT DRNK SNGL SRV BTL CARB (EX,1.0,1,2025-04-14
33983272282,358,Member,Male,1.0,1,SOFT DRINKS,SFT DRNK SNGL SRV BTL CARB (EX,1.0,1,2025-04-14
33983272282,358,Member,Male,0.335,2,CANDY - CHECKLANE,CANDY BARS (SINGLES)(INCLUDING,0.67,1,2025-04-14
33983272282,358,Member,Male,3.0,2,FRZN MEAT/MEAT DINNERS,FRZN MEAT ALTERNATIVES,6.0,6,2025-04-14
34009822644,330,Member,Female,1.59,1,SPICES & EXTRACTS,TABLE SALT POPCORN SALTICE C,1.59,2,2025-04-16
34009822644,330,Member,Female,3.29,1,SPICES & EXTRACTS,SPICES & SEASONINGS,3.29,3,2025-04-16
34009822644,330,Member,Female,9.12,1,PORK,ENHANCED,9.12,9,2025-04-16
34009823385,330,Member,Male,0.0028987607797666,13799,COUPON/MISC ITEMS,GASOLINE-REG UNLEADED,40.0,40,2025-04-16
34009942400,368,Normal,Male,2.42,2,BEEF,CHOICE BEEF,4.84,5,2025-04-16
34009942400,368,Normal,Male,2.0,1,COLD CEREAL,ADULT CEREAL,2.0,2,2025-04-16
34009942400,368,Normal,Male,3.0,1,COLD CEREAL,ALL FAMILY CEREAL,3.0,3,2025-04-16
34009942400,368,Normal,Male,2.0,1,FLUID MILK PRODUCTS,FLUID MILK WHITE ONLY,2.0,2,2025-04-16
34009942400,368,Normal,Male,1.0,1,BROOMS AND MOPS,SCOURING PADS & CLOTH,1.0,1,2025-04-16
34009942400,368,Normal,Male,1.42,1,TROPICAL FRUIT,BANANAS,1.42,1,2025-04-16
34009942400,368,Normal,Male,5.87,2,BEEF,CHOICE BEEF,11.74,12,2025-04-16
34010037267,335,Member,Male,0.79,2,DRY BN/VEG/POTATO/RICE,POTATOES: DRY,1.58,2,2025-04-16
34010037267,335,Member,Male,2.5,1,CRACKERS/MISC BKD FD,BUTTER SPRAY CRACKER (RITZ/CLU,2.5,2,2025-04-16
34010037267,335,Member,Male,0.79,2,DRY BN/VEG/POTATO/RICE,POTATOES: DRY,1.58,2,2025-04-16
34010037267,335,Member,Male,3.49,1,DINNER MXS:DRY,MEAT INCLUDED,3.49,3,2025-04-16
34010555719,292,Member,Male,2.99,1,BREAKFAST SAUSAGE/SANDWICHES,OTHER,2.99,3,2025-04-17
34010555719,292,Member,Male,0.75,1,BAKED BREAD/BUNS/ROLLS,MAINSTREAM WHITE BREAD,0.75,1,2025-04-17
34010555719,292,Member,Male,0.59,1,SOFT DRINKS,SFT DRNK 2 LITER BTL CARB INCL,0.59,1,2025-04-17
34010555719,292,Member,Male,0.59,1,SOFT DRINKS,SFT DRNK 2 LITER BTL CARB INCL,0.59,1,2025-04-17
34073275533,433,Member,Female,8.99,1,HOUSEHOLD CLEANG NEEDS,FLOOR - CARPET & UPHOLSTERY,8.99,9,2025-04-21
34073275533,433,Member,Female,3.0,1,HOUSEHOLD CLEANG NEEDS,FLOOR - DILUTABLES,3.0,3,2025-04-21
34073275533,433,Member,Female,2.79,1,HOUSEHOLD CLEANG NEEDS,FLOOR - DILUTABLES,2.79,3,2025-04-21
34073275533,433,Member,Female,8.99,1,FRZN MEAT/MEAT DINNERS,FRZN MULTI SERVE ENTREES ALL,8.99,9,2025-04-21
34137444315,370,Normal,Male,2.99,1,BREAKFAST SWEETS,SW GDS:DONUTS,2.99,3,2025-04-22
34164502389,333,Member,Male,7.99,8,GARDEN CENTER,PREMIUM ANNUALS (OUTDOOR),63.92,64,2025-04-27
34164502389,333,Member,Male,3.99,4,FLORAL-FOLIAGE PLANTS,FOLIAGE HANGING BASKETS,15.96,16,2025-04-27
34178547664,313,Member,Male,0.79,1,EGGS,EGGS - LARGE,0.79,1,2025-04-28
34178547664,313,Member,Male,8.99,1,CAKES,CAKES: LAYERS,8.99,9,2025-04-28
34178547664,313,Member,Male,1.79,1,MARGARINES,MARGARINE: TUBS AND BOWLS,1.79,2,2025-04-28
34178547664,313,Member,Male,0.99,2,BAKED BREAD/BUNS/ROLLS,MAINSTREAM WHITE BREAD,1.98,2,2025-04-28
34178547664,313,Member,Male,1.0,1,BREAKFAST SWEETS,SW GDS: SW ROLLS/DAN,1.0,1,2025-04-28
34178547664,313,Member,Male,1.89,1,LUNCHMEAT,BOLOGNA,1.89,2,2025-04-28
34178547664,313,Member,Male,4.99,1,ICE CREAM/MILK/SHERBTS,PREMIUM,4.99,5,2025-04-28
34178547664,313,Member,Male,13.69,1,FRZN MEAT/MEAT DINNERS,FRZN MULTI SERVE ENTREES ALL,13.69,14,2025-04-28
34178547664,313,Member,Male,2.19,2,CHEESE,IWS SINGLE CHEESE,4.38,4,2025-04-28
34178547664,313,Member,Male,2.0,2,COOKIES/CONES,SANDWICH COOKIES,4.0,4,2025-04-28
34178547664,313,Member,Male,1.29,1,TROPICAL FRUIT,BANANAS,1.29,1,2025-04-28
34178547664,313,Member,Male,2.32,1,FLUID MILK PRODUCTS,FLUID MILK WHITE ONLY,2.32,2,2025-04-28
34178547664,313,Member,Male,3.99,1,AIR CARE,AIR CARE - CONTINUOUS - NON EL,3.99,4,2025-04-28
34178547664,313,Member,Male,2.5,2,LUNCHMEAT,VARIETY PACK,5.0,5,2025-04-28
34178547664,313,Member,Male,2.0,1,PET CARE SUPPLIES,RAWHIDE CHEWS,2.0,2,2025-04-28
34178621882,298,Member,Male,2.69,1,FRZN POTATOES,FRZN FRENCH FRIES,2.69,3,2025-04-28
34226705812,354,Member,Female,3.0,1,CHEESES,CHEESE: PROCESSED BULK,3.0,3,2025-05-02
34226705812,354,Member,Female,1.55,2,CRACKERS/MISC BKD FD,MULTI-PACK CRACKERS,3.1,3,2025-05-02
34226705812,354,Member,Female,2.29,1,BAKED BREAD/BUNS/ROLLS,RYE BREADS,2.29,2,2025-05-02
34226705812,354,Member,Female,1.23,2,BEEF,CUBED MEATS,2.46,2,2025-05-02
34226705812,354,Member,Female,1.0,1,CRACKERS/MISC BKD FD,SOUP CRACKERS (SALTINE/OYSTER),1.0,1,2025-05-02
34226705812,354,Member,Female,2.03,1,DELI MEATS,MEAT: BEEF BULK,2.03,2,2025-05-02
34226705812,354,Member,Female,1.92,1,DELI MEATS,MEAT: CHICKEN BULK,1.92,2,2025-05-02
34226705812,354,Member,Female,2.46,1,DELI MEATS,MEAT: TURKEY BULK,2.46,2,2025-05-02
34226705812,354,Member,Female,2.16,1,DELI MEATS,MEAT:HAM BULK,2.16,2,2025-05-02
34226705812,354,Member,Female,2.99,1,CAKES,CAKES: CREME/PUDDING,2.99,3,2025-05-02
34227035496,433,Member,Male,2.99,1,CHEESES,CHEESE:SPECIALTY PREPACK,2.99,3,2025-05-02
34227035496,433,Member,Male,2.19,1,VEGETABLES - SHELF STABLE,MISCELLANEOUS VEGETABLES,2.19,2,2025-05-02
34258696302,292,Member,Female,1.79,2,FRUIT - SHELF STABLE,CRANBERRY SAUCE,3.58,4,2025-05-03
34258696302,292,Member,Female,1.25,1,CHEESE,NATURAL CHEESE EXACT WT CHUNKS,1.25,1,2025-05-03
34258696302,292,Member,Female,1.25,1,CHEESE,NATURAL CHEESE EXACT WT CHUNKS,1.25,1,2025-05-03
34258696302,292,Member,Female,2.29,1,SPICES & EXTRACTS,SPICES & SEASONINGS,2.29,2,2025-05-03
34258696302,292,Member,Female,2.84,1,DELI MEATS,MEAT:HAM BULK,2.84,3,2025-05-03
34258696302,292,Member,Female,1.25,1,CHEESE,NATURAL CHEESE EXACT WT CHUNKS,1.25,1,2025-05-03
34258696302,292,Member,Female,1.25,1,CHEESE,NATURAL CHEESE EXACT WT CHUNKS,1.25,1,2025-05-03
34258696302,292,Member,Female,2.69,1,DINNER MXS:DRY,STUFFING MIXES,2.69,3,2025-05-03
34258696302,292,Member,Female,1.8,1,CHEESES,CHEESE: NATURAL BULK,1.8,2,2025-05-03
34258696302,292,Member,Female,2.03,1,DELI MEATS,MEAT: TURKEY BULK,2.03,2,2025-05-03
34258807929,333,Member,Female,1.89,1,MARGARINES,MARGARINE: TUBS AND BOWLS,1.89,2,2025-05-03
34258807929,333,Member,Female,2.5,1,YOGURT,YOGURT MULTI-PACKS,2.5,2,2025-05-03
34258807929,333,Member,Female,2.5,1,ICE CREAM/MILK/SHERBTS,TRADITIONAL,2.5,2,2025-05-03
34258807929,333,Member,Female,0.5,2,PEPPERS-ALL,PEPPERS GREEN BELL,1.0,1,2025-05-03
34258807929,333,Member,Female,3.19,1,COLD CEREAL,ALL FAMILY CEREAL,3.19,3,2025-05-03
34258807929,333,Member,Female,2.32,1,FLUID MILK PRODUCTS,FLUID MILK WHITE ONLY,2.32,2,2025-05-03
34258807929,333,Member,Female,0.6,1,YOGURT,YOGURT NOT MULTI-PACKS,0.6,1,2025-05-03
34258807929,333,Member,Female,2.5,1,ICE CREAM/MILK/SHERBTS,TRADITIONAL,2.5,2,2025-05-03
34258807929,333,Member,Female,0.6,1,YOGURT,YOGURT NOT MULTI-PACKS,0.6,1,2025-05-03
34258807929,333,Member,Female,3.19,1,COLD CEREAL,KIDS CEREAL,3.19,3,2025-05-03
34258807929,333,Member,Female,1.88,1,BAG SNACKS,POTATO CHIPS,1.88,2,2025-05-03
34267611598,439,Member,Male,3.99,1,TROPICAL FRUIT,PINEAPPLE WHOLE&PEEL/CORED,3.99,4,2025-05-04
34267611598,439,Member,Male,0.67,1,VEGETABLES - ALL OTHERS,CUCUMBERS,0.67,1,2025-05-04
34267611598,439,Member,Male,2.5,1,BAKED BREAD/BUNS/ROLLS,PREMIUM BREAD,2.5,2,2025-05-04
34267611598,439,Member,Male,3.99,1,CARROTS,CARROTS BAGGED,3.99,4,2025-05-04
34267611598,439,Member,Male,6.56,1,STONE FRUIT,PEACHES YELLOW FLESH,6.56,7,2025-05-04
34267611598,439,Member,Male,2.99,1,POTATOES,POTATOES OTHER,2.99,3,2025-05-04
34267611598,439,Member,Male,2.93,1,STONE FRUIT,PLUMS,2.93,3,2025-05-04
34267611598,439,Member,Male,0.79,2,CITRUS,GRAPEFRUIT,1.58,2,2025-05-04
34267611598,439,Member,Male,2.99,1,BREAD,BREAD:SAVORY/SPECIALTY,2.99,3,2025-05-04
34267611598,439,Member,Male,2.99,1,SEAFOOD - MISC,SEAFOOD-MISC-SAUCES/MARIN-WET,2.99,3,2025-05-04
34267611598,439,Member,Male,0.25,4,CORN,CORN YELLOW,1.0,1,2025-05-04
34267611598,439,Member,Male,2.32,1,FLUID MILK PRODUCTS,FLUID MILK WHITE ONLY,2.32,2,2025-05-04
34267611598,439,Member,Male,1.98,1,ONIONS,ONIONS SWEET (BULK&BAG),1.98,2,2025-05-04
34267611598,439,Member,Male,2.16,1,MILK BY-PRODUCTS,COTTAGE CHEESE,2.16,2,2025-05-04
34267611598,439,Member,Male,3.82,1,ORGANICS FRUIT & VEGETABLES,ORGANIC GRAPES,3.82,4,2025-05-04
34267611598,439,Member,Male,6.09,1,STONE FRUIT,CHERRIES RANIER,6.09,6,2025-05-04
34267611598,439,Member,Male,0.5,1,NEWSPAPER,NEWSPAPER,0.5,0,2025-05-04
34267611598,439,Member,Male,2.32,1,FLUID MILK PRODUCTS,FLUID MILK WHITE ONLY,2.32,2,2025-05-04
34267611598,439,Member,Male,3.99,1,FRZN NOVELTIES/WTR ICE,ICE CREAM SANDWICHES,3.99,4,2025-05-04
34267611598,439,Member,Male,1.0,1,MILK BY-PRODUCTS,SOUR CREAMS,1.0,1,2025-05-04
34267611598,439,Member,Male,1.79,1,FRZN NOVELTIES/WTR ICE,STICKS/ENROBED,1.79,2,2025-05-04
34267611598,439,Member,Male,1.99,1,BREAD,BREAD:ITALIAN/FRENCH,1.99,2,2025-05-04
34267611598,439,Member,Male,2.69,1,STATIONERY & SCHOOL SUPPLIES,WRITING INSTRUMENTS,2.69,3,2025-05-04
34267611598,439,Member,Male,10.07,1,SEAFOOD-FRESH,SEAFOOD-FRE-RAW FINFISH-OTHER,10.07,10,2025-05-04
34267611598,439,Member,Male,3.19,1,STATIONERY & SCHOOL SUPPLIES,WRITING INSTRUMENTS,3.19,3,2025-05-04
34267611598,439,Member,Male,3.99,1,FRZN NOVELTIES/WTR ICE,ADULT PREMIUM,3.99,4,2025-05-04
34267611598,439,Member,Male,2.99,1,FRZN NOVELTIES/WTR ICE,STICKS/ENROBED,2.99,3,2025-05-04
34267611598,439,Member,Male,17.79,1,BEEF,ANGUS BEEF,17.79,18,2025-05-04
34267651185,333,Member,Male,0.4,4,FRZN MEAT/MEAT DINNERS,SS ECONOMY ENTREES/DINNERS ALL,1.6,2,2025-05-04
34267651185,333,Member,Male,2.145,2,BACON,PREMIUM,4.29,4,2025-05-04
34267651185,333,Member,Male,1.0,3,SOFT DRINKS,SOFT DRINKS 6PK/4PK CAN CARB (,3.0,3,2025-05-04
34267651185,333,Member,Male,2.28,1,STONE FRUIT,PEACHES YELLOW FLESH,2.28,2,2025-05-04
34267651185,333,Member,Male,0.3999999999999999,3,FRZN MEAT/MEAT DINNERS,SS ECONOMY ENTREES/DINNERS ALL,1.2,1,2025-05-04
34267651185,333,Member,Male,1.0,1,SOFT DRINKS,SOFT DRINKS 6PK/4PK CAN CARB (,1.0,1,2025-05-04
34267651185,333,Member,Male,3.29,1,SEAFOOD - FROZEN,FRZN BRD WHOLE FILLETS,3.29,3,2025-05-04
34267651185,333,Member,Male,1.0,1,SOFT DRINKS,SOFT DRINKS 6PK/4PK CAN CARB (,1.0,1,2025-05-04
34267651185,333,Member,Male,2.01,1,POTATOES,POTATOES SWEET&YAMS,2.01,2,2025-05-04
34267651185,333,Member,Male,1.25,1,MELONS,CANTALOUPE WHOLE,1.25,1,2025-05-04
34267651185,333,Member,Male,0.3999999999999999,3,FRZN MEAT/MEAT DINNERS,SS ECONOMY ENTREES/DINNERS ALL,1.2,1,2025-05-04
34267651185,333,Member,Male,1.86,1,VEGETABLES - ALL OTHERS,BEANS,1.86,2,2025-05-04
34267651185,333,Member,Male,0.75,1,NEWSPAPER,NEWSPAPER,0.75,1,2025-05-04
34267651185,333,Member,Male,1.02,1,TROPICAL FRUIT,BANANAS,1.02,1,2025-05-04
34267651185,333,Member,Male,2.29,1,MARGARINES,MARGARINE: TUBS AND BOWLS,2.29,2,2025-05-04
34267651185,333,Member,Male,1.0,1,SOFT DRINKS,SOFT DRINKS CAN NON-CARB (EXCE,1.0,1,2025-05-04
34267651185,333,Member,Male,1.0,2,SOFT DRINKS,SOFT DRINKS 6PK/4PK CAN CARB (,2.0,2,2025-05-04
34267651185,333,Member,Male,1.46,1,VALUE ADDED FRUIT,MELON HALVES/QUARTERS,1.46,1,2025-05-04
34267651185,333,Member,Male,1.45,1,DELI MEATS,MEAT: TURKEY BULK,1.45,1,2025-05-04
34267651185,333,Member,Male,3.22,1,DELI MEATS,MEAT: BEEF BULK,3.22,3,2025-05-04
34291785733,330,Member,Male,1.0,1,SOFT DRINKS,TEA UNSWEETENED,1.0,1,2025-05-05
34291785733,330,Member,Male,1.39,1,PIES,PIES: FRUIT/NUT,1.39,1,2025-05-05
34291786914,330,Member,Female,4.99,1,ANTACIDS,ANTI-ACIDS,4.99,5,2025-05-05
34291786914,330,Member,Female,1.83,4,SOUP,RTS SOUP: CHUNKY/HOMESTYLE ET,7.32,7,2025-05-05
34291932760,339,Member,Male,2.49,1,HOUSEHOLD CLEANG NEEDS,BATHROOM CLEANERS - SPECIALTY,2.49,2,2025-05-05
34291932760,339,Member,Male,0.99,1,FIRST AID PRODUCTS,LINAMENTS,0.99,1,2025-05-05
34291932760,339,Member,Male,0.79,1,EGGS,EGGS - X-LARGE,0.79,1,2025-05-05
34321827663,384,Member,Female,1.4,1,DELI MEATS,MEAT: BEEF BULK,1.4,1,2025-05-06
34321827663,384,Member,Female,1.02,1,DELI MEATS,MEAT: LUNCHMEAT BULK,1.02,1,2025-05-06
34321827663,384,Member,Female,2.04,1,DELI MEATS,MEAT: SAUS DRY BULK,2.04,2,2025-05-06
34321827663,384,Member,Female,1.99,1,BAKED BREAD/BUNS/ROLLS,MAINSTREAM WHITE BREAD,1.99,2,2025-05-06
34321827663,384,Member,Female,2.03,1,DELI MEATS,MEAT: TURKEY BULK,2.03,2,2025-05-06
34321827663,384,Member,Female,3.09,1,HISPANIC,AUTHENTIC PEPPERS,3.09,3,2025-05-06
34321827663,384,Member,Female,0.0,0, , ,0.0,0,2025-05-06
34321827663,384,Member,Female,0.57,1,FROZEN PIZZA,PIZZA/ECONOMY,0.57,1,2025-05-06
34321827663,384,Member,Female,0.57,1,FROZEN PIZZA,PIZZA/ECONOMY,0.57,1,2025-05-06
34321827663,384,Member,Female,0.57,1,FROZEN PIZZA,PIZZA/ECONOMY,0.57,1,2025-05-06
34321827663,384,Member,Female,0.57,1,FROZEN PIZZA,PIZZA/ECONOMY,0.57,1,2025-05-06
34321827663,384,Member,Female,0.6,1,CANDY - PACKAGED,CANDY BARS (SINGLES)(INCLUDING,0.6,1,2025-05-06
34321827663,384,Member,Female,2.5,1,CANNED JUICES,ASEPTIC PACK JUICE AND DRINKS,2.5,2,2025-05-06
34321827663,384,Member,Female,2.5,1,CANNED JUICES,ASEPTIC PACK JUICE AND DRINKS,2.5,2,2025-05-06
34338092863,306,Member,Male,4.69,1,CHEESE,NATURAL CHEESE EXACT WT CHUNKS,4.69,5,2025-05-07
34338092863,306,Member,Male,0.99,1,HISPANIC,MEXICAN SEASONING MIXES,0.99,1,2025-05-07
34338092863,306,Member,Male,0.79,1,HISPANIC,MEXICAN SEASONING MIXES,0.79,1,2025-05-07
34338092863,306,Member,Male,0.99,1,VEGETABLES SALAD,HEAD LETTUCE,0.99,1,2025-05-07
34338092863,306,Member,Male,1.99,2,CHEESE,CREAM CHEESE,3.98,4,2025-05-07
34338092863,306,Member,Male,1.48,1,BAG SNACKS,CORN CHIPS,1.48,1,2025-05-07
34338092863,306,Member,Male,2.99,1,TOMATOES,TOMATOES VINE RIPE PKG,2.99,3,2025-05-07
34338092863,306,Member,Male,1.67,1,MILK BY-PRODUCTS,REFRIG DIPS,1.67,2,2025-05-07
34338546788,404,Member,Male,2.99,2,SALAD MIX,KITS,5.98,6,2025-05-08
34338546788,404,Member,Male,1.19,2,BEANS - CANNED GLASS & MW,PREPARED BEANS - BAKED W/PORK,2.38,2,2025-05-08
34338546788,404,Member,Male,1.99,1,FD WRAPS/BAGS/TRSH BG,SANDWICH BAGS,1.99,2,2025-05-08
34338546788,404,Member,Male,0.52,2,SEAFOOD - SHELF STABLE,TUNA,1.04,1,2025-05-08
34338546788,404,Member,Male,1.5,1,BAKED BREAD/BUNS/ROLLS,MAINSTREAM WHEAT/MULTIGRAIN BR,1.5,2,2025-05-08
34338546788,404,Member,Male,4.49,1,CAT FOOD,CANNED CAT FOOD (9 LIVES/FRISK,4.49,4,2025-05-08
34338546788,404,Member,Male,1.49,1,SOFT DRINKS,SOFT DRINKS 6PK/4PK CAN CARB (,1.49,1,2025-05-08
34338546788,404,Member,Male,1.49,1,SOFT DRINKS,SOFT DRINKS 6PK/4PK CAN CARB (,1.49,1,2025-05-08
34338546788,404,Member,Male,1.49,1,SOFT DRINKS,SOFT DRINKS 6PK/4PK CAN CARB (,1.49,1,2025-05-08
34338546788,404,Member,Male,1.89,1,PAPER HOUSEWARES,FOAM PLATES,1.89,2,2025-05-08
34338546788,404,Member,Male,11.99,1,DOG FOODS,DRY DOG FOOD PREMIUM (ALPO/PUR,11.99,12,2025-05-08
34338546788,404,Member,Male,6.99,1,SOFT DRINKS,SOFT DRINKS 20PK&24PK CAN CARB,6.99,7,2025-05-08
34338546788,404,Member,Male,1.88,1,BAG SNACKS,POTATO CHIPS,1.88,2,2025-05-08
34573991600,293,Member,Female,1.59,1,MISC. DAIRY,REFRIGERATED MEXICAN PRODUCTS,1.59,2,2025-05-09
34573991600,293,Member,Female,0.99,2,HISPANIC,MEXICAN SEASONING MIXES,1.98,2,2025-05-09
34573991600,293,Member,Female,3.47,1,ORAL HYGIENE PRODUCTS,MOUTHWASH RINSES AND SPRAYS,3.47,3,2025-05-09
34573991600,293,Member,Female,2.26,2,BEEF,LEAN,4.52,5,2025-05-09
34573991600,293,Member,Female,1.49,1,SALAD MIX,REGULAR GARDEN,1.49,1,2025-05-09
34573991600,293,Member,Female,4.69,1,CHEESE,SHREDDED CHEESE,4.69,5,2025-05-09
34573991600,293,Member,Female,3.79,1,EYE AND EAR CARE PRODUCTS,GENERAL EYE CARE,3.79,4,2025-05-09
34575061415,361,Member,Male,0.5,3,CITRUS,ORANGES NAVELS ALL,1.5,2,2025-05-10
34575061415,361,Member,Male,3.23,1,CHEESES,CHEESE: PROCESSED BULK,3.23,3,2025-05-10
34575061415,361,Member,Male,2.5,1,FRZN NOVELTIES/WTR ICE,ICE CREAM SANDWICHES,2.5,2,2025-05-10
34575061415,361,Member,Male,1.0,1,SOFT DRINKS,SFT DRNK 2 LITER BTL CARB INCL,1.0,1,2025-05-10
34575061415,361,Member,Male,5.93,1,DELI MEATS,MEAT:HAM BULK,5.93,6,2025-05-10
34575061415,361,Member,Male,2.89,1,CANNED JUICES,CRANAPPLE CRAN GRAPE JUICE (5,2.89,3,2025-05-10
34575061415,361,Member,Male,0.4,5,TROPICAL FRUIT,KIWI FRUIT,2.0,2,2025-05-10
34575061415,361,Member,Male,2.99,1,SALAD MIX,GARDEN PLUS,2.99,3,2025-05-10
34575061415,361,Member,Male,3.19,1,BAG SNACKS,TORTILLA/NACHO CHIPS,3.19,3,2025-05-10
34575061415,361,Member,Male,3.99,1,COOKIES,COOKIES: REGULAR,3.99,4,2025-05-10
34575061415,361,Member,Male,6.99,1,WATER - CARBONATED/FLVRD DRINK,SPRING WATER,6.99,7,2025-05-10
34575061415,361,Member,Male,6.99,1,FROZEN PIE/DESSERTS,FROZEN CREAM PIES,6.99,7,2025-05-10
34575061415,361,Member,Male,7.08,1,VALUE ADDED FRUIT,INSTORE CUT FRUIT,7.08,7,2025-05-10
34575061415,361,Member,Male,5.93,1,DELI MEATS,MEAT: TURKEY BULK,5.93,6,2025-05-10
34575061415,361,Member,Male,2.99,1,BERRIES,STRAWBERRIES,2.99,3,2025-05-10
34575061415,361,Member,Male,4.04,1,SALADS/DIPS,VEGETABLE SALADS - BULK,4.04,4,2025-05-10
34575061415,361,Member,Male,3.84,1,SALADS/DIPS,SAL: DESSERTS-BULK,3.84,4,2025-05-10
34575061415,361,Member,Male,3.19,1,SALADS/DIPS,VEGETABLE SALADS - BULK,3.19,3,2025-05-10
34577618774,329,Member,Female,0.59,2,SOFT DRINKS,SFT DRNK 2 LITER BTL CARB INCL,1.18,1,2025-05-13
34577618774,329,Member,Female,1.0,1,WAREHOUSE SNACKS,CANISTER POTATO/TORT CHIPS,1.0,1,2025-05-13
34577618774,329,Member,Female,0.59,1,SOFT DRINKS,SFT DRNK 2 LITER BTL CARB INCL,0.59,1,2025-05-13
34577618774,329,Member,Female,1.0,1,FRZN MEAT/MEAT DINNERS,SS ECONOMY ENTREES/DINNERS ALL,1.0,1,2025-05-13
34577618774,329,Member,Female,2.88,1,ICE CREAM/MILK/SHERBTS,PREMIUM,2.88,3,2025-05-13
34577618774,329,Member,Female,1.0,2,FRZN MEAT/MEAT DINNERS,SS ECONOMY ENTREES/DINNERS ALL,2.0,2,2025-05-13
34577618774,329,Member,Female,4.0,1,CAKES,CAKES: LAYERS,4.0,4,2025-05-13
34577618774,329,Member,Female,1.0,1,WAREHOUSE SNACKS,CANISTER POTATO/TORT CHIPS,1.0,1,2025-05-13
34577724122,321,Normal,Female,1.49,1,FRZN ICE,ICE - CRUSHED/CUBED,1.49,1,2025-05-13
34577724122,321,Normal,Female,2.11,2,ANALGESICS,ADULT ANALGESICS,4.22,4,2025-05-13
34577871705,402,Member,Female,0.17,2,SOUP,RAMEN NOODLES/RAMEN CUPS,0.34,0,2025-05-13
34577871705,402,Member,Female,4.19,1,FIRST AID PRODUCTS,FIRST AID MEDICATIONS,4.19,4,2025-05-13
34577871705,402,Member,Female,6.99,1,SOFT DRINKS,ENERGY DRINK,6.99,7,2025-05-13
34577871705,402,Member,Female,1.99,2,LAUNDRY DETERGENTS,LIQUID LAUNDRY DETERGENTS,3.98,4,2025-05-13
34577871705,402,Member,Female,0.17,2,SOUP,RAMEN NOODLES/RAMEN CUPS,0.34,0,2025-05-13
34577871705,402,Member,Female,0.25,1,CAT FOOD,CAN CATFD GOURMET/SUP PREM (GR,0.25,0,2025-05-13
34577871705,402,Member,Female,10.0,1,BEEF,SELECT BEEF,10.0,10,2025-05-13
34577871705,402,Member,Female,0.99,2,FRZN POTATOES,FRZN BAKED/STUFFED/MASHED&SPEC,1.98,2,2025-05-13
34577871705,402,Member,Female,0.25,1,CAT FOOD,CAN CATFD GOURMET/SUP PREM (GR,0.25,0,2025-05-13
34577871705,402,Member,Female,2.99,1,CRACKERS/MISC BKD FD,SNACK CRACKERS,2.99,3,2025-05-13
34577871705,402,Member,Female,0.25,8,CAT FOOD,CAN CATFD GOURMET/SUP PREM (GR,2.0,2,2025-05-13
34577871705,402,Member,Female,1.49,1,AUTOMOTIVE PRODUCTS,ANTIFREEZE,1.49,1,2025-05-13
34577871705,402,Member,Female,4.99,1,CHARCOAL AND LIGHTER FLUID,CHARCOAL,4.99,5,2025-05-13
34577871705,402,Member,Female,6.99,1,SOFT DRINKS,ENERGY DRINK,6.99,7,2025-05-13
34664686018,446,Member,Female,1.99,1,ONIONS,ONIONS YELLOW (BULK&BAG),1.99,2,2025-05-16
34664686018,446,Member,Female,1.79,1,FRZN NOVELTIES/WTR ICE,WATER ICE,1.79,2,2025-05-16
34664686018,446,Member,Female,1.89,1,CARROTS,CARROTS BAGGED,1.89,2,2025-05-16
34664686018,446,Member,Female,3.49,1,HOUSEHOLD CLEANG NEEDS,BATHROOM CLEANERS - GENERAL,3.49,3,2025-05-16
34664686018,446,Member,Female,2.99,1,POTATOES,POTATOES RUSSET (BULK&BAG),2.99,3,2025-05-16
34664686018,446,Member,Female,2.49,1,COOKWARE & BAKEWARE,METAL BAKEWARE,2.49,2,2025-05-16
34664686018,446,Member,Female,1.49,2,BLEACH,LIQUID BLEACH,2.98,3,2025-05-16
34664686018,446,Member,Female,1.57,2,VEGETABLES - ALL OTHERS,CABBAGE,3.14,3,2025-05-16
34664686018,446,Member,Female,0.29,4,BAKING MIXES,MUFFIN & CORN BREAD MIX,1.16,1,2025-05-16
34664686018,446,Member,Female,3.0,1,FRZN NOVELTIES/WTR ICE,WATER ICE,3.0,3,2025-05-16
34664686018,446,Member,Female,2.19,1,FRZN NOVELTIES/WTR ICE,STICKS/ENROBED,2.19,2,2025-05-16
34664802227,382,Normal,Male,1.49,1,STATIONERY & SCHOOL SUPPLIES,FASTENERS,1.49,1,2025-05-16
34664802227,382,Normal,Male,1.0,1,BAKED BREAD/BUNS/ROLLS,MAINSTREAM WHITE BREAD,1.0,1,2025-05-16
34664802227,382,Normal,Male,4.68,1,COLD CEREAL,ADULT CEREAL,4.68,5,2025-05-16
34664802227,382,Normal,Male,1.49,1,DRY NOODLES/PASTA,NOODLES DRY,1.49,1,2025-05-16
34664802227,382,Normal,Male,0.35,1,STATIONERY & SCHOOL SUPPLIES,BINDERS & PORTFOLIOS,0.35,0,2025-05-16
34664802227,382,Normal,Male,1.69,1,SOUP,CONDENSED SOUP,1.69,2,2025-05-16
34664802227,382,Normal,Male,0.99,1,STATIONERY & SCHOOL SUPPLIES,SCHOOL PAPER,0.99,1,2025-05-16
34748925026,31782,Member,Female,0.99,1,WATER - CARBONATED/FLVRD DRINK,NON-CRBNTD DRNKING/MNERAL WATE,0.99,1,2025-05-17
34762340794,404,Member,Female,2.0,1,PLASTIC HOUSEWARES,DISPOSABLE FD STORAGE CONTAINR,2.0,2,2025-05-18
34762340794,404,Member,Female,1.99,1,ICE CREAM/MILK/SHERBTS,TRADITIONAL,1.99,2,2025-05-18
34762340794,404,Member,Female,0.44,1,ONIONS,ONIONS OTHER,0.44,0,2025-05-18
34762340794,404,Member,Female,1.79,1,OLIVES,RIPE OLIVES,1.79,2,2025-05-18
34762340794,404,Member,Female,1.46,1,VALUE ADDED FRUIT,INSTORE CUT FRUIT,1.46,1,2025-05-18
34762340794,404,Member,Female,1.49,1,DRY BN/VEG/POTATO/RICE,NOODLE SIDE DISH MIXES,1.49,1,2025-05-18
34762340794,404,Member,Female,0.99,1,OLIVES,RIPE OLIVES,0.99,1,2025-05-18
34762340794,404,Member,Female,8.19,1,FROZEN PIZZA,SNACKS/APPETIZERS,8.19,8,2025-05-18
34762340794,404,Member,Female,3.29,1,DELI MEATS,MEAT: SAUS DRY BULK,3.29,3,2025-05-18
34762340794,404,Member,Female,3.99,1,CHICKEN/POULTRY,CHIX: ROTISSERIE (HOT),3.99,4,2025-05-18
34762340794,404,Member,Female,3.19,1,PLASTIC HOUSEWARES,DISPOSABLE FD STORAGE CONTAINR,3.19,3,2025-05-18
34762340794,404,Member,Female,2.27,1,CHEESES,CHEESE: NATURAL BULK,2.27,2,2025-05-18
34762340794,404,Member,Female,0.32,3,VEGETABLES - SHELF STABLE,TOMATO SAUCE,0.96,1,2025-05-18
34762340794,404,Member,Female,1.49,1,DRY BN/VEG/POTATO/RICE,NOODLE SIDE DISH MIXES,1.49,1,2025-05-18
34762340794,404,Member,Female,1.44,1,TOMATOES,TOMATOES VINE RIPE BULK,1.44,1,2025-05-18
34762340794,404,Member,Female,0.89,2,HISPANIC,MEXICAN PEPPERS CHILIES,1.78,2,2025-05-18
34762340794,404,Member,Female,2.5,1,BAG SNACKS,DIPS (NON-REFRIGERATED),2.5,2,2025-05-18
34762340794,404,Member,Female,2.99,1,BERRIES,STRAWBERRIES,2.99,3,2025-05-18
34762340794,404,Member,Female,0.99,2,AIR CARE,AIR CARE - CONTINUOUS - NON EL,1.98,2,2025-05-18
34762340794,404,Member,Female,2.75,1,BAG SNACKS,TORTILLA/NACHO CHIPS,2.75,3,2025-05-18
34762340794,404,Member,Female,4.0,1,SOFT DRINKS,SOFT DRINKS 12/18&15PK CAN CAR,4.0,4,2025-05-18
34762340794,404,Member,Female,0.99,2,AIR CARE,AIR CARE - CONTINUOUS ACTION,1.98,2,2025-05-18
34762340794,404,Member,Female,3.0,1,FROZEN PIZZA,SNACKS/APPETIZERS,3.0,3,2025-05-18
34762340794,404,Member,Female,13.99,1,BEERS/ALES,BEERALEMALT LIQUORS,13.99,14,2025-05-18
34762340794,404,Member,Female,4.0,1,SOFT DRINKS,SOFT DRINKS 12/18&15PK CAN CAR,4.0,4,2025-05-18
34762340794,404,Member,Female,3.0,1,FROZEN PIZZA,BURRITOS,3.0,3,2025-05-18
34762340794,404,Member,Female,3.49,2,GREETING CARDS/WRAP/PARTY SPLY,SPECIAL EVERYDAY,6.98,7,2025-05-18
34762340794,404,Member,Female,1.99,1,MAGAZINE,TV/MOVIE-MAGAZINE,1.99,2,2025-05-18
35000616960,32004,Member,Male,8.49,1,DIAPERS & DISPOSABLES,BABY DIAPERS,8.49,8,2025-05-24
35000616960,32004,Member,Male,8.49,1,DIAPERS & DISPOSABLES,BABY DIAPERS,8.49,8,2025-05-24
35080140693,362,Normal,Female,0.89,1,CANDY - CHECKLANE,CHEWING GUM,0.89,1,2025-05-25
35080140693,362,Normal,Female,0.99,1,CANDY - CHECKLANE,CHEWING GUM,0.99,1,2025-05-25
35080281455,429,Member,Female,0.0026593125184674,10153,COUPON/MISC ITEMS,GASOLINE-REG UNLEADED,27.0,27,2025-05-25
35080316439,311,Member,Female,1.97,1,SQUASH,YELLOW SUMMER SQUASH,1.97,2,2025-05-25
35080316439,311,Member,Female,1.19,1,SNACK NUTS,DRY ROAST NUTS,1.19,1,2025-05-25
35109062095,384,Normal,Female,1.0,1,FLUID MILK PRODUCTS,FLUID MILK WHITE ONLY,1.0,1,2025-05-27
35109062095,384,Normal,Female,5.13,1,GRAPES,GRAPES WHITE,5.13,5,2025-05-27
35109062095,384,Normal,Female,3.08,1,COLD CEREAL,KIDS CEREAL,3.08,3,2025-05-27
35109062095,384,Normal,Female,1.29,1,SOUP,CONDENSED SOUP,1.29,1,2025-05-27
35109062095,384,Normal,Female,3.62,1,CHICKEN,CHICKEN BREAST BONELESS,3.62,4,2025-05-27
35109062095,384,Normal,Female,3.79,1,COLD CEREAL,ADULT CEREAL,3.79,4,2025-05-27
35109062095,384,Normal,Female,1.29,1,FLUID MILK PRODUCTS,MISCELLANEOUS MILK,1.29,1,2025-05-27
35109062095,384,Normal,Female,8.49,1,CAT FOOD,DRY CAT FOOD SUP PREM (ONE/NUT,8.49,8,2025-05-27
35109062095,384,Normal,Female,0.69,1,CAT FOOD,CAN CATFD GOURMET/SUP PREM (GR,0.69,1,2025-05-27
35109062095,384,Normal,Female,0.66,2,SOUP,CONDENSED SOUP,1.32,1,2025-05-27
35109062095,384,Normal,Female,4.99,1,DINNER SAUSAGE,SMOKED/COOKED,4.99,5,2025-05-27
35109062095,384,Normal,Female,0.99,1,CONDIMENTS/SAUCES,VINEGAR ALL-EXCEPT WINE/RIC,0.99,1,2025-05-27
35109062095,384,Normal,Female,1.29,1,TROPICAL FRUIT,BANANAS,1.29,1,2025-05-27
35109062095,384,Normal,Female,2.99,1,BERRIES,BLUEBERRIES,2.99,3,2025-05-27
35109062095,384,Normal,Female,4.59,1,SOFT DRINKS,SOFT DRINKS 12/18&15PK CAN CAR,4.59,5,2025-05-27
35109062095,384,Normal,Female,1.79,1,CANDY - PACKAGED,MISCELLANEOUS CANDY (INCLUDING,1.79,2,2025-05-27
35109062095,384,Normal,Female,8.99,1,CAT LITTER,SCOOP LITTER,8.99,9,2025-05-27
35109062095,384,Normal,Female,1.19,1,SOUP,CONDENSED SOUP,1.19,1,2025-05-27
35109173433,424,Member,Male,4.79,1,DOG FOODS,DRY DOG FOOD PREMIUM (ALPO/PUR,4.79,5,2025-05-27
35109267192,433,Normal,Male,0.13,1,VEGETABLES SALAD,VARIETY LETTUCE,0.13,0,2025-05-27
35109267192,433,Normal,Male,1.5,1,PEPPERS-ALL,PEPPERS ALL OTHER,1.5,2,2025-05-27
35109267192,433,Normal,Male,0.6,1,YOGURT,YOGURT NOT MULTI-PACKS,0.6,1,2025-05-27
35109267192,433,Normal,Male,1.99,1,CANDY - PACKAGED,GUM (PACKAGED),1.99,2,2025-05-27
35109267192,433,Normal,Male,4.09,1,COLD CEREAL,ADULT CEREAL,4.09,4,2025-05-27
35109267192,433,Normal,Male,1.0,1,FLUID MILK PRODUCTS,FLUID MILK WHITE ONLY,1.0,1,2025-05-27
35109267192,433,Normal,Male,0.62,1,ONIONS,ONIONS RED (BULK&BAG),0.62,1,2025-05-27
35109267192,433,Normal,Male,0.6,2,YOGURT,YOGURT NOT MULTI-PACKS,1.2,1,2025-05-27
35109267192,433,Normal,Male,0.33,1,CITRUS,LIMES,0.33,0,2025-05-27
35109267192,433,Normal,Male,4.49,1,REFRGRATD JUICES/DRNKS,DAIRY CASE 100% PURE JUICE - O,4.49,4,2025-05-27
35109267192,433,Normal,Male,3.49,1,SWEET GOODS & SNACKS,SW GDS: SWT/FLVRD LOAVES,3.49,3,2025-05-27
35109267192,433,Normal,Male,2.99,1,TOMATOES,TOMATOES CHERRY,2.99,3,2025-05-27
35109267192,433,Normal,Male,3.35,1,PREPARED FOOD,PREP FD: SIDE DISHES (HOT),3.35,3,2025-05-27
35109267192,433,Normal,Male,3.79,1,SEAFOOD - SHELF STABLE,TUNA,3.79,4,2025-05-27
35109267192,433,Normal,Male,1.0,1,FLUID MILK PRODUCTS,FLUID MILK WHITE ONLY,1.0,1,2025-05-27
35109267192,433,Normal,Male,4.29,1,COFFEE,GROUND COFFEE,4.29,4,2025-05-27
35109267192,433,Normal,Male,3.99,1,CEREAL/BREAKFAST,CEREAL - COLD,3.99,4,2025-05-27
35109267192,433,Normal,Male,2.99,1,MAGAZINE,FITNESS&HEALTH-MAGAZINE,2.99,3,2025-05-27
35109267192,433,Normal,Male,1.0,1,BAKED BREAD/BUNS/ROLLS,PITA/TORTILLAS,1.0,1,2025-05-27
35109267192,433,Normal,Male,3.99,1,JUICE,BLENDED JUICE&COMBINATIONS (OV,3.99,4,2025-05-27
35218706504,295,Normal,Female,4.14,1,APPLES,APPLES RED DELICIOUS (BULK&BAG,4.14,4,2025-05-30
35218706504,295,Normal,Female,0.34,1,HISPANIC,MEXICAN SEASONING MIXES,0.34,0,2025-05-30
35218989452,333,Normal,Female,0.99,1,BAKED BREAD/BUNS/ROLLS,MAINSTREAM WHEAT/MULTIGRAIN BR,0.99,1,2025-05-30
35218989452,333,Normal,Female,2.88,1,ICE CREAM/MILK/SHERBTS,PREMIUM,2.88,3,2025-05-30
35218989452,333,Normal,Female,2.69,1,SALD DRSNG/SNDWCH SPRD,SEMI-SOLID SALAD DRESSING MAY,2.69,3,2025-05-30
35218989452,333,Normal,Female,1.29,1,PNT BTR/JELLY/JAMS,JELLY,1.29,1,2025-05-30
35218989452,333,Normal,Female,0.99,1,LUNCHMEAT,BOLOGNA,0.99,1,2025-05-30
35218989452,333,Normal,Female,4.59,1,BAKED SWEET GOODS,SWEET GOODS - FULL SIZE,4.59,5,2025-05-30
35486422467,298,Member,Female,1.0,1,WATER,NON-CARB WATER FLVR - DRNK/MNR,1.0,1,2025-06-06
35486422467,298,Member,Female,1.0,1,WATER,NON-CARB WATER FLVR - DRNK/MNR,1.0,1,2025-06-06
35486422467,298,Member,Female,2.5,1,FROZEN PIZZA,SNACKS/APPETIZERS,2.5,2,2025-06-06
35486422467,298,Member,Female,2.5,1,FRZN MEAT/MEAT DINNERS,FRZN SS PREMIUM ENTREES/DNRS/T,2.5,2,2025-06-06
35486422467,298,Member,Female,0.4,1,YOGURT,YOGURT NOT MULTI-PACKS,0.4,0,2025-06-06
35573833373,319,Normal,Male,2.99,1,SALAD MIX,BLENDS,2.99,3,2025-06-07
35573833373,319,Normal,Male,0.79,1,VEGETABLES - ALL OTHERS,CUCUMBERS,0.79,1,2025-06-07
35573833373,319,Normal,Male,1.665,2,SOUP,RTS SOUP: CHUNKY/HOMESTYLE ET,3.33,3,2025-06-07
35573833373,319,Normal,Male,2.0,1,CRACKERS/MISC BKD FD,SNACK CRACKERS,2.0,2,2025-06-07
35573833373,319,Normal,Male,1.79,1,CARROTS,CARROTS MINI PEELED,1.79,2,2025-06-07
35573833373,319,Normal,Male,1.5,1,CHEESE,SHREDDED CHEESE,1.5,2,2025-06-07
35573833373,319,Normal,Male,1.5,1,FLUID MILK PRODUCTS,FLUID MILK WHITE ONLY,1.5,2,2025-06-07
35573833373,319,Normal,Male,2.69,1,REFRGRATD JUICES/DRNKS,DAIRY CASE 100% PURE JUICE - O,2.69,3,2025-06-07
35573833373,319,Normal,Male,1.67,2,SOUP,RTS SOUP: CHUNKY/HOMESTYLE ET,3.34,3,2025-06-07
35573833373,319,Normal,Male,1.665,2,SOUP,RTS SOUP: CHUNKY/HOMESTYLE ET,3.33,3,2025-06-07
35573865807,289,Member,Female,0.74,1,EGGS,EGGS - MEDIUM,0.74,1,2025-06-07
35573865807,289,Member,Female,2.39,1,SUGARS/SWEETNERS,SUGAR,2.39,2,2025-06-07
35573866181,289,Member,Female,1.99,1,LAUNDRY ADDITIVES,FABRIC SOFTENER SHEETS,1.99,2,2025-06-07
35573866181,289,Member,Female,2.0,1,MISC. DAIRY,REFRIGERATED PUDDING,2.0,2,2025-06-07
35573866181,289,Member,Female,0.88,1,BAKED BREAD/BUNS/ROLLS,MAINSTREAM WHITE BREAD,0.88,1,2025-06-07
35573866181,289,Member,Female,0.5,1,SOUP,CONDENSED SOUP,0.5,0,2025-06-07
35573866181,289,Member,Female,1.09,1,BAKED SWEET GOODS,SNACK CAKE - MULTI PACK,1.09,1,2025-06-07
35573866181,289,Member,Female,1.09,1,BAKED SWEET GOODS,SNACK CAKE - MULTI PACK,1.09,1,2025-06-07
35573866181,289,Member,Female,1.99,1,EYE AND EAR CARE PRODUCTS,RIGID GAS PERMEABLE,1.99,2,2025-06-07
35573866181,289,Member,Female,0.5,1,SOUP,CONDENSED SOUP,0.5,0,2025-06-07
35573866181,289,Member,Female,1.0,1,MILK BY-PRODUCTS,REFRIG DIPS,1.0,1,2025-06-07
35573866181,289,Member,Female,2.32,1,FLUID MILK PRODUCTS,FLUID MILK WHITE ONLY,2.32,2,2025-06-07
35573866181,289,Member,Female,1.33,1,SOFT DRINKS,SFT DRNK 2 LITER BTL CARB INCL,1.33,1,2025-06-07
35573866181,289,Member,Female,1.0,2,BATH TISSUES,TOILET TISSUE,2.0,2,2025-06-07
35573866181,289,Member,Female,0.0,0, , ,0.0,0,2025-06-07
35573866181,289,Member,Female,11.99,1,FIRST AID PRODUCTS,MISC. FIRST AID PRODUCTS,11.99,12,2025-06-07
35573866181,289,Member,Female,1.67,1,DINNER MXS:DRY,SKILLET DINNERS,1.67,2,2025-06-07
35573866181,289,Member,Female,1.19,1,WAREHOUSE SNACKS,CANISTER POTATO/TORT CHIPS,1.19,1,2025-06-07
35598080874,442,Member,Male,2.89,1,FD WRAPS/BAGS/TRSH BG,SANDWICH BAGS,2.89,3,2025-06-09
35598080874,442,Member,Male,0.79,1,VEGETABLES - ALL OTHERS,CUCUMBERS,0.79,1,2025-06-09
35598080874,442,Member,Male,2.99,1,CHEESE,NATURAL CHEESE EXACT WT CHUNKS,2.99,3,2025-06-09
35598080874,442,Member,Male,1.5,1,COLD CEREAL,ALL FAMILY CEREAL,1.5,2,2025-06-09
35598080874,442,Member,Male,0.59,1,SPICES & EXTRACTS,TABLE SALT POPCORN SALTICE C,0.59,1,2025-06-09
35598080874,442,Member,Male,2.0,1,CRACKERS/MISC BKD FD,SNACK CRACKERS,2.0,2,2025-06-09
35598080874,442,Member,Male,3.59,1,SHORTENING/OIL,OLIVE OIL,3.59,4,2025-06-09
35598080874,442,Member,Male,0.74,1,TROPICAL FRUIT,BANANAS,0.74,1,2025-06-09
35598080874,442,Member,Male,2.0,2,CONVENIENT BRKFST/WHLSM SNACKS,GRANOLA BARS,4.0,4,2025-06-09
35598080874,442,Member,Male,2.69,1,FLUID MILK PRODUCTS,FLUID MILK WHITE ONLY,2.69,3,2025-06-09
35598080874,442,Member,Male,2.5,1,COLD CEREAL,KIDS CEREAL,2.5,2,2025-06-09
35598080874,442,Member,Male,7.78,1,SEAFOOD-FRESH,SEAFOOD-FRE-RAW FINFISH-OTHER,7.78,8,2025-06-09
35598080874,442,Member,Male,2.0,2,SALAD MIX,GARDEN PLUS,4.0,4,2025-06-09
35598080874,442,Member,Male,7.27,1,SEAFOOD-FRESH,SEAFOOD-FRE-SHRIMP,7.27,7,2025-06-09
35598462282,380,Normal,Male,2.69,1,MEAT - SHELF STABLE,BEEF STEW,2.69,3,2025-06-09
35598462282,380,Normal,Male,2.0,1,STONE FRUIT,PLUMS,2.0,2,2025-06-09
35598462282,380,Normal,Male,2.89,1,APPLES,APPLES GALA (BULK&BAG),2.89,3,2025-06-09
35598462282,380,Normal,Male,1.67,1,SOUP,RTS SOUP: CHUNKY/HOMESTYLE ET,1.67,2,2025-06-09
35638817294,421,Member,Male,3.44,1,FEMININE HYGIENE,FEM. HYGN.NAPKINS,3.44,3,2025-06-10
35638817294,421,Member,Male,0.33,1,CANDY - CHECKLANE,CANDY BARS (SINGLES)(INCLUDING,0.33,0,2025-06-10
35638817294,421,Member,Male,0.335,2,CANDY - CHECKLANE,CANDY BARS (SINGLES)(INCLUDING,0.67,1,2025-06-10
35638817294,421,Member,Male,0.34,1,CANDY - CHECKLANE,CANDY BARS (SINGLES)(INCLUDING,0.34,0,2025-06-10
35638817294,421,Member,Male,2.0,2,FRZN MEAT/MEAT DINNERS,FRZN SS PREMIUM ENTREES/DNRS/T,4.0,4,2025-06-10
35665301801,296,Member,Female,2.99,1,CAT LITTER,CONVENTIONAL LITTER,2.99,3,2025-06-11
35665301801,296,Member,Female,1.29,1,BAKED SWEET GOODS,SNACK CAKE - MULTI PACK,1.29,1,2025-06-11
35665301801,296,Member,Female,1.67,1,SOFT DRINKS,SOFT DRINKS 12/18&15PK CAN CAR,1.67,2,2025-06-11
35665301801,296,Member,Female,1.49,1,SOUP,CONDENSED SOUP,1.49,1,2025-06-11
35665301801,296,Member,Female,1.5,1,FLUID MILK PRODUCTS,FLUID MILK WHITE ONLY,1.5,2,2025-06-11
35665301801,296,Member,Female,1.0,1,CRACKERS/MISC BKD FD,SOUP CRACKERS (SALTINE/OYSTER),1.0,1,2025-06-11
35665301801,296,Member,Female,1.67,1,CHEESE,NATURAL CHEESE EXACT WT CHUNKS,1.67,2,2025-06-11
35665301801,296,Member,Female,3.49,1,CAT FOOD,DRY CAT FOOD (CAT CHOW/FRISKIE,3.49,3,2025-06-11
35666031684,354,Normal,Male,0.495,2,STATIONERY & SCHOOL SUPPLIES,SCHOOL SUPPLIES,0.99,1,2025-06-12
35666031684,354,Normal,Male,0.49,1,STATIONERY & SCHOOL SUPPLIES,BINDERS & PORTFOLIOS,0.49,0,2025-06-12
35666031684,354,Normal,Male,1.39,1,BAKED SWEET GOODS,SNACK CAKE - MULTI PACK,1.39,1,2025-06-12
35666031684,354,Normal,Male,0.335,4,STATIONERY & SCHOOL SUPPLIES,SCHOOL PAPER,1.34,1,2025-06-12
35666031684,354,Normal,Male,1.79,1,CANDY - PACKAGED,MINTS CANDY & BREATH (NOT LIF,1.79,2,2025-06-12
35701206655,408,Normal,Female,1.79,1,MILK BY-PRODUCTS,RICOTTA CHEESE,1.79,2,2025-06-14
35701206655,408,Normal,Female,6.41,1,DELI MEATS,MEAT: TURKEY BULK,6.41,6,2025-06-14
35701206655,408,Normal,Female,0.33,1,CANDY - CHECKLANE,CANDY BARS (SINGLES)(INCLUDING,0.33,0,2025-06-14
35701206655,408,Normal,Female,1.67,1,PASTA SAUCE,MAINSTREAM,1.67,2,2025-06-14
35701206655,408,Normal,Female,4.495,2,COOKIES,COOKIES: REGULAR,8.99,9,2025-06-14
35701206655,408,Normal,Female,0.99,1,VEGETABLES SALAD,HEAD LETTUCE,0.99,1,2025-06-14
35701206655,408,Normal,Female,1.0,1,SALD DRSNG/SNDWCH SPRD,POURABLE SALAD DRESSINGS,1.0,1,2025-06-14
35701206655,408,Normal,Female,1.22,1,BEANS - CANNED GLASS & MW,PREPARED BEANS - BAKED W/PORK,1.22,1,2025-06-14
35701206655,408,Normal,Female,0.2,5,BEANS - CANNED GLASS & MW,PREPARED BEANS - BAKED W/PORK,1.0,1,2025-06-14
35701206655,408,Normal,Female,1.39,1,BAKED BREAD/BUNS/ROLLS,MAINSTREAM WHITE BREAD,1.39,1,2025-06-14
35701206655,408,Normal,Female,3.79,1,BREAKFAST SAUSAGE/SANDWICHES,FRESH,3.79,4,2025-06-14
35701206655,408,Normal,Female,2.0,1,FRZN NOVELTIES/WTR ICE,STICKS/ENROBED,2.0,2,2025-06-14
35701206655,408,Normal,Female,0.89,1,DRY NOODLES/PASTA,MACARONI DRY,0.89,1,2025-06-14
35701206655,408,Normal,Female,4.11,1,CHEESES,CHEESE: PROCESSED BULK,4.11,4,2025-06-14
35701206655,408,Normal,Female,2.99,1,ROLLS,ROLLS: CROISSANTS/BREADSTICKS,2.99,3,2025-06-14
35701206655,408,Normal,Female,0.33,1,CANDY - CHECKLANE,CANDY BARS (SINGLES)(INCLUDING,0.33,0,2025-06-14
35701206655,408,Normal,Female,1.5,1,SALAD MIX,COLESLAW,1.5,2,2025-06-14
35701206655,408,Normal,Female,1.0,1,SALD DRSNG/SNDWCH SPRD,POURABLE SALAD DRESSINGS,1.0,1,2025-06-14
35701206655,408,Normal,Female,1.0,1,FRZN VEGETABLE/VEG DSH,FRZN BAGGED VEGETABLES - PLAIN,1.0,1,2025-06-14
35701206655,408,Normal,Female,1.25,1,DRY NOODLES/PASTA,NOODLES DRY,1.25,1,2025-06-14
35701206655,408,Normal,Female,2.5,3,SOFT DRINKS,SOFT DRINKS 12/18&15PK CAN CAR,7.5,8,2025-06-14
35701206655,408,Normal,Female,2.5,2,SOFT DRINKS,SOFT DRINKS 12/18&15PK CAN CAR,5.0,5,2025-06-14
35701206655,408,Normal,Female,2.99,1,CHEESE,SHREDDED CHEESE,2.99,3,2025-06-14
35701206655,408,Normal,Female,4.51,1,BEEF,PATTIES,4.51,5,2025-06-14
35701206655,408,Normal,Female,0.34,1,DOMESTIC GOODS,SEASONAL CANDY BAGS-CHOCOLATE,0.34,0,2025-06-14
35701206655,408,Normal,Female,0.88,1,BAKED BREAD/BUNS/ROLLS,HAMBURGER BUNS,0.88,1,2025-06-14
35726916219,354,Normal,Male,1.79,1,COUPON/MISC ITEMS,MISCELLANEOUS H & B AIDS,1.79,2,2025-06-16
35726916219,354,Normal,Male,2.12,1,SALD DRSNG/SNDWCH SPRD,POURABLE SALAD DRESSINGS,2.12,2,2025-06-16
35726916219,354,Normal,Male,1.39,1,EGGS,EGGS - LARGE,1.39,1,2025-06-16
35726916219,354,Normal,Male,3.39,1,LAUNDRY DETERGENTS,LIQUID LAUNDRY DETERGENTS,3.39,3,2025-06-16
35726916219,354,Normal,Male,1.75,2,FLUID MILK PRODUCTS,FLUID MILK WHITE ONLY,3.5,4,2025-06-16
35726916219,354,Normal,Male,3.19,1,BAG SNACKS,DIPS (NON-REFRIGERATED),3.19,3,2025-06-16
35726916219,354,Normal,Male,0.45,1,DRY NOODLES/PASTA,MACARONI DRY,0.45,0,2025-06-16
35726916219,354,Normal,Male,1.79,2,BREAD,BREAD:ITALIAN/FRENCH,3.58,4,2025-06-16
35726916219,354,Normal,Male,1.63,3,CHEESE,SHREDDED CHEESE,4.89,5,2025-06-16
35726916219,354,Normal,Male,2.5,1,BAG SNACKS,DIPS (NON-REFRIGERATED),2.5,2,2025-06-16
35726916219,354,Normal,Male,2.98,1,SALAD MIX,REGULAR GARDEN,2.98,3,2025-06-16
35726916219,354,Normal,Male,1.69,1,DRY NOODLES/PASTA,MACARONI DRY,1.69,2,2025-06-16
35726916219,354,Normal,Male,0.95,3,PASTA SAUCE,VALUE,2.85,3,2025-06-16
35726916219,354,Normal,Male,2.88,1,BAG SNACKS,TORTILLA/NACHO CHIPS,2.88,3,2025-06-16
35726916219,354,Normal,Male,1.99,1,BUTTER,BUTTER,1.99,2,2025-06-16
35726916219,354,Normal,Male,3.36,3,BEEF,PRIMAL,10.08,10,2025-06-16
35841456229,319,Member,Female,0.99,1,WATER - CARBONATED/FLVRD DRINK,NON-CRBNTD DRNKING/MNERAL WATE,0.99,1,2025-06-19
35865717165,381,Member,Male,7.99,1,MEAT - MISC,WINGS (IQF),7.99,8,2025-06-20
35865717165,381,Member,Male,0.59,1,SOFT DRINKS,SOFT DRINK BOTTLE NON-CARB (EX,0.59,1,2025-06-20
35865717165,381,Member,Male,0.59,1,SOFT DRINKS,SFT DRNK 2 LITER BTL CARB INCL,0.59,1,2025-06-20
35865717165,381,Member,Male,2.39,2,CONDIMENTS/SAUCES,BBQ SAUCE,4.78,5,2025-06-20
35865750423,384,Member,Male,1.0,1,FLUID MILK PRODUCTS,FLUID MILK WHITE ONLY,1.0,1,2025-06-20
35865750423,384,Member,Male,2.0,1,BAG SNACKS,POTATO CHIPS,2.0,2,2025-06-20
35865750423,384,Member,Male,3.0,1,ICE CREAM/MILK/SHERBTS,PREMIUM,3.0,3,2025-06-20
35865750423,384,Member,Male,2.0,1,LUNCHMEAT,BOLOGNA,2.0,2,2025-06-20
35865750423,384,Member,Male,2.67,1,SOFT DRINKS,SOFT DRINKS 6PK/4PK CAN CARB (,2.67,3,2025-06-20
35865750423,384,Member,Male,0.59,2,CANDY - CHECKLANE,CANDY BARS (SINGLES)(INCLUDING,1.18,1,2025-06-20
35865750423,384,Member,Male,2.0,1,YOGURT,YOGURT MULTI-PACKS,2.0,2,2025-06-20
35877777155,310,Member,Male,1.0,1,FRUIT - SHELF STABLE,PEACHES,1.0,1,2025-06-21
35877777155,310,Member,Male,5.99,1,MEAT - MISC,BREAST - BONELESS(IQF),5.99,6,2025-06-21
35877777155,310,Member,Male,1.33,2,SOFT DRINKS,SFT DRNK 2 LITER BTL CARB INCL,2.66,3,2025-06-21
35877777155,310,Member,Male,0.2,4,PWDR/CRYSTL DRNK MX,SOFT DRINK POWDER POUCHES,0.8,1,2025-06-21
35877777155,310,Member,Male,0.5,1,VEGETABLES - SHELF STABLE,PEAS GREEN,0.5,0,2025-06-21
35877777155,310,Member,Male,1.5,1,COLD CEREAL,ADULT CEREAL,1.5,2,2025-06-21
35877777155,310,Member,Male,1.5,2,POPCORN,POPCORN - MICROWAVE,3.0,3,2025-06-21
35877777155,310,Member,Male,0.5,2,VEGETABLES - SHELF STABLE,BEANS GREEN: FS/WHL/CUT,1.0,1,2025-06-21
35877777155,310,Member,Male,4.22,2,BEEF,SOUP/STEW,8.44,8,2025-06-21
35877777155,310,Member,Male,1.0,1,VEGETABLES - SHELF STABLE,TOMATOES: STEWED/DICED/CRMD,1.0,1,2025-06-21
35877777155,310,Member,Male,1.0,1,REFRGRATD DOUGH PRODUCTS,REFRIGERATED BAGELS,1.0,1,2025-06-21
35877777155,310,Member,Male,1.33,1,SOFT DRINKS,SFT DRNK 2 LITER BTL CARB INCL,1.33,1,2025-06-21
35877777155,310,Member,Male,0.2,2,PWDR/CRYSTL DRNK MX,SOFT DRINK POWDER POUCHES,0.4,0,2025-06-21
35877777155,310,Member,Male,2.95,1,GRAPES,GRAPES WHITE,2.95,3,2025-06-21
35877777155,310,Member,Male,3.29,1,MEAT - SHELF STABLE,CHUNK MEATS - ALL,3.29,3,2025-06-21
35877777155,310,Member,Male,1.0,2,SALD DRSNG/SNDWCH SPRD,POURABLE SALAD DRESSINGS,2.0,2,2025-06-21
35877777155,310,Member,Male,0.88,1,ISOTONIC DRINKS,ISOTONIC DRINKS SINGLE SERVE,0.88,1,2025-06-21
35877777155,310,Member,Male,1.0,1,REFRGRATD DOUGH PRODUCTS,REFRIGERATED BAGELS,1.0,1,2025-06-21
35877777155,310,Member,Male,2.0,1,POTATOES,POTATOES RUSSET (BULK&BAG),2.0,2,2025-06-21
35877777155,310,Member,Male,5.99,1,MEAT - MISC,WINGS (IQF),5.99,6,2025-06-21
35877777155,310,Member,Male,1.54,2,DINNER MXS:DRY,MACARONI & CHEESE DNRS,3.08,3,2025-06-21
35877777155,310,Member,Male,2.78,2,BEEF,LEAN,5.56,6,2025-06-21
35877777155,310,Member,Male,0.5,3,VEGETABLES - SHELF STABLE,CORN,1.5,2,2025-06-21
35877777155,310,Member,Male,0.88,1,ISOTONIC DRINKS,ISOTONIC DRINKS SINGLE SERVE,0.88,1,2025-06-21
35877777155,310,Member,Male,2.0,1,COOKIES/CONES,TRAY PACK/CHOC CHIP COOKIES,2.0,2,2025-06-21
35877777155,310,Member,Male,1.67,1,DRY BN/VEG/POTATO/RICE,POTATOES: DRY,1.67,2,2025-06-21
35877777155,310,Member,Male,2.39,1,SUGARS/SWEETNERS,SUGAR,2.39,2,2025-06-21
35877777155,310,Member,Male,0.67,1,CITRUS,LEMONS,0.67,1,2025-06-21
35877777155,310,Member,Male,0.62,1,TROPICAL FRUIT,BANANAS,0.62,1,2025-06-21
35877777155,310,Member,Male,1.0,1,SOFT DRINKS,SFT DRNK SNGL SRV BTL CARB (EX,1.0,1,2025-06-21
35877777155,310,Member,Male,1.67,1,DINNER MXS:DRY,MACARONI & CHEESE DNRS,1.67,2,2025-06-21
35877777155,310,Member,Male,0.88,1,ISOTONIC DRINKS,ISOTONIC DRINKS SINGLE SERVE,0.88,1,2025-06-21
35877777155,310,Member,Male,3.99,1,DINNER SAUSAGE,FRESH,3.99,4,2025-06-21
35877777155,310,Member,Male,2.49,1,PORK,GROUND PORK,2.49,2,2025-06-21
35877777155,310,Member,Male,1.67,1,DRY BN/VEG/POTATO/RICE,POTATOES: DRY,1.67,2,2025-06-21
35877777155,310,Member,Male,1.0,3,FRUIT - SHELF STABLE,PEARS,3.0,3,2025-06-21
35877777155,310,Member,Male,3.89,1,BEEF,PATTIES,3.89,4,2025-06-21
35877777155,310,Member,Male,2.39,2,COLD CEREAL,KIDS CEREAL,4.78,5,2025-06-21
35877777155,310,Member,Male,1.59,2,BAKED SWEET GOODS,SNACK CAKE - MULTI PACK,3.18,3,2025-06-21
35877777155,310,Member,Male,0.99,3,VEGETABLES - SHELF STABLE,MIXED VEGETABLES,2.97,3,2025-06-21
35877777155,310,Member,Male,0.88,1,ISOTONIC DRINKS,ISOTONIC DRINKS SINGLE SERVE,0.88,1,2025-06-21
35877777155,310,Member,Male,2.0,1,MEAT - MISC,THIGHS (IQF),2.0,2,2025-06-21
35877777155,310,Member,Male,2.0,1,BAG SNACKS,POTATO CHIPS,2.0,2,2025-06-21
35877777155,310,Member,Male,0.5,4,VEGETABLES - SHELF STABLE,SPINACH & GREENS,2.0,2,2025-06-21
35877777155,310,Member,Male,2.5,2,LUNCHMEAT,HAM,5.0,5,2025-06-21
35877777155,310,Member,Male,2.96,1,BEEF,PATTIES,2.96,3,2025-06-21
35877777155,310,Member,Male,2.835,2,PORK,ENHANCED,5.67,6,2025-06-21
35877777155,310,Member,Male,2.59,2,PORK,ENHANCED,5.18,5,2025-06-21
35877777155,310,Member,Male,3.9,1,PORK,ENHANCED,3.9,4,2025-06-21
35877777155,310,Member,Male,1.56,2,CHEESE,CREAM CHEESE,3.12,3,2025-06-21
35891465773,34011,Member,Female,0.5,1,NEWSPAPER,NEWSPAPER,0.5,0,2025-06-22
35891465773,34011,Member,Female,0.3,2,BAG SNACKS,SNACKS: SALTY,0.6,1,2025-06-22
35891465773,34011,Member,Female,0.59,1,CANDY - CHECKLANE,CANDY BARS (SINGLES)(INCLUDING,0.59,1,2025-06-22
35891465773,34011,Member,Female,0.75,1,NEWSPAPER,NEWSPAPER,0.75,1,2025-06-22
35891465773,34011,Member,Female,3.99,1,SANDWICHES,SANDWICHES - (COLD),3.99,4,2025-06-22
36027850583,333,Member,Male,2.29,1,EGGS,EGGS - LARGE,2.29,2,2025-06-23
36027850583,333,Member,Male,3.29,1,MOLASSES/SYRUP/PANCAKE MIXS,MOLASSES & SYRUPS,3.29,3,2025-06-23
36027850583,333,Member,Male,14.69,1,CAT FOOD,DRY CAT FOOD SUP PREM (ONE/NUT,14.69,15,2025-06-23
36027850583,333,Member,Male,3.59,1,MILK BY-PRODUCTS,RICOTTA CHEESE,3.59,4,2025-06-23
36027850583,333,Member,Male,1.9,1,HOT CEREAL,STANDARD OATMEAL,1.9,2,2025-06-23
36027850583,333,Member,Male,0.3,1,HERBS,GARLIC WHOLE CLOVES,0.3,0,2025-06-23
36027850583,333,Member,Male,7.69,1,SHORTENING/OIL,OLIVE OIL,7.69,8,2025-06-23
36029530800,300,Member,Female,1.88,1,SOFT DRINKS,SOFT DRINKS 12/18&15PK CAN CAR,1.88,2,2025-06-25
40013637013,441,Member,Female,2.0,1,FRZN NOVELTIES/WTR ICE,STICKS/ENROBED,2.0,2,2025-06-27
40013637013,441,Member,Female,0.15,2,SOFT DRINKS,SOFT DRINKS SINGLE CANS CARB (,0.3,0,2025-06-27
40013637013,441,Member,Female,1.19,1,BEANS - CANNED GLASS & MW,PREPARED BEANS - BAKED W/PORK,1.19,1,2025-06-27
40013637013,441,Member,Female,5.1,1,BEEF,CHOICE BEEF,5.1,5,2025-06-27
40013637013,441,Member,Female,2.0,1,FRZN NOVELTIES/WTR ICE,STICKS/ENROBED,2.0,2,2025-06-27
40013637013,441,Member,Female,3.59,1,COFFEE,GROUND COFFEE,3.59,4,2025-06-27
40013637013,441,Member,Female,1.0,1,REFRGRATD JUICES/DRNKS,DAIRY CASE FRUIT DRINKS (NO JU,1.0,1,2025-06-27
40013637013,441,Member,Female,0.15,5,SOFT DRINKS,SOFT DRINKS SINGLE CANS CARB (,0.75,1,2025-06-27
40013637013,441,Member,Female,5.19,1,BEEF,CHOICE BEEF,5.19,5,2025-06-27
40013637013,441,Member,Female,0.15,1,SOFT DRINKS,SOFT DRINKS SINGLE CANS CARB (,0.15,0,2025-06-27
40013637013,441,Member,Female,0.15,1,SOFT DRINKS,SOFT DRINKS 6PK/4PK CAN CARB (,0.15,0,2025-06-27
40013776869,299,Member,Female,6.49,1,BEERS/ALES,BEERALEMALT LIQUORS,6.49,6,2025-06-27
40013781686,381,Member,Male,7.49,1,BEERS/ALES,BEERALEMALT LIQUORS,7.49,7,2025-06-27
40013781686,381,Member,Male,1.0,1,FROZEN PIZZA,PIZZA/ECONOMY,1.0,1,2025-06-27
40013781686,381,Member,Male,5.49,1,COLD CEREAL,ALL FAMILY CEREAL,5.49,5,2025-06-27
40013781686,381,Member,Male,4.49,1,HOUSEHOLD CLEANG NEEDS,DRAIN CARE,4.49,4,2025-06-27
40013781686,381,Member,Male,1.0,1,FROZEN PIZZA,PIZZA/ECONOMY,1.0,1,2025-06-27
40025716498,410,Member,Male,0.0,0,BEEF,CHOICE BEEF,0.0,0,2025-06-28
40025716498,410,Member,Male,0.99,1,HISPANIC,MEXICAN SEASONING MIXES,0.99,1,2025-06-28
40025716498,410,Member,Male,0.99,1,CANDY - PACKAGED,CHEWING GUM,0.99,1,2025-06-28
40025716498,410,Member,Male,1.33,1,SOFT DRINKS,SFT DRNK 2 LITER BTL CARB INCL,1.33,1,2025-06-28
40025716498,410,Member,Male,0.25,1,CANDY - CHECKLANE,MINTS CANDY & BREATH (NOT LIF,0.25,0,2025-06-28
40025716498,410,Member,Male,2.5,1,CHEESE,SHREDDED CHEESE,2.5,2,2025-06-28
40025716498,410,Member,Male,1.25,2,SALAD MIX,REGULAR GARDEN,2.5,2,2025-06-28
40025716498,410,Member,Male,1.0,1,MILK BY-PRODUCTS,SOUR CREAMS,1.0,1,2025-06-28
40025716498,410,Member,Male,0.88,1,WATER - CARBONATED/FLVRD DRINK,NON-CARB FLVRD DRNKNG/MNRL WAT,0.88,1,2025-06-28
40025716498,410,Member,Male,0.99,1,CANDY - CHECKLANE,CHEWING GUM,0.99,1,2025-06-28
40025716498,410,Member,Male,0.0,0,WAREHOUSE SNACKS,SNACK MIX,0.0,0,2025-06-28
40025716498,410,Member,Male,0.99,1,CANDY - CHECKLANE,CHEWING GUM,0.99,1,2025-06-28
40025716498,410,Member,Male,0.88,1,WATER - CARBONATED/FLVRD DRINK,NON-CARB FLVRD DRNKNG/MNRL WAT,0.88,1,2025-06-28
40025941630,324,Member,Female,1.0,1,SOFT DRINKS,SFT DRNK SNGL SRV BTL CARB (EX,1.0,1,2025-06-28
40072861806,330,Normal,Female,5.0,1,FUEL,GASOLINE-REG UNLEADED,5.0,5,2025-07-02
40097556204,374,Normal,Male,0.99,1,BAKED BREAD/BUNS/ROLLS,HAMBURGER BUNS,0.99,1,2025-07-04
40097556204,374,Normal,Male,1.99,3,SALD DRSNG/SNDWCH SPRD,SEMI-SOLID SALAD DRESSING MAY,5.97,6,2025-07-04
40097556204,374,Normal,Male,0.6,1,YOGURT,YOGURT NOT MULTI-PACKS,0.6,1,2025-07-04
40097556204,374,Normal,Male,2.0,1,DOG FOODS,DOG BISCUITS (HARD BISCUIT),2.0,2,2025-07-04
40097556204,374,Normal,Male,0.6,3,YOGURT,YOGURT NOT MULTI-PACKS,1.8,2,2025-07-04
40097556204,374,Normal,Male,2.09,1,BAKED BREAD/BUNS/ROLLS,MAINSTREAM WHITE BREAD,2.09,2,2025-07-04
40097556204,374,Normal,Male,1.0,1,ELECTRICAL SUPPPLIES,INSIDE FROST BULBS,1.0,1,2025-07-04
40097556204,374,Normal,Male,1.99,2,MILK BY-PRODUCTS,COTTAGE CHEESE,3.98,4,2025-07-04
40097556204,374,Normal,Male,1.59,1,DINNER MXS:DRY,PACKAGE DINNERS: OTHER,1.59,2,2025-07-04
40097556204,374,Normal,Male,0.6,1,YOGURT,YOGURT NOT MULTI-PACKS,0.6,1,2025-07-04
40097556204,374,Normal,Male,1.0,4,AIR CARE,AIR CARE - CONTINUOUS - NON EL,4.0,4,2025-07-04
40097556204,374,Normal,Male,1.25,1,NEWSPAPER,NEWSPAPER,1.25,1,2025-07-04
40097556204,374,Normal,Male,1.39,1,BAKED SWEET GOODS,SNACK CAKE - MULTI PACK,1.39,1,2025-07-04
40097556204,374,Normal,Male,1.0,1,FLUID MILK PRODUCTS,FLUID MILK WHITE ONLY,1.0,1,2025-07-04
40097556204,374,Normal,Male,4.99,1,PET CARE SUPPLIES,PET TREATS,4.99,5,2025-07-04
40097556204,374,Normal,Male,2.5,1,MELONS,CANTALOUPE WHOLE,2.5,2,2025-07-04
40097556204,374,Normal,Male,2.96,1,CRACKERS/MISC BKD FD,CHEESE CRACKERS (CHEEZ-ITS/GOL,2.96,3,2025-07-04
40097556204,374,Normal,Male,1.19,1,CHEESE,IWS SINGLE CHEESE,1.19,1,2025-07-04
40097556204,374,Normal,Male,2.96,1,CRACKERS/MISC BKD FD,CHEESE CRACKERS (CHEEZ-ITS/GOL,2.96,3,2025-07-04
40097556204,374,Normal,Male,0.99,1,BAKED BREAD/BUNS/ROLLS,HOT DOG BUNS,0.99,1,2025-07-04
40097556204,374,Normal,Male,3.91,1,DELI MEATS,MEAT: LUNCHMEAT BULK,3.91,4,2025-07-04
40097556204,374,Normal,Male,1.0,1,AIR CARE,AIR CARE - CONTINUOUS - NON EL,1.0,1,2025-07-04
40097556204,374,Normal,Male,3.99,1,DISHWASH DETERGENTS,AUTOMATIC DISHWASHER DETERGENT,3.99,4,2025-07-04
40097556204,374,Normal,Male,2.0,1,DOG FOODS,DOG BISCUITS (HARD BISCUIT),2.0,2,2025-07-04
40097556204,374,Normal,Male,1.0,1,AIR CARE,AIR CARE - CONTINUOUS - NON EL,1.0,1,2025-07-04
40097556204,374,Normal,Male,3.0,1,DELI MEATS,MEAT: TURKEY BULK,3.0,3,2025-07-04
40097556204,374,Normal,Male,4.99,1,SEAFOOD - FROZEN,SEAFOOD-FRZ-BRD SHRIMP,4.99,5,2025-07-04
40097556204,374,Normal,Male,1.59,1,BROOMS AND MOPS,SPONGES: BATH HOUSEHOLD,1.59,2,2025-07-04
40097556204,374,Normal,Male,2.39,1,DINNER MXS:DRY,PACKAGE DINNERS: OTHER,2.39,2,2025-07-04
40097566527,396,Member,Male,1.0,1,MUSHROOMS,MUSHROOMS WHITE SLICED PKG,1.0,1,2025-07-04
40097566527,396,Member,Male,2.29,1,BREAD,BREAD:LOAF/SNACK,2.29,2,2025-07-04
40097566527,396,Member,Male,2.99,1,SOUP,DRY SOUP,2.99,3,2025-07-04
40097566527,396,Member,Male,1.25,1,CHEESE,SHREDDED CHEESE,1.25,1,2025-07-04
40097566527,396,Member,Male,1.19,1,CHEESE,NATURAL CHEESE EXACT WT SLICES,1.19,1,2025-07-04
40097566527,396,Member,Male,0.99,1,HALLOWEEN,NOVELTIES,0.99,1,2025-07-04
40097566527,396,Member,Male,3.0,1,BAKED SWEET GOODS,SNACK CAKE - MULTI PACK,3.0,3,2025-07-04
40097566527,396,Member,Male,3.0,1,BAKED SWEET GOODS,SNACK CAKE - MULTI PACK,3.0,3,2025-07-04
40097566527,396,Member,Male,1.0,4,ICE CREAM/MILK/SHERBTS,PREMIUM PINTS,4.0,4,2025-07-04
40097566527,396,Member,Male,1.0,1,FLUID MILK PRODUCTS,CHOCOLATE MILK,1.0,1,2025-07-04
40097566527,396,Member,Male,2.0,1,BACON,PRE-COOKED,2.0,2,2025-07-04
40097566527,396,Member,Male,1.0,1,MARGARINES,MARGARINE: TUBS AND BOWLS,1.0,1,2025-07-04
40097566527,396,Member,Male,1.61,1,DELI MEATS,MEAT: TURKEY BULK,1.61,2,2025-07-04
40097566527,396,Member,Male,1.0,1,FLUID MILK PRODUCTS,FLUID MILK WHITE ONLY,1.0,1,2025-07-04
40097566527,396,Member,Male,0.66,2,SOUP,CONDENSED SOUP,1.32,1,2025-07-04
40097566527,396,Member,Male,1.5,1,COLD CEREAL,KIDS CEREAL,1.5,2,2025-07-04
40097566527,396,Member,Male,1.19,1,CHEESE,IWS SINGLE CHEESE,1.19,1,2025-07-04
40097566527,396,Member,Male,1.5,1,COLD CEREAL,KIDS CEREAL,1.5,2,2025-07-04
40097566527,396,Member,Male,3.19,1,BAG SNACKS,POTATO CHIPS,3.19,3,2025-07-04
40097566527,396,Member,Male,2.69,1,REFRGRATD JUICES/DRNKS,DAIRY CASE JUICE DRNK UNDER 10,2.69,3,2025-07-04
40097566527,396,Member,Male,5.29,1,SOAP - LIQUID & BAR,BODY WASH,5.29,5,2025-07-04
40097936433,343,Member,Female,1.39,1,BAKING NEEDS,CAKE DECORS & ICING,1.39,1,2025-07-04
40097936433,343,Member,Female,1.99,1,J-HOOKS,JHOOK - HOUSEWARE,1.99,2,2025-07-04
40097936433,343,Member,Female,4.49,2,BAG SNACKS,TORTILLA/NACHO CHIPS,8.98,9,2025-07-04
40106902295,339,Member,Male,1.5,1,FLUID MILK PRODUCTS,CHOCOLATE MILK,1.5,2,2025-07-05
40106902295,339,Member,Male,2.0,1,BREAKFAST SAUSAGE/SANDWICHES,OTHER,2.0,2,2025-07-05
40106902295,339,Member,Male,1.59,1,BAKED BREAD/BUNS/ROLLS,MAINSTREAM WHITE BREAD,1.59,2,2025-07-05
40106902295,339,Member,Male,3.99,1,LUNCHMEAT,HAM,3.99,4,2025-07-05
40106902295,339,Member,Male,1.0,1,AIR CARE,AIR CARE - AEROSOLS,1.0,1,2025-07-05
40106902295,339,Member,Male,1.0,1,REFRGRATD DOUGH PRODUCTS,REFRIGERATED BISCUITS REGULAR,1.0,1,2025-07-05
40106902295,339,Member,Male,2.99,1,HOUSEHOLD CLEANG NEEDS,FLOOR - DILUTABLES,2.99,3,2025-07-05
40106902295,339,Member,Male,1.0,2,AIR CARE,AIR CARE - CONTINUOUS - NON EL,2.0,2,2025-07-05
40106902295,339,Member,Male,1.39,1,BAKED SWEET GOODS,SNACK CAKE - MULTI PACK,1.39,1,2025-07-05
40106902295,339,Member,Male,4.0,1,SOFT DRINKS,SOFT DRINKS 12/18&15PK CAN CAR,4.0,4,2025-07-05
40106902295,339,Member,Male,4.0,1,SOFT DRINKS,SOFT DRINKS 12/18&15PK CAN CAR,4.0,4,2025-07-05
40126740754,372,Normal,Female,10.0,1,FUEL,GASOLINE-REG UNLEADED,10.0,10,2025-07-05
40128236104,369,Member,Male,0.79,2,HISPANIC,ORIENTAL VEGETABLES,1.58,2,2025-07-08
40128236104,369,Member,Male,0.79,2,HISPANIC,ORIENTAL FOODS AND MEALS,1.58,2,2025-07-08
40128236104,369,Member,Male,7.995,2,SEAFOOD - FROZEN,SEAFOOD-FRZ-IQF RAW SHRIMP RW,15.99,16,2025-07-08
40128236104,369,Member,Male,3.0,2,BACON,PREMIUM,6.0,6,2025-07-08
40128236104,369,Member,Male,2.19,2,HISPANIC,ORIENTAL VEGETABLES,4.38,4,2025-07-08
40128236104,369,Member,Male,5.99,1,LAUNDRY ADDITIVES,FABRIC SOFTENER LIQUID,5.99,6,2025-07-08
40128236104,369,Member,Male,2.99,1,DINNER SAUSAGE,SMOKED/COOKED - BETTER FOR YOU,2.99,3,2025-07-08
40128236104,369,Member,Male,0.79,2,HISPANIC,ORIENTAL VEGETABLES,1.58,2,2025-07-08
40128236104,369,Member,Male,0.5,2,HISPANIC,ORIENTAL VEGETABLES,1.0,1,2025-07-08
40128236104,369,Member,Male,0.89,3,HISPANIC,ORIENTAL VEGETABLES,2.67,3,2025-07-08
40128236104,369,Member,Male,10.79,1,SEAFOOD - FROZEN,SEAFOOD-FRZ-RW-ALL,10.79,11,2025-07-08
40128459889,34011,Member,Female,0.88,1,EGGS,EGGS - LARGE,0.88,1,2025-07-09
40128459889,34011,Member,Female,2.79,1,DINNER SAUSAGE,FRESH,2.79,3,2025-07-09
40128459889,34011,Member,Female,0.79,1,FLUID MILK PRODUCTS,REFRIGERATED COFFEE CREAMERS,0.79,1,2025-07-09
40128459889,34011,Member,Female,1.89,1,BAKED BREAD/BUNS/ROLLS,FRUIT/BREAKFAST BREAD,1.89,2,2025-07-09
40128459889,34011,Member,Female,6.03,1,APPLES,APPLES OTHER (BULK&BAG),6.03,6,2025-07-09
40128459889,34011,Member,Female,3.59,1,BAKED BREAD/BUNS/ROLLS,ENGLISH MUFFINS/WAFFLES,3.59,4,2025-07-09
40128459889,34011,Member,Female,9.19,1,ANTACIDS,ANTI-ACIDS,9.19,9,2025-07-09
40128459889,34011,Member,Female,2.99,1,LUNCHMEAT,MISCELLANEOUS,2.99,3,2025-07-09
40128459889,34011,Member,Female,3.99,1,SMOKED MEATS,HAM,3.99,4,2025-07-09
40130060414,2883,Normal,Male,3.34,1,DEODORANTS,SOLID/STK DEODORANTS,3.34,3,2025-07-07
40174210028,311,Member,Male,0.59,1,CANDY - CHECKLANE,CANDY BARS (SINGLES)(INCLUDING,0.59,1,2025-07-10
40174512644,369,Member,Female,0.0019886572880606,13577,COUPON/MISC ITEMS,GASOLINE-REG UNLEADED,27.0,27,2025-07-10
40186692384,360,Member,Male,3.99,2,FRZN MEAT/MEAT DINNERS,FRZN MULTI SERVE ENTREES ALL,7.98,8,2025-07-11
40186692384,360,Member,Male,1.67,1,CHEESE,SHREDDED CHEESE,1.67,2,2025-07-11
40186692384,360,Member,Male,3.49,1,LUNCHMEAT,CHICKEN-FULLY COOKED,3.49,3,2025-07-11
40186692384,360,Member,Male,2.19,1,LUNCHMEAT,PEPPERONI/SALAMI,2.19,2,2025-07-11
40186692384,360,Member,Male,5.99,1,FRZN MEAT/MEAT DINNERS,FRZN MULTI SERVE ENTREES ALL,5.99,6,2025-07-11
40210685580,31742,Member,Male,1.5,2,ONIONS,ONIONS YELLOW (BULK&BAG),3.0,3,2025-07-13
40210685580,31742,Member,Male,1.88,1,MARGARINES,MARGARINE: TUBS AND BOWLS,1.88,2,2025-07-13
40210685580,31742,Member,Male,2.5,2,BACON,ECONOMY,5.0,5,2025-07-13
40211128077,433,Normal,Male,1.29,1,CANNED MILK,ASEPTIC MILK & MILK DRINKS,1.29,1,2025-07-13
40211128077,433,Normal,Male,0.25,1,CANDY - CHECKLANE,CANDY BARS (SINGLES)(INCLUDING,0.25,0,2025-07-13
40211128077,433,Normal,Male,0.99,1,BAG SNACKS,SGL SV/VEND MACH SNACKS CHIP/P,0.99,1,2025-07-13
40223027376,339,Member,Female,0.33,1,SPICES & EXTRACTS,TABLE SALT POPCORN SALTICE C,0.33,0,2025-07-14
40223027376,339,Member,Female,2.29,1,CARROTS,CARROTS BAGGED,2.29,2,2025-07-14
40223027376,339,Member,Female,0.5,1,CORN,CORN YELLOW,0.5,0,2025-07-14
40223027376,339,Member,Female,1.5,1,REFRGRATD JUICES/DRNKS,DAIRY CASE JUICE DRNK UNDER 10,1.5,2,2025-07-14
40223027376,339,Member,Female,1.11,1,TOMATOES,ROMA TOMATOES (BULK/PKG),1.11,1,2025-07-14
40223027376,339,Member,Female,1.25,1,VEGETABLES - ALL OTHERS,BEANS,1.25,1,2025-07-14
40223027376,339,Member,Female,1.0,2,SEAFOOD - SHELF STABLE,TUNA,2.0,2,2025-07-14
40223027376,339,Member,Female,1.04,1,TROPICAL FRUIT,BANANAS,1.04,1,2025-07-14
40223027376,339,Member,Female,1.64,1,BEEF,FLANK,1.64,2,2025-07-14
40223027376,339,Member,Female,2.19,1,HAIR CARE PRODUCTS,SHAMPOO,2.19,2,2025-07-14
40223027376,339,Member,Female,3.61,1,BEEF,RIBS,3.61,4,2025-07-14
40223027376,339,Member,Female,2.19,1,HAIR CARE PRODUCTS,SHAMPOO,2.19,2,2025-07-14
40248935578,300,Member,Male,0.66,2,SEAFOOD - SHELF STABLE,TUNA,1.32,1,2025-07-17
40248935578,300,Member,Male,2.0,1,DINNER MXS:DRY,SKILLET DINNERS,2.0,2,2025-07-17
40248950084,31401,Normal,Female,1.25,4,FLUID MILK PRODUCTS,FLUID MILK WHITE ONLY,5.0,5,2025-07-17
40248950084,31401,Normal,Female,0.92,1,DRY MIX DESSERTS,PUDDING&GELATIN CUPS/CANS,0.92,1,2025-07-17
40248950084,31401,Normal,Female,6.99,1,MEAT - MISC,BREAST - BONELESS(IQF),6.99,7,2025-07-17
40248950084,31401,Normal,Female,1.69,1,HOUSEHOLD CLEANG NEEDS,ABRASIVES,1.69,2,2025-07-17
40248950084,31401,Normal,Female,2.0,1,BAKED SWEET GOODS,SNACK CAKE - MULTI PACK,2.0,2,2025-07-17
40248950084,31401,Normal,Female,2.0,1,CHEESE,GRATED CHEESE,2.0,2,2025-07-17
40248950084,31401,Normal,Female,0.48,1,BEANS - CANNED GLASS & MW,VARIETY BEANS - KIDNEY PINTO,0.48,0,2025-07-17
40248950084,31401,Normal,Female,0.69,2,SOUP,CONDENSED SOUP,1.38,1,2025-07-17
40248950084,31401,Normal,Female,0.55,4,SOUP,CONDENSED SOUP,2.2,2,2025-07-17
40248950084,31401,Normal,Female,4.29,1,CAT LITTER,SCOOP LITTER,4.29,4,2025-07-17
40248950084,31401,Normal,Female,2.64,1,BAKING MIXES,BROWNIE MIX,2.64,3,2025-07-17
40248950084,31401,Normal,Female,1.6,1,BAKING NEEDS,BITS & MORSELS,1.6,2,2025-07-17
40248950084,31401,Normal,Female,1.995,2,DINNER SAUSAGE,SMOKED/COOKED,3.99,4,2025-07-17
40248950084,31401,Normal,Female,2.89,1,SALD DRSNG/SNDWCH SPRD,SEMI-SOLID SALAD DRESSING MAY,2.89,3,2025-07-17
40248950084,31401,Normal,Female,0.6,1,ONIONS,ONIONS SWEET (BULK&BAG),0.6,1,2025-07-17
40248950084,31401,Normal,Female,2.0,1,CRACKERS/MISC BKD FD,CHEESE CRACKERS (CHEEZ-ITS/GOL,2.0,2,2025-07-17
40248950084,31401,Normal,Female,2.14,1,PNT BTR/JELLY/JAMS,PRESERVES JAM MARMALADE,2.14,2,2025-07-17
40248950084,31401,Normal,Female,2.59,1,BAKED BREAD/BUNS/ROLLS,HAMBURGER BUNS,2.59,3,2025-07-17
40248950084,31401,Normal,Female,4.88,1,BEEF,PRIMAL,4.88,5,2025-07-17
40248950084,31401,Normal,Female,1.83,1,POTATOES,POTATOES SWEET&YAMS,1.83,2,2025-07-17
40248950084,31401,Normal,Female,1.73,1,MAKEUP AND TREATMENT,COVERGIRL,1.73,2,2025-07-17
40248950084,31401,Normal,Female,2.0,2,CONVENIENT BRKFST/WHLSM SNACKS,CEREAL BARS,4.0,4,2025-07-17
40248950084,31401,Normal,Female,3.49,1,APPLES,APPLES GRANNY SMITH (BULK&BAG),3.49,3,2025-07-17
40248950084,31401,Normal,Female,0.79,1,CONDIMENTS/SAUCES,SALAD MUSTARD,0.79,1,2025-07-17
40248950084,31401,Normal,Female,3.69,1,HOUSEHOLD CLEANG NEEDS,TOOLS - FLOOR & FURNITURE,3.69,4,2025-07-17
40248950084,31401,Normal,Female,1.5,1,BAKING MIXES,FROSTING,1.5,2,2025-07-17
40248950084,31401,Normal,Female,2.91,1,SALAD BAR,SALAD BAR FRESH FRUIT,2.91,3,2025-07-17
40248950084,31401,Normal,Female,0.29,2,SALAD BAR,CONDIMENTS/SUPPLIES,0.58,1,2025-07-17
40248950084,31401,Normal,Female,1.29,1,BAKING MIXES,LAYER CAKE MIX,1.29,1,2025-07-17
40248950084,31401,Normal,Female,0.99,1,SOUP,DRY SOUP,0.99,1,2025-07-17
40248950084,31401,Normal,Female,1.5,2,FRZN MEAT/MEAT DINNERS,FROZEN PASTA,3.0,3,2025-07-17
40248950084,31401,Normal,Female,0.99,1,HOUSEHOLD CLEANG NEEDS,TOILET BOWL AUTOMATIC,0.99,1,2025-07-17
40248950084,31401,Normal,Female,0.0,0, , ,0.0,0,2025-07-17
40248950084,31401,Normal,Female,4.99,1,ICE CREAM/MILK/SHERBTS,PREMIUM,4.99,5,2025-07-17
40248950084,31401,Normal,Female,4.99,1,LAUNDRY ADDITIVES,FABRIC SOFTENER LIQUID,4.99,5,2025-07-17
40248950084,31401,Normal,Female,3.41,1,MAKEUP AND TREATMENT,COVERGIRL,3.41,3,2025-07-17
40248950084,31401,Normal,Female,2.0,2,CONVENIENT BRKFST/WHLSM SNACKS,CEREAL BARS,4.0,4,2025-07-17
40248950084,31401,Normal,Female,1.67,1,BAKED BREAD/BUNS/ROLLS,MAINSTREAM WHITE BREAD,1.67,2,2025-07-17
40248950084,31401,Normal,Female,3.29,1,MAKEUP AND TREATMENT,COVERGIRL,3.29,3,2025-07-17
40248950084,31401,Normal,Female,2.5,1,FD WRAPS/BAGS/TRSH BG,FREEZER BAGS,2.5,2,2025-07-17
40248950084,31401,Normal,Female,2.5,2,AIR CARE,AIR CARE - CONTINUOUS - NON EL,5.0,5,2025-07-17
40248950084,31401,Normal,Female,3.49,1,BAG SNACKS,TORTILLA/NACHO CHIPS,3.49,3,2025-07-17
40248950084,31401,Normal,Female,2.5,1,BAG SNACKS,POTATO CHIPS,2.5,2,2025-07-17
40278977490,367,Member,Female,2.5,1,REFRGRATD JUICES/DRNKS,DAIRY CASE 100% PURE JUICE - O,2.5,2,2025-07-18
40278977490,367,Member,Female,1.19,1,MISC. DAIRY,REFRIGERATED MEXICAN PRODUCTS,1.19,1,2025-07-18
40278977490,367,Member,Female,0.97,1,VALUE ADDED FRUIT,MELON HALVES/QUARTERS,0.97,1,2025-07-18
40278977490,367,Member,Female,2.32,1,COOKIES/CONES,TRAY PACK/CHOC CHIP COOKIES,2.32,2,2025-07-18
40278977490,367,Member,Female,0.86,1,TROPICAL FRUIT,BANANAS,0.86,1,2025-07-18
40278977490,367,Member,Female,2.99,1,CONVENIENT BRKFST/WHLSM SNACKS,GRANOLA BARS,2.99,3,2025-07-18
40278977490,367,Member,Female,4.84,1,DELI MEATS,MEAT: TURKEY BULK,4.84,5,2025-07-18
40278977490,367,Member,Female,2.5,1,CANDY - PACKAGED,CANDY BAGS-CHOCOCLATE,2.5,2,2025-07-18
40278977490,367,Member,Female,2.0,1,FRZN POTATOES,FRZN BAKED/STUFFED/MASHED&SPEC,2.0,2,2025-07-18
40278977490,367,Member,Female,2.0,1,REFRGRATD JUICES/DRNKS,DAIRY CASE JUICE DRNK UNDER 10,2.0,2,2025-07-18
40278977490,367,Member,Female,2.29,1,BAG SNACKS,BAGGED CHEESE SNACKS,2.29,2,2025-07-18
40279433384,369,Member,Male,1.99,1,BACON,ECONOMY,1.99,2,2025-07-18
40279433384,369,Member,Male,3.99,1,CANNED JUICES,CRANAPPLE CRAN GRAPE JUICE (O,3.99,4,2025-07-18
40279433384,369,Member,Male,1.0,1,MILK BY-PRODUCTS,SOUR CREAMS,1.0,1,2025-07-18
40279433384,369,Member,Male,1.995,2,DINNER SAUSAGE,SMOKED/COOKED,3.99,4,2025-07-18
40279433384,369,Member,Male,0.99,1,EGGS,EGGS - LARGE,0.99,1,2025-07-18
40279433384,369,Member,Male,1.79,1,BEEF,PRIMAL,1.79,2,2025-07-18
40279433384,369,Member,Male,1.5,1,ONIONS,ONIONS YELLOW (BULK&BAG),1.5,2,2025-07-18
40279433384,369,Member,Male,3.64,1,CHEESES,CHEESE: PROCESSED BULK,3.64,4,2025-07-18
40279433384,369,Member,Male,0.67,2,CITRUS,LEMONS,1.34,1,2025-07-18
40279433384,369,Member,Male,1.99,1,BREAD,BREAD:ITALIAN/FRENCH,1.99,2,2025-07-18
40279433384,369,Member,Male,1.72,1,TOMATOES,TOMATOES HOTHOUSE ON THE VINE,1.72,2,2025-07-18
40279433384,369,Member,Male,1.65,2,BAKING MIXES,BROWNIE MIX,3.3,3,2025-07-18
40279433384,369,Member,Male,0.79,1,BAKING NEEDS,MARSHMALLOWS,0.79,1,2025-07-18
40279433384,369,Member,Male,2.68,1,BEEF,PRIMAL,2.68,3,2025-07-18
40279433384,369,Member,Male,0.5,2,YOGURT,YOGURT NOT MULTI-PACKS,1.0,1,2025-07-18
40279433384,369,Member,Male,2.88,1,POTATOES,POTATOES RUSSET (BULK&BAG),2.88,3,2025-07-18
40279433384,369,Member,Male,1.0,1,BAKED BREAD/BUNS/ROLLS,MAINSTREAM WHITE BREAD,1.0,1,2025-07-18
40279433384,369,Member,Male,0.5,2,YOGURT,YOGURT NOT MULTI-PACKS,1.0,1,2025-07-18
40279433384,369,Member,Male,1.0,1,SOFT DRINKS,SFT DRNK 2 LITER BTL CARB INCL,1.0,1,2025-07-18
40279433384,369,Member,Male,0.75,1,SOUP,CONDENSED SOUP,0.75,1,2025-07-18
40279433384,369,Member,Male,1.25,2,CHEESE,CREAM CHEESE,2.5,2,2025-07-18
40279433384,369,Member,Male,4.4,1,CHICKEN,CHICKEN BREAST BONELESS,4.4,4,2025-07-18
40279433384,369,Member,Male,1.0,2,VEGETABLES - SHELF STABLE,TOMATOES: STEWED/DICED/CRMD,2.0,2,2025-07-18
40279433384,369,Member,Male,1.0,1,BAKING NEEDS,BREADINGS  COATINGS CRUMBS,1.0,1,2025-07-18
40279433384,369,Member,Male,2.99,1,SUGARS/SWEETNERS,SUGAR,2.99,3,2025-07-18
40279433384,369,Member,Male,0.74,2,DRY SAUCES/GRAVY,GRAVY CAN/GLASS,1.48,1,2025-07-18
40279433384,369,Member,Male,0.89,1,SOFT DRINKS,MIXERS(TONIC WTR/CLUB SODA/GNG,0.89,1,2025-07-18
40279433384,369,Member,Male,1.06,1,APPLES,APPLES RED DELICIOUS (BULK&BAG,1.06,1,2025-07-18
40279433384,369,Member,Male,1.29,1,SOUP,DRY SOUP,1.29,1,2025-07-18
40279433384,369,Member,Male,0.89,1,SOFT DRINKS,MIXERS(CLUB SODA/SELTZERS)FLAV,0.89,1,2025-07-18
40279433384,369,Member,Male,3.09,1,BUTTER,BUTTER,3.09,3,2025-07-18
40279433384,369,Member,Male,1.25,1,FLUID MILK PRODUCTS,FLUID MILK WHITE ONLY,1.25,1,2025-07-18
40279433384,369,Member,Male,1.0,1,CANNED MILK,CANNED MILK,1.0,1,2025-07-18
40279433384,369,Member,Male,0.5,1,DRY SAUCES/GRAVY,SAUCE MIXES GRAVY MIXES DRY,0.5,0,2025-07-18
40279433384,369,Member,Male,0.66,1,PEPPERS-ALL,PEPPERS SERRANO,0.66,1,2025-07-18
40279433384,369,Member,Male,1.12,1,FLOUR & MEALS,FLOUR: WHITE & SELF RISING,1.12,1,2025-07-18
40279433384,369,Member,Male,1.69,1,FLUID MILK PRODUCTS,REFRIGERATED COFFEE CREAMERS,1.69,2,2025-07-18
40279433384,369,Member,Male,0.89,1,VEGETABLES - SHELF STABLE,TOMATO PASTE,0.89,1,2025-07-18
40279433384,369,Member,Male,1.92,1,SHORTENING/OIL,CANOLA OILS,1.92,2,2025-07-18
40279433384,369,Member,Male,3.69,1,HOT CEREAL,OTHER HOT CEREAL,3.69,4,2025-07-18
40279433384,369,Member,Male,1.01,1,DELI MEATS,MEAT: LUNCHMEAT BULK,1.01,1,2025-07-18
40279433384,369,Member,Male,1.82,1,SALADS/DIPS,SAL:OLIVES/PICKLES-BULK,1.82,2,2025-07-18
40279433384,369,Member,Male,1.62,1,DELI MEATS,MEAT: SAUS DRY BULK,1.62,2,2025-07-18
40279433384,369,Member,Male,4.39,1,DELI MEATS,MEAT:HAM BULK,4.39,4,2025-07-18
40279433384,369,Member,Male,3.0,1,BLEACH,ALL FABRIC DRY BLEACH,3.0,3,2025-07-18
40279433384,369,Member,Male,2.0,1,REFRGRATD JUICES/DRNKS,DAIRY CASE 100% PURE JUICE - O,2.0,2,2025-07-18
40279433384,369,Member,Male,6.92,1,DELI MEATS,MEAT: CHICKEN BULK,6.92,7,2025-07-18
40279433384,369,Member,Male,2.44,1,BUTTER,BUTTER,2.44,2,2025-07-18
40279433384,369,Member,Male,1.67,1,BAKED BREAD/BUNS/ROLLS,MAINSTREAM WHEAT/MULTIGRAIN BR,1.67,2,2025-07-18
40279433384,369,Member,Male,0.5,2,SOUP,BROTH,1.0,1,2025-07-18
40279433384,369,Member,Male,2.425,2,PORK,ENHANCED,4.85,5,2025-07-18
40279433384,369,Member,Male,3.79,1,LAUNDRY DETERGENTS,LIQUID LAUNDRY DETERGENTS,3.79,4,2025-07-18
40279433384,369,Member,Male,1.99,2,BAKING NEEDS,BAKING POWDER & SODA,3.98,4,2025-07-18
40279433384,369,Member,Male,3.69,1,SALD DRSNG/SNDWCH SPRD,SEMI-SOLID SALAD DRESSING MAY,3.69,4,2025-07-18
40279433384,369,Member,Male,5.0,1,KITCHEN GADGETS,AS SEEN ON TV,5.0,5,2025-07-18
40279433384,369,Member,Male,3.99,1,LAUNDRY ADDITIVES,FABRIC SOFTENER LIQUID,3.99,4,2025-07-18
40279433384,369,Member,Male,1.39,2,COFFEE,INSTANT COFFEE FLAVORED NO SWE,2.78,3,2025-07-18
40283365765,366,Member,Female,4.79,2,FROZEN MEAT,FRZN BREADED PREPARED CHICK,9.58,10,2025-07-19
40283365765,366,Member,Female,1.5,1,SOFT DRINKS,SFT DRNK 2 LITER BTL CARB INCL,1.5,2,2025-07-19
40283365765,366,Member,Female,2.19,1,BAG SNACKS,POTATO CHIPS,2.19,2,2025-07-19
40283365765,366,Member,Female,2.39,1,BAG SNACKS,DIPS (NON-REFRIGERATED),2.39,2,2025-07-19
40283365765,366,Member,Female,3.29,1,LUNCHMEAT,BOLOGNA,3.29,3,2025-07-19
40283365765,366,Member,Female,1.88,1,CANNED JUICES,ASEPTIC PACK JUICE AND DRINKS,1.88,2,2025-07-19
40283365765,366,Member,Female,1.88,1,CANNED JUICES,ASEPTIC PACK JUICE AND DRINKS,1.88,2,2025-07-19
40283365765,366,Member,Female,1.5,1,SOFT DRINKS,SFT DRNK 2 LITER BTL CARB INCL,1.5,2,2025-07-19
40283365765,366,Member,Female,3.99,1,FRZN MEAT/MEAT DINNERS,FRZN MULTI SERVE ENTREES ALL,3.99,4,2025-07-19
40283365765,366,Member,Female,3.99,1,FRZN NOVELTIES/WTR ICE,WATER ICE,3.99,4,2025-07-19
40283365765,366,Member,Female,4.99,1,FROZEN PIZZA,SNACKS/APPETIZERS,4.99,5,2025-07-19
40283551316,327,Member,Male,3.99,1,WATER - CARBONATED/FLVRD DRINK,NON-CRBNTD DRNKING/MNERAL WATE,3.99,4,2025-07-19
40283551316,327,Member,Male,5.5,2,BATH TISSUES,TOILET TISSUE,11.0,11,2025-07-19
40283551316,327,Member,Male,1.06,1,EGGS,EGGS - LARGE,1.06,1,2025-07-19
40283551316,327,Member,Male,1.0,1,SALAD MIX,REGULAR GARDEN,1.0,1,2025-07-19
40283551316,327,Member,Male,1.0,3,SOUP,RTS SOUP: CHUNKY/HOMESTYLE ET,3.0,3,2025-07-19
40283551316,327,Member,Male,0.5,1,CAT FOOD,CAN CATFD GOURMET/SUP PREM (GR,0.5,0,2025-07-19
40283551316,327,Member,Male,1.25,1,FLUID MILK PRODUCTS,CHOCOLATE MILK,1.25,1,2025-07-19
40283551316,327,Member,Male,1.5,1,REFRGRATD JUICES/DRNKS,DAIRY CASE 100% PURE JUICE - O,1.5,2,2025-07-19
40283551316,327,Member,Male,0.5,1,CAT FOOD,CAN CATFD GOURMET/SUP PREM (GR,0.5,0,2025-07-19
40283551316,327,Member,Male,0.5,1,CAT FOOD,CAN CATFD GOURMET/SUP PREM (GR,0.5,0,2025-07-19
40283551316,327,Member,Male,0.5,1,CAT FOOD,CAN CATFD GOURMET/SUP PREM (GR,0.5,0,2025-07-19
40283551316,327,Member,Male,1.99,1,CARROTS,CARROTS MINI PEELED,1.99,2,2025-07-19
40283551316,327,Member,Male,1.89,1,VEGETABLES - ALL OTHERS,CELERY,1.89,2,2025-07-19
40283551316,327,Member,Male,1.6666666666666667,3,HOT CEREAL,INSTANT OATMEAL,5.0,5,2025-07-19
40283551316,327,Member,Male,1.25,1,FLUID MILK PRODUCTS,FLUID MILK WHITE ONLY,1.25,1,2025-07-19
40283551316,327,Member,Male,0.5,1,CAT FOOD,CAN CATFD GOURMET/SUP PREM (GR,0.5,0,2025-07-19
40283551316,327,Member,Male,0.5,1,CAT FOOD,CAN CATFD GOURMET/SUP PREM (GR,0.5,0,2025-07-19
40283551316,327,Member,Male,0.5,1,CAT FOOD,CAN CATFD GOURMET/SUP PREM (GR,0.5,0,2025-07-19
40283551316,327,Member,Male,1.79,1,PICKLE/RELISH/PKLD VEG,RELISHES,1.79,2,2025-07-19
40283551316,327,Member,Male,1.0,2,MEAT - SHELF STABLE,PASTA: CANNED,2.0,2,2025-07-19
40283551316,327,Member,Male,0.5,1,CAT FOOD,CAN CATFD GOURMET/SUP PREM (GR,0.5,0,2025-07-19
40283551316,327,Member,Male,3.14,1,PAPER TOWELS,PAPER TOWELS & HOLDERS,3.14,3,2025-07-19
40283551316,327,Member,Male,1.0,4,MEAT - SHELF STABLE,PASTA: CANNED,4.0,4,2025-07-19
40283551316,327,Member,Male,3.46,1,DELI MEATS,MEAT: LUNCHMEAT BULK,3.46,3,2025-07-19
40283551316,327,Member,Male,1.49,1,FRZN ICE,ICE - CRUSHED/CUBED,1.49,1,2025-07-19
40283551316,327,Member,Male,1.95,1,FRUIT - SHELF STABLE,FRUIT BOWL AND CUPS,1.95,2,2025-07-19
40283551316,327,Member,Male,0.5,1,CAT FOOD,CAN CATFD GOURMET/SUP PREM (GR,0.5,0,2025-07-19
40283551316,327,Member,Male,4.99,1,HAIR CARE PRODUCTS,DANDRUFF-MEDICATED SHAMPOOS,4.99,5,2025-07-19
40283551316,327,Member,Male,2.29,1,BAKED BREAD/BUNS/ROLLS,MAINSTREAM WHITE BREAD,2.29,2,2025-07-19
40283551316,327,Member,Male,0.59,1,CAT FOOD,CAN CATFD GOURMET/SUP PREM (GR,0.59,1,2025-07-19
40283551316,327,Member,Male,1.0,1,SOUP,RTS SOUP: CHUNKY/HOMESTYLE ET,1.0,1,2025-07-19
40300465838,356,Normal,Female,12.99,2,DOG FOODS,DRY DOG FOOD PREMIUM (ALPO/PUR,25.98,26,2025-07-20
40314500935,31742,Member,Male,1.33,1,SOFT DRINKS,SFT DRNK 2 LITER BTL CARB INCL,1.33,1,2025-07-21
40314500935,31742,Member,Male,2.59,1,CAT FOOD,CAT TREATS,2.59,3,2025-07-21
40314500935,31742,Member,Male,0.24,3,CAT FOOD,CANNED CAT FOOD (9 LIVES/FRISK,0.72,1,2025-07-21
40314500935,31742,Member,Male,0.3333333333333333,3,CAT FOOD,CANNED CAT FOOD (9 LIVES/FRISK,1.0,1,2025-07-21
40314500935,31742,Member,Male,0.5,2,PAPER TOWELS,PAPER TOWELS & HOLDERS,1.0,1,2025-07-21
40314500935,31742,Member,Male,2.0,1,FROZEN PIZZA,PIZZA/SINGLE SERVE/MICROWAVE,2.0,2,2025-07-21
40314500935,31742,Member,Male,1.0,1,FACIAL TISS/DNR NAPKIN,FACIAL TISSUE & PAPER HANDKE,1.0,1,2025-07-21
40335700628,429,Member,Female,0.0020995171110644,9526,COUPON/MISC ITEMS,GASOLINE-REG UNLEADED,20.0,20,2025-07-22
40335703492,429,Member,Male,6.39,1,BLEACH,ALL FABRIC LIQUID BLEACH,6.39,6,2025-07-22
40335703492,429,Member,Male,2.45,1,VITAMINS,VITAMIN - INDIVIDUAL,2.45,2,2025-07-22
40335703492,429,Member,Male,1.75,1,FRZN BREAKFAST FOODS,FRZN BREAKFAST PASTRY,1.75,2,2025-07-22
40335703492,429,Member,Male,3.59,1,FLUID MILK PRODUCTS,FLUID MILK WHITE ONLY,3.59,4,2025-07-22
40335703492,429,Member,Male,4.29,3,WATER - CARBONATED/FLVRD DRINK,SPRING WATER,12.87,13,2025-07-22
40335703492,429,Member,Male,6.79,4,FIRST AID PRODUCTS,ELSTC BNDGES SUPRT HOSE,27.16,27,2025-07-22
40335703492,429,Member,Male,8.49,2,BATH,BATH OILS,16.98,17,2025-07-22
40335703492,429,Member,Male,2.0,1,FRZN BREAKFAST FOODS,FRZN BREAKFAST PASTRY,2.0,2,2025-07-22
40335703492,429,Member,Male,5.59,1,FD WRAPS/BAGS/TRSH BG,PLASTIC TRASH BAGS,5.59,6,2025-07-22
40335703492,429,Member,Male,0.0,0, , ,0.0,0,2025-07-22
40335703492,429,Member,Male,5.59,1,FD WRAPS/BAGS/TRSH BG,GARBAGE KITCHEN COMPACTOR BA,5.59,6,2025-07-22
40335703492,429,Member,Male,1.19,1,WATER - CARBONATED/FLVRD DRINK,NON-CARB FLVRD DRNKNG/MNRL WAT,1.19,1,2025-07-22
40335703492,429,Member,Male,5.49,2,ORAL HYGIENE PRODUCTS,MOUTHWASH RINSES AND SPRAYS,10.98,11,2025-07-22
40335703492,429,Member,Male,0.99,1,CANDY - CHECKLANE,CHEWING GUM,0.99,1,2025-07-22
40335703492,429,Member,Male,7.99,1,LAUNDRY ADDITIVES,FABRIC SOFTENER LIQUID,7.99,8,2025-07-22
40335703492,429,Member,Male,4.59,1,FRZN NOVELTIES/WTR ICE,ADULT PREMIUM,4.59,5,2025-07-22
40335703492,429,Member,Male,11.99,2,BATH,MISC. BATH PRODUCTS,23.98,24,2025-07-22
40335703492,429,Member,Male,4.29,1,BLEACH,LIQUID BLEACH,4.29,4,2025-07-22
40335703492,429,Member,Male,10.99,1,LAUNDRY DETERGENTS,LIQUID LAUNDRY DETERGENTS,10.99,11,2025-07-22
40340550443,441,Member,Male,1.29,2,SOFT DRINKS,SFT DRNK SNGL SRV BTL CARB (EX,2.58,3,2025-07-23
40340672385,406,Normal,Male,2.88,1,ICE CREAM/MILK/SHERBTS,PREMIUM,2.88,3,2025-07-23
40340672385,406,Normal,Male,1.5,1,BAKING MIXES,MISCELLANEOUS PACKAGE MIXES,1.5,2,2025-07-23
40340672385,406,Normal,Male,1.0,1,BAKED BREAD/BUNS/ROLLS,MAINSTREAM WHITE BREAD,1.0,1,2025-07-23
40340672385,406,Normal,Male,1.13,1,SPICES & EXTRACTS,SPICES & SEASONINGS,1.13,1,2025-07-23
40340672385,406,Normal,Male,0.44,1,VEGETABLES - SHELF STABLE,CORN,0.44,0,2025-07-23
40340672385,406,Normal,Male,1.45,1,DRY SAUCES/GRAVY,GRAVY CAN/GLASS,1.45,1,2025-07-23
40340672385,406,Normal,Male,0.34,1,VEGETABLES - SHELF STABLE,CORN,0.34,0,2025-07-23
40340672385,406,Normal,Male,2.69,1,REFRGRATD DOUGH PRODUCTS,REFRIGERATED SPECILATY ROLLS,2.69,3,2025-07-23
40340672385,406,Normal,Male,2.99,1,DINNER SAUSAGE,SMOKED/COOKED - BEEF,2.99,3,2025-07-23
40340672385,406,Normal,Male,1.79,1,CANDY - PACKAGED,GUM (PACKAGED),1.79,2,2025-07-23
40340672385,406,Normal,Male,1.45,1,DRY SAUCES/GRAVY,GRAVY CAN/GLASS,1.45,1,2025-07-23
40340672385,406,Normal,Male,1.6,1,SPICES & EXTRACTS,SPICES & SEASONINGS,1.6,2,2025-07-23
40340672385,406,Normal,Male,0.44,2,VEGETABLES - SHELF STABLE,BEANS GREEN: FS/WHL/CUT,0.88,1,2025-07-23
40340672385,406,Normal,Male,1.67,1,CONVENIENT BRKFST/WHLSM SNACKS,TOASTER PASTRIES,1.67,2,2025-07-23
40340672385,406,Normal,Male,2.0,2,DOG FOODS,DOG BISCUITS (HARD BISCUIT),4.0,4,2025-07-23
40340672385,406,Normal,Male,1.29,2,VEGETABLES - SHELF STABLE,TOMATOES: STEWED/DICED/CRMD,2.58,3,2025-07-23
40340672385,406,Normal,Male,0.44,1,VEGETABLES - SHELF STABLE,PEAS GREEN,0.44,0,2025-07-23
40340672385,406,Normal,Male,2.79,1,FLUID MILK PRODUCTS,FLUID MILK WHITE ONLY,2.79,3,2025-07-23
40340672385,406,Normal,Male,0.64,1,TROPICAL FRUIT,BANANAS,0.64,1,2025-07-23
40340672385,406,Normal,Male,0.99,2,BEANS - CANNED GLASS & MW,VARIETY BEANS - KIDNEY PINTO,1.98,2,2025-07-23
40340672385,406,Normal,Male,1.79,1,DRY NOODLES/PASTA,SPAGHETTI DRY,1.79,2,2025-07-23
40340672385,406,Normal,Male,2.88,1,ICE CREAM/MILK/SHERBTS,PREMIUM,2.88,3,2025-07-23
40340672385,406,Normal,Male,1.99,1,SHORTENING/OIL,VEGETABLE/SALAD OIL,1.99,2,2025-07-23
40340672385,406,Normal,Male,4.69,1,SOFT DRINKS,SOFT DRINKS 12/18&15PK CAN CAR,4.69,5,2025-07-23
40340672385,406,Normal,Male,0.79,1,CONDIMENTS/SAUCES,SALAD MUSTARD,0.79,1,2025-07-23
40340672385,406,Normal,Male,4.29,1,MEAT - SHELF STABLE,CHILI: CANNED,4.29,4,2025-07-23
40340672385,406,Normal,Male,2.98,1,BEEF,LEAN,2.98,3,2025-07-23
40340672385,406,Normal,Male,3.04,1,SALAD MIX,KITS,3.04,3,2025-07-23
40340672385,406,Normal,Male,1.6,1,CHEESE,SHREDDED CHEESE,1.6,2,2025-07-23
40340672385,406,Normal,Male,1.67,1,MILK BY-PRODUCTS,REFRIG DIPS,1.67,2,2025-07-23
40340672385,406,Normal,Male,2.89,1,FROZEN PIZZA,SNACKS/APPETIZERS,2.89,3,2025-07-23
40340672385,406,Normal,Male,0.68,1,DRY BN/VEG/POTATO/RICE,RICE SIDE DISH MIXES DRY,0.68,1,2025-07-23
40340672385,406,Normal,Male,2.5,1,BAG SNACKS,POTATO CHIPS,2.5,2,2025-07-23
40341463054,424,Member,Female,4.29,1,CHEESE,IWS SINGLE CHEESE,4.29,4,2025-07-24
40341463054,424,Member,Female,2.99,1,CHEESE,GRATED CHEESE,2.99,3,2025-07-24
40341463054,424,Member,Female,3.45,1,DINNER MXS:DRY,MACARONI & CHEESE DNRS,3.45,3,2025-07-24
40341463054,424,Member,Female,2.5,1,FROZEN PIZZA,PIZZA/TRADITIONAL,2.5,2,2025-07-24
40341463054,424,Member,Female,1.5,1,CHEESE,SHREDDED CHEESE,1.5,2,2025-07-24
40341463054,424,Member,Female,2.68,1,COOKIES/CONES,SANDWICH COOKIES,2.68,3,2025-07-24
40341463054,424,Member,Female,3.3,1,BAG SNACKS,TORTILLA/NACHO CHIPS,3.3,3,2025-07-24
40341463054,424,Member,Female,3.99,1,TOMATOES,TOMATOES COCKTAIL,3.99,4,2025-07-24
40341463054,424,Member,Female,4.03,1,BEEF,ANGUS,4.03,4,2025-07-24
40387392410,410,Normal,Male,1.0,1,BAKED BREAD/BUNS/ROLLS,MAINSTREAM WHEAT/MULTIGRAIN BR,1.0,1,2025-07-27
40387392410,410,Normal,Male,1.5,2,CANNED JUICES,CRANAPPLE CRAN GRAPE JUICE (5,3.0,3,2025-07-27
40387392410,410,Normal,Male,1.52,1,TROPICAL FRUIT,BANANAS,1.52,2,2025-07-27
40387392410,410,Normal,Male,1.15,1,BATH TISSUES,TOILET TISSUE,1.15,1,2025-07-27
40387392410,410,Normal,Male,1.0,2,ISOTONIC DRINKS,ISOTONIC DRINKS SINGLE SERVE,2.0,2,2025-07-27
40387392410,410,Normal,Male,1.99,2,LUNCHMEAT,HAM,3.98,4,2025-07-27
40399817094,396,Member,Male,1.79,1,RICE CAKES,RICE CAKES,1.79,2,2025-07-28
40399817094,396,Member,Male,3.29,1,POPCORN,POPCORN - MICROWAVE,3.29,3,2025-07-28
40399817094,396,Member,Male,1.79,1,RICE CAKES,RICE CAKES,1.79,2,2025-07-28
40399817094,396,Member,Male,4.19,1,SOFT DRINKS,SOFT DRINKS 12/18&15PK CAN CAR,4.19,4,2025-07-28
40400101387,391,Member,Female,7.99,1,DIAPERS & DISPOSABLES,BABY DIAPERS,7.99,8,2025-07-28
40400101387,391,Member,Female,0.8,1,CANDY - CHECKLANE,CANDY BARS (SINGLES)(INCLUDING,0.8,1,2025-07-28
40400101387,391,Member,Female,2.19,1,BABY HBC,BABY WIPES,2.19,2,2025-07-28
40412023049,370,Member,Female,0.93,2,FLUID MILK PRODUCTS,FLUID MILK WHITE ONLY,1.86,2,2025-07-29
40412023049,370,Member,Female,1.5,1,COLD CEREAL,KIDS CEREAL,1.5,2,2025-07-29
40423784694,361,Member,Male,1.34,1,FRZN VEGETABLE/VEG DSH,FRZN BOXED VEGETABLES- VALUE A,1.34,1,2025-07-31
40423784694,361,Member,Male,0.52,1,DRY NOODLES/PASTA,NOODLES DRY,0.52,1,2025-07-31
40423784694,361,Member,Male,3.49,1,REFRGRATD DOUGH PRODUCTS,REFRIGERATED COOKIES-CHUB,3.49,3,2025-07-31
40423784694,361,Member,Male,3.49,1,CONDIMENTS/SAUCES,STEAK & WORCHESTER SAUCE,3.49,3,2025-07-31
40423784694,361,Member,Male,8.2,1,BEEF,CHOICE BEEF,8.2,8,2025-07-31
40423784694,361,Member,Male,1.0,2,DRY BN/VEG/POTATO/RICE,NOODLE SIDE DISH MIXES,2.0,2,2025-07-31
40423784694,361,Member,Male,2.14,1,MARGARINES,MARGARINE: TUBS AND BOWLS,2.14,2,2025-07-31
40423784694,361,Member,Male,2.59,1,CRACKERS/MISC BKD FD,SOUP CRACKERS (SALTINE/OYSTER),2.59,3,2025-07-31
40423784694,361,Member,Male,2.99,1,COFFEE,NON DAIRY CREAMER: DRY,2.99,3,2025-07-31
40423784694,361,Member,Male,0.69,1,SPICES & EXTRACTS,SPICES & SEASONINGS,0.69,1,2025-07-31
40423784694,361,Member,Male,1.0,2,DRY BN/VEG/POTATO/RICE,RICE SIDE DISH MIXES DRY,2.0,2,2025-07-31
40423784694,361,Member,Male,0.0,1,BAG SNACKS,PRETZELS,0.0,0,2025-07-31
40423784694,361,Member,Male,4.99,1,CAT LITTER,SCOOP LITTER,4.99,5,2025-07-31
40423784694,361,Member,Male,2.99,1,POTATOES,POTATOES RUSSET (BULK&BAG),2.99,3,2025-07-31
40423784694,361,Member,Male,0.2,2,PWDR/CRYSTL DRNK MX,SOFT DRINK POWDER POUCHES,0.4,0,2025-07-31
40423784694,361,Member,Male,1.29,1,CONDIMENTS/SAUCES,STEAK & WORCHESTER SAUCE,1.29,1,2025-07-31
40423784694,361,Member,Male,3.29,1,HOT DOGS,PREMIUM - MEAT,3.29,3,2025-07-31
40423784694,361,Member,Male,1.5,1,COOKIES/CONES,SANDWICH COOKIES,1.5,2,2025-07-31
40423784694,361,Member,Male,12.99,1,LAUNDRY DETERGENTS,LIQUID LAUNDRY DETERGENTS,12.99,13,2025-07-31
40423784694,361,Member,Male,2.88,1,SOFT DRINKS,SOFT DRINKS 12/18&15PK CAN CAR,2.88,3,2025-07-31
40423784694,361,Member,Male,1.99,1,ORAL HYGIENE PRODUCTS,TOOTHPASTE,1.99,2,2025-07-31
40423784694,361,Member,Male,1.0,1,SALD DRSNG/SNDWCH SPRD,POURABLE SALAD DRESSINGS,1.0,1,2025-07-31
40423784694,361,Member,Male,3.73,2,BEEF,CUBED MEATS,7.46,7,2025-07-31
40423784694,361,Member,Male,1.69,5,BAKED BREAD/BUNS/ROLLS,MAINSTREAM WHITE BREAD,8.45,8,2025-07-31
40423784694,361,Member,Male,1.59,2,SOUP,CONDENSED SOUP,3.18,3,2025-07-31
40423784694,361,Member,Male,1.67,1,FD WRAPS/BAGS/TRSH BG,ALUMINUM FOIL,1.67,2,2025-07-31
40423784694,361,Member,Male,0.99,1,VEGETABLES - SHELF STABLE,TOMATO SAUCE,0.99,1,2025-07-31
40423784694,361,Member,Male,0.2,2,PWDR/CRYSTL DRNK MX,SOFT DRINK POWDER POUCHES,0.4,0,2025-07-31
40423784694,361,Member,Male,8.49,1,DIETARY AID PRODUCTS,LIQUID NUTRITION FOR ADULTS,8.49,8,2025-07-31
40423784694,361,Member,Male,0.79,3,CANDLES/ACCESSORIES,CANDLES,2.37,2,2025-07-31
40423784694,361,Member,Male,2.79,1,FLUID MILK PRODUCTS,CHOCOLATE MILK,2.79,3,2025-07-31
40423784694,361,Member,Male,5.99,1,MAKEUP AND TREATMENT,COVERGIRL,5.99,6,2025-07-31
40423784694,361,Member,Male,1.67,1,ONIONS,ONIONS WHITE (BULK&BAG),1.67,2,2025-07-31
40423784694,361,Member,Male,2.19,1,CONDIMENTS/SAUCES,BBQ SAUCE,2.19,2,2025-07-31
40423784694,361,Member,Male,0.79,1,PEPPERS-ALL,PEPPERS GREEN BELL,0.79,1,2025-07-31
40423784694,361,Member,Male,1.67,1,FROZEN BREAD/DOUGH,FRZN GARLIC BREAD/TOAST/STICKS,1.67,2,2025-07-31
40423784694,361,Member,Male,1.69,1,DRY BN/VEG/POTATO/RICE,RICE SIDE DISH MIXES DRY,1.69,2,2025-07-31
40423784694,361,Member,Male,1.79,1,FD WRAPS/BAGS/TRSH BG,SANDWICH BAGS,1.79,2,2025-07-31
40423784694,361,Member,Male,0.44,4,VEGETABLES - SHELF STABLE,BEANS GREEN: FS/WHL/CUT,1.76,2,2025-07-31
40423784694,361,Member,Male,2.29,1,DRY SAUCES/GRAVY,GRAVY CAN/GLASS,2.29,2,2025-07-31
40423784694,361,Member,Male,2.79,2,SOAP - LIQUID & BAR,BAR SOAP,5.58,6,2025-07-31
40423784694,361,Member,Male,3.99,1,WATER - CARBONATED/FLVRD DRINK,NON-CARB FLVRD DRNKNG/MNRL WAT,3.99,4,2025-07-31
40423784694,361,Member,Male,0.44,4,VEGETABLES - SHELF STABLE,PEAS GREEN,1.76,2,2025-07-31
40423784694,361,Member,Male,1.0,1,BEANS - CANNED GLASS & MW,PREPARED BEANS - BAKED W/PORK,1.0,1,2025-07-31
40423784694,361,Member,Male,2.99,1,FRZN POTATOES,FRZN TATER TOTS/OTHER EXTRUDED,2.99,3,2025-07-31
40423784694,361,Member,Male,0.2,2,PWDR/CRYSTL DRNK MX,SOFT DRINK POWDER POUCHES,0.4,0,2025-07-31
40423784694,361,Member,Male,3.99,1,CHEESE,SHREDDED CHEESE,3.99,4,2025-07-31
40423784694,361,Member,Male,1.89,1,BEANS - CANNED GLASS & MW,VARIETY BEANS - KIDNEY PINTO,1.89,2,2025-07-31
40423784694,361,Member,Male,1.79,1,BLEACH,LIQUID BLEACH,1.79,2,2025-07-31
40423784694,361,Member,Male,2.77,1,COUPON/MISC ITEMS,MEAT SUPPLIES,2.77,3,2025-07-31
40423784694,361,Member,Male,0.2,2,PWDR/CRYSTL DRNK MX,SOFT DRINK POWDER POUCHES,0.4,0,2025-07-31
40423784694,361,Member,Male,0.2,2,PWDR/CRYSTL DRNK MX,SOFT DRINK POWDER POUCHES,0.4,0,2025-07-31
40423784694,361,Member,Male,5.29,1,SUGARS/SWEETNERS,SUGAR,5.29,5,2025-07-31
40423784694,361,Member,Male,3.59,1,VITAMINS,VITAMIN - MULTIPLE COMBIN,3.59,4,2025-07-31
40423784694,361,Member,Male,1.335,2,FRZN VEGETABLE/VEG DSH,FRZN BAGGED VEGETABLES - PLAIN,2.67,3,2025-07-31
40423784694,361,Member,Male,1.67,1,DRY BN/VEG/POTATO/RICE,POTATOES: DRY,1.67,2,2025-07-31
40423784694,361,Member,Male,3.5,1,BATH TISSUES,TOILET TISSUE,3.5,4,2025-07-31
40423784694,361,Member,Male,3.19,1,TEAS,TEA BAGS & BULK TEA,3.19,3,2025-07-31
40423784694,361,Member,Male,3.19,1,CHEESE,NON-IWS SINGLE CHEESE,3.19,3,2025-07-31
40423784694,361,Member,Male,2.59,1,BAG SNACKS,PRETZELS,2.59,3,2025-07-31
40423784694,361,Member,Male,1.15,1,TROPICAL FRUIT,BANANAS,1.15,1,2025-07-31
40423784694,361,Member,Male,6.99,1,COFFEE,GROUND COFFEE,6.99,7,2025-07-31
40423784694,361,Member,Male,4.035,2,CHICKEN,MARINATED POULTRY,8.07,8,2025-07-31
40423784694,361,Member,Male,1.99,1,PNT BTR/JELLY/JAMS,JELLY,1.99,2,2025-07-31
40423784694,361,Member,Male,2.79,1,FLUID MILK PRODUCTS,FLUID MILK WHITE ONLY,2.79,3,2025-07-31
40423784694,361,Member,Male,1.19,1,CONDIMENTS/SAUCES,CATSUP,1.19,1,2025-07-31
40423784694,361,Member,Male,1.19,2,DINNER MXS:DRY,MACARONI & CHEESE DNRS,2.38,2,2025-07-31
40423784694,361,Member,Male,2.99,1,CHARCOAL AND LIGHTER FLUID,CHARCOAL LIGHTER FLUID/UTILITY,2.99,3,2025-07-31
40423784694,361,Member,Male,8.49,1,SHAVING CARE PRODUCTS,RAZORS AND BLADES,8.49,8,2025-07-31
40423784694,361,Member,Male,2.99,1,REFRGRATD JUICES/DRNKS,DAIRY CASE 100% PURE JUICE - O,2.99,3,2025-07-31
40423784694,361,Member,Male,4.01,1,SEAFOOD - FROZEN,FRZN BRD WHOLE FILLETS,4.01,4,2025-07-31
40423784694,361,Member,Male,1.19,2,VEGETABLES - SHELF STABLE,ASPARAGUS,2.38,2,2025-07-31
40423784694,361,Member,Male,2.69,1,CHEESES,CHEESE: NATURAL BULK,2.69,3,2025-07-31
40423784694,361,Member,Male,2.75,1,BAG SNACKS,TORTILLA/NACHO CHIPS,2.75,3,2025-07-31
40423784694,361,Member,Male,3.49,1,CAT FOOD,DRY CAT FOOD (CAT CHOW/FRISKIE,3.49,3,2025-07-31
40423784694,361,Member,Male,2.99,4,AIR CARE,AIR CARE - CONTINUOUS ACTION,11.96,12,2025-07-31
40423784694,361,Member,Male,4.99,1,PNT BTR/JELLY/JAMS,PEANUT BUTTER,4.99,5,2025-07-31
40423784694,361,Member,Male,3.29,1,LUNCHMEAT,POULTRY,3.29,3,2025-07-31
40423784694,361,Member,Male,3.535,2,PORK,RIBS,7.07,7,2025-07-31
40423784694,361,Member,Male,4.67,1,MAKEUP AND TREATMENT,MAYBELLINE,4.67,5,2025-07-31
40423784694,361,Member,Male,2.99,1,DISHWASH DETERGENTS,AUTOMATIC DISHWASHER DETERGENT,2.99,3,2025-07-31
40423784694,361,Member,Male,1.335,2,PAPER TOWELS,PAPER TOWELS & HOLDERS,2.67,3,2025-07-31
40423784694,361,Member,Male,4.99,1,DOG FOODS,DRY DOG FOOD PREMIUM (ALPO/PUR,4.99,5,2025-07-31
40423784694,361,Member,Male,4.39,1,BACON,ECONOMY,4.39,4,2025-07-31
40423784694,361,Member,Male,2.83,2,BEEF,PATTIES,5.66,6,2025-07-31
40423784694,361,Member,Male,5.47,1,PORK,ENHANCED,5.47,5,2025-07-31
40423784694,361,Member,Male,2.0,1,COLD CEREAL,ALL FAMILY CEREAL,2.0,2,2025-07-31
40423784694,361,Member,Male,7.79,1,LAUNDRY ADDITIVES,FABRIC SOFTENER LIQUID,7.79,8,2025-07-31
40423784694,361,Member,Male,3.69,1,SALD DRSNG/SNDWCH SPRD,SEMI-SOLID SALAD DRESSING MAY,3.69,4,2025-07-31
40423784694,361,Member,Male,1.39,1,SOUP,CONDENSED SOUP,1.39,1,2025-07-31
40472596144,289,Member,Female,1.79,1,SHORTENING/OIL,CANOLA OILS,1.79,2,2025-08-03
40472667041,363,Member,Male,0.0019988007195682,20012,COUPON/MISC ITEMS,GASOLINE-REG UNLEADED,40.0,40,2025-08-03
40472740599,421,Normal,Male,1.29,1,VEGETABLES - SHELF STABLE,TOMATOES: STEWED/DICED/CRMD,1.29,1,2025-08-03
40472740599,421,Normal,Male,2.99,1,CANNED JUICES,VEG JUICE (EXCEPT TOMATO) (OVE,2.99,3,2025-08-03
40472740599,421,Normal,Male,1.0,1,MARGARINES,MARGARINE  STICK,1.0,1,2025-08-03
40472740599,421,Normal,Male,1.99,1,CARROTS,CARROTS MINI PEELED,1.99,2,2025-08-03
40472740599,421,Normal,Male,1.89,1,VEGETABLES - ALL OTHERS,CELERY,1.89,2,2025-08-03
40472740599,421,Normal,Male,1.33,1,FLUID MILK PRODUCTS,BUTTERMILK,1.33,1,2025-08-03
40472740599,421,Normal,Male,1.0,1,BUTTER,BUTTER,1.0,1,2025-08-03
40472740599,421,Normal,Male,1.67,2,LUNCHMEAT,HAM- NET WEIGHT,3.34,3,2025-08-03
40472740599,421,Normal,Male,2.49,1,ROLLS,ROLLS: DINNER,2.49,2,2025-08-03
40484353447,367,Member,Male,0.6,1,CANDY - CHECKLANE,CANDY BARS (SINGLES)(INCLUDING,0.6,1,2025-08-04
40484353447,367,Member,Male,1.0,1,CRACKERS/MISC BKD FD,CROUTONS SALAD TOPPERS BREAD,1.0,1,2025-08-04
40484353447,367,Member,Male,1.89,2,SOUP,RTS SOUP: CHUNKY/HOMESTYLE ET,3.78,4,2025-08-04
40484353447,367,Member,Male,0.89,1,CONDIMENTS/SAUCES,HOT MUSTARD/SPECIALTY MUSTAR,0.89,1,2025-08-04
40484353447,367,Member,Male,1.89,1,BAKED BREAD/BUNS/ROLLS,PREMIUM BREAD,1.89,2,2025-08-04
40484353447,367,Member,Male,6.98,1,SOFT DRINKS,SOFT DRINKS 20PK&24PK CAN CARB,6.98,7,2025-08-04
40484353447,367,Member,Male,1.5,1,LUNCHMEAT,POULTRY,1.5,2,2025-08-04
40484353447,367,Member,Male,1.25,1,SOUP,RTS SOUP: CHUNKY/HOMESTYLE ET,1.25,1,2025-08-04
40484353447,367,Member,Male,0.54,1,TROPICAL FRUIT,BANANAS,0.54,1,2025-08-04
40484353447,367,Member,Male,1.5,1,PICKLE/RELISH/PKLD VEG,PICKLES,1.5,2,2025-08-04
40484353447,367,Member,Male,2.99,1,CHEESE,SHREDDED CHEESE,2.99,3,2025-08-04
40484353447,367,Member,Male,1.89,1,BAKED BREAD/BUNS/ROLLS,RYE BREADS,1.89,2,2025-08-04
40484353447,367,Member,Male,2.99,1,SALD DRSNG/SNDWCH SPRD,POURABLE SALAD DRESSINGS,2.99,3,2025-08-04
40484353447,367,Member,Male,2.0,1,PLASTIC HOUSEWARES,PANTRY,2.0,2,2025-08-04
40509510631,297,Member,Female,8.99,1,FRZN MEAT/MEAT DINNERS,FRZN BREADED PREPARED CHICK,8.99,9,2025-08-06
40509510631,297,Member,Female,1.89,1,DISHWASH DETERGENTS,LIQUID DISH DETERGENT,1.89,2,2025-08-06
40509510631,297,Member,Female,6.99,1,MEAT - MISC,BREAST - BONELESS(IQF),6.99,7,2025-08-06
40509510631,297,Member,Female,0.88,1,SOFT DRINKS,SFT DRNK 2 LITER BTL CARB INCL,0.88,1,2025-08-06
40509510631,297,Member,Female,4.66,2,CIGARETTES,CIGARETTES,9.32,9,2025-08-06
40509510631,297,Member,Female,1.88,1,SOFT DRINKS,SOFT DRINKS 12/18&15PK CAN CAR,1.88,2,2025-08-06
40509510631,297,Member,Female,3.99,1,POTATOES,POTATOES RUSSET (BULK&BAG),3.99,4,2025-08-06
40509510631,297,Member,Female,0.2,20,PWDR/CRYSTL DRNK MX,SOFT DRINK POWDER POUCHES,4.0,4,2025-08-06
40509510631,297,Member,Female,1.99,2,BROCCOLI/CAULIFLOWER,BROCCOLI WHOLE&CROWNS,3.98,4,2025-08-06
40509510631,297,Member,Female,0.36,2,BAKING MIXES,MUFFIN & CORN BREAD MIX,0.72,1,2025-08-06
40509510631,297,Member,Female,2.0,1,COOKIES,COOKIES: REGULAR,2.0,2,2025-08-06
40509510631,297,Member,Female,1.22,2,BEANS - CANNED GLASS & MW,PREPARED BEANS - BAKED W/PORK,2.44,2,2025-08-06
40509510631,297,Member,Female,1.0,2,FRZN NOVELTIES/WTR ICE,STICKS/ENROBED,2.0,2,2025-08-06
40509510631,297,Member,Female,1.49,1,EGGS,EGGS - LARGE,1.49,1,2025-08-06
40509510631,297,Member,Female,4.266666666666667,3,BEEF,CHOICE BEEF,12.8,13,2025-08-06
40509510631,297,Member,Female,2.5,1,BREAKFAST SAUSAGE/SANDWICHES,LINKS - RAW,2.5,2,2025-08-06
40509510631,297,Member,Female,1.0,2,FRZN NOVELTIES/WTR ICE,ICE CREAM SANDWICHES,2.0,2,2025-08-06
40509510631,297,Member,Female,7.99,1,MEAT - MISC,GRND/PATTY - FROZEN,7.99,8,2025-08-06
40509510631,297,Member,Female,7.99,1,MEAT - MISC,WINGS (IQF),7.99,8,2025-08-06
40509510631,297,Member,Female,2.0,3,FRZN BREAKFAST FOODS,WAFFLES/PANCAKES/FRENCH TOAST,6.0,6,2025-08-06
40509510631,297,Member,Female,3.51,1,VEGETABLES - ALL OTHERS,CABBAGE,3.51,4,2025-08-06
40509510631,297,Member,Female,1.79,1,SHORTENING/OIL,VEGETABLE/SALAD OIL,1.79,2,2025-08-06
40509510631,297,Member,Female,1.0,2,SEAFOOD - MISC,SEAFOOD-MISC-BREADERS/BTR MIX,2.0,2,2025-08-06
40509510631,297,Member,Female,1.5,2,BAKED BREAD/BUNS/ROLLS,MAINSTREAM WHITE BREAD,3.0,3,2025-08-06
40509510631,297,Member,Female,2.0,2,CHEESE,NON-IWS SINGLE CHEESE,4.0,4,2025-08-06
40509510631,297,Member,Female,3.36,1,COUPON/MISC ITEMS,MEAT SUPPLIES,3.36,3,2025-08-06
40509510631,297,Member,Female,2.5,1,COLD CEREAL,KIDS CEREAL,2.5,2,2025-08-06
40509510631,297,Member,Female,1.25,4,SOUP,RAMEN NOODLES/RAMEN CUPS,5.0,5,2025-08-06
40509510631,297,Member,Female,6.79,1,SUGARS/SWEETNERS,SUGAR,6.79,7,2025-08-06
40509510631,297,Member,Female,2.79,1,FLUID MILK PRODUCTS,FLUID MILK WHITE ONLY,2.79,3,2025-08-06
40509510631,297,Member,Female,1.88,1,SOFT DRINKS,SOFT DRINKS 12/18&15PK CAN CAR,1.88,2,2025-08-06
40509510631,297,Member,Female,2.5,1,BREAKFAST SAUSAGE/SANDWICHES,ROLLS - PORK,2.5,2,2025-08-06
40509510631,297,Member,Female,3.99,2,FROZEN MEAT,FRZN BREADED PREPARED CHICK,7.98,8,2025-08-06
40509510631,297,Member,Female,3.99,2,SEAFOOD - FROZEN,SEAFOOD-FRZ-RAW FILLETS,7.98,8,2025-08-06
40509510631,297,Member,Female,2.5,2,BACON,ECONOMY,5.0,5,2025-08-06
40509510631,297,Member,Female,1.0,1,MARGARINES,MARGARINE: TUBS AND BOWLS,1.0,1,2025-08-06
40509510631,297,Member,Female,0.5,4,SNACK NUTS,SNACK NUT(BAG),2.0,2,2025-08-06
40509510631,297,Member,Female,3.0,2,BREAKFAST SWEETS,SW GDS:DONUTS,6.0,6,2025-08-06
40509510631,297,Member,Female,3.86,1,PORK,ENHANCED,3.86,4,2025-08-06
40509510631,297,Member,Female,3.29,1,MISC. DAIRY,REFRIGERATED PUDDING,3.29,3,2025-08-06
40509510631,297,Member,Female,1.0,3,BREAKFAST SWEETS,SW GDS: SW ROLLS/DAN,3.0,3,2025-08-06
40509510631,297,Member,Female,2.5,1,COLD CEREAL,ALL FAMILY CEREAL,2.5,2,2025-08-06
40509827270,439,Normal,Female,1.92,1,CANNED JUICES,ASEPTIC PACK JUICE AND DRINKS,1.92,2,2025-08-06
40509827270,439,Normal,Female,1.92,1,CANNED JUICES,ASEPTIC PACK JUICE AND DRINKS,1.92,2,2025-08-06
40509827270,439,Normal,Female,8.49,1,BEERS/ALES,BEERALEMALT LIQUORS,8.49,8,2025-08-06
40509827270,439,Normal,Female,1.92,1,CANNED JUICES,ASEPTIC PACK JUICE AND DRINKS,1.92,2,2025-08-06
40509827270,439,Normal,Female,3.59,1,FRZN ICE,ICE - CRUSHED/CUBED,3.59,4,2025-08-06
40509827270,439,Normal,Female,6.49,1,BEERS/ALES,BEERALEMALT LIQUORS,6.49,6,2025-08-06
40509873329,363,Member,Female,2.5,1,ORGANICS FRUIT & VEGETABLES,ORGANIC SALAD MIX,2.5,2,2025-08-06
40509873329,363,Member,Female,0.97,1,ORGANICS FRUIT & VEGETABLES,ORGANIC APPLES,0.97,1,2025-08-06
40509873329,363,Member,Female,2.5,1,BAKED BREAD/BUNS/ROLLS,PREMIUM BREAD,2.5,2,2025-08-06
40509873329,363,Member,Female,2.99,1,COFFEE,GROUND COFFEE,2.99,3,2025-08-06
40509873329,363,Member,Female,7.99,1,HAIR CARE PRODUCTS,HAIR COLOR AND DEVELOPERS,7.99,8,2025-08-06
40509873329,363,Member,Female,2.59,1,BAKED BREAD/BUNS/ROLLS,MAINSTREAM WHEAT/MULTIGRAIN BR,2.59,3,2025-08-06
40545571137,391,Normal,Male,7.17,1,APPLES,APPLES GALA (BULK&BAG),7.17,7,2025-08-09
40545571137,391,Normal,Male,1.99,2,PROCESSED,PROCESSED OTHER,3.98,4,2025-08-09
40545571137,391,Normal,Male,1.99,1,SEASONAL,PUMPKINS,1.99,2,2025-08-09
40545571137,391,Normal,Male,2.99,1,PROCESSED,CIDER,2.99,3,2025-08-09
40545571137,391,Normal,Male,2.14,1,COLD CEREAL,KIDS CEREAL,2.14,2,2025-08-09
40545571137,391,Normal,Male,3.79,1,GREETING CARDS/WRAP/PARTY SPLY,GIFT-WRAP EVERYDAY,3.79,4,2025-08-09
40545571137,391,Normal,Male,6.99,1,CANDY - PACKAGED,SEASONAL CANDY BAGS-CHOCOLATE,6.99,7,2025-08-09
40577426164,372,Member,Female,1.29,1,BAKED SWEET GOODS,SNACK CAKE - MULTI PACK,1.29,1,2025-08-12
40577426164,372,Member,Female,1.88,1,FLUID MILK PRODUCTS,FLUID MILK WHITE ONLY,1.88,2,2025-08-12
40577426164,372,Member,Female,1.96,1,TOMATOES,TOMATOES VINE RIPE BULK,1.96,2,2025-08-12
40577426164,372,Member,Female,1.49,3,SOUP,CONDENSED SOUP,4.47,4,2025-08-12
40596025114,321,Member,Male,1.0,1,CANNED JUICES,ASEPTIC PACK JUICE AND DRINKS,1.0,1,2025-08-14
40596025114,321,Member,Male,0.88,2,BAKED BREAD/BUNS/ROLLS,MAINSTREAM WHITE BREAD,1.76,2,2025-08-14
40596025114,321,Member,Male,5.59,1,ANALGESICS,PEDIATRIC ANALGESICS,5.59,6,2025-08-14
40596025114,321,Member,Male,1.0,1,CANNED JUICES,ASEPTIC PACK JUICE AND DRINKS,1.0,1,2025-08-14
40596025114,321,Member,Male,1.14,1,EGGS,EGGS - X-LARGE,1.14,1,2025-08-14
40596025114,321,Member,Male,1.11,1,SOFT DRINKS,SFT DRNK SNGL SRV BTL CARB (EX,1.11,1,2025-08-14
40618338047,31782,Member,Male,3.69,1,SOFT DRINKS,SOFT DRINKS 20PK&24PK CAN CARB,3.69,4,2025-08-15
40618338047,31782,Member,Male,1.0,1,WAREHOUSE SNACKS,CANISTER POTATO/TORT CHIPS,1.0,1,2025-08-15
40618338047,31782,Member,Male,1.67,1,PASTA SAUCE,MAINSTREAM,1.67,2,2025-08-15
40618338047,31782,Member,Male,1.67,1,PASTA SAUCE,MAINSTREAM,1.67,2,2025-08-15
40642532600,367,Member,Male,0.0022495606326889,6259,COUPON/MISC ITEMS,GASOLINE-REG UNLEADED,14.08,14,2025-08-17
40642931966,443,Member,Female,1.995,2,COOKIES,COOKIES: REGULAR,3.99,4,2025-08-17
40642931966,443,Member,Female,3.0,2,CANNED JUICES,ASEPTIC PACK JUICE AND DRINKS,6.0,6,2025-08-17
40642931966,443,Member,Female,2.83,2,BEEF,PRIMAL,5.66,6,2025-08-17
40642931966,443,Member,Female,1.0,2,REFRGRATD DOUGH PRODUCTS,REFRIGERATED SPECILATY ROLLS,2.0,2,2025-08-17
40642931966,443,Member,Female,5.99,1,SOFT DRINKS,SOFT DRINKS 20PK&24PK CAN CARB,5.99,6,2025-08-17
40642931966,443,Member,Female,2.14,1,MARGARINES,MARGARINE: TUBS AND BOWLS,2.14,2,2025-08-17
40642931966,443,Member,Female,4.99,2,FRZN MEAT/MEAT DINNERS,FRZN MULTI SERVE ENTREES ALL,9.98,10,2025-08-17
40642931966,443,Member,Female,2.79,1,BABY FOODS,BABY FOOD CEREALS,2.79,3,2025-08-17
40642931966,443,Member,Female,5.99,1,DELI MEATS,MEAT:HAM BULK,5.99,6,2025-08-17
40642931966,443,Member,Female,2.99,1,POTATOES,POTATOES RUSSET (BULK&BAG),2.99,3,2025-08-17
40642931966,443,Member,Female,0.99,1,BABY FOODS,BABY FOOD - BEGINNER,0.99,1,2025-08-17
40642931966,443,Member,Female,11.99,1,FRZN MEAT/MEAT DINNERS,FRZN MULTI SERVE ENTREES ALL,11.99,12,2025-08-17
40642931966,443,Member,Female,3.99,1,HOT DOGS,KOSHER/SPECIALTY,3.99,4,2025-08-17
40642931966,443,Member,Female,2.0,4,DINNER MXS:DRY,SKILLET DINNERS,8.0,8,2025-08-17
40642931966,443,Member,Female,1.67,1,FRUIT - SHELF STABLE,FRUIT BOWL AND CUPS,1.67,2,2025-08-17
40642931966,443,Member,Female,1.5,2,BAKED BREAD/BUNS/ROLLS,MAINSTREAM WHITE BREAD,3.0,3,2025-08-17
40642931966,443,Member,Female,0.99,1,BABY FOODS,BABY FOOD - BEGINNER,0.99,1,2025-08-17
40642931966,443,Member,Female,1.95,1,ISOTONIC DRINKS,ISOTONIC DRINKS MULTI-SERVE,1.95,2,2025-08-17
40642931966,443,Member,Female,2.68,2,COOKIES/CONES,SANDWICH COOKIES,5.36,5,2025-08-17
40642931966,443,Member,Female,2.39,1,FROZEN BREAD/DOUGH,FRZN GARLIC BREAD/TOAST/STICKS,2.39,2,2025-08-17
40642931966,443,Member,Female,1.39,1,BAKED SWEET GOODS,SNACK CAKE - MULTI PACK,1.39,1,2025-08-17
40642931966,443,Member,Female,0.99,1,BABY FOODS,BABY FOOD - BEGINNER,0.99,1,2025-08-17
40642931966,443,Member,Female,0.99,1,BABY FOODS,BABY FOOD - BEGINNER,0.99,1,2025-08-17
40642931966,443,Member,Female,0.99,1,BABY FOODS,BABY FOOD - BEGINNER,0.99,1,2025-08-17
40642931966,443,Member,Female,3.63,1,DELI MEATS,MEAT: LUNCHMEAT BULK,3.63,4,2025-08-17
40642931966,443,Member,Female,1.99,1,FLUID MILK PRODUCTS,FLUID MILK WHITE ONLY,1.99,2,2025-08-17
40642931966,443,Member,Female,4.71,1,VALUE ADDED FRUIT,INSTORE CUT FRUIT,4.71,5,2025-08-17
40642931966,443,Member,Female,3.29,1,FROZEN PIZZA,SNACKS/APPETIZERS,3.29,3,2025-08-17
40642931966,443,Member,Female,1.0,1,BAKED BREAD/BUNS/ROLLS,DINNER ROLLS,1.0,1,2025-08-17
40642931966,443,Member,Female,2.99,1,CHEESE,STRING CHEESE,2.99,3,2025-08-17
40642931966,443,Member,Female,0.99,10,FRZN POTATOES,FRZN FRENCH FRIES,9.9,10,2025-08-17
40642931966,443,Member,Female,3.0,2,CANNED JUICES,ASEPTIC PACK JUICE AND DRINKS,6.0,6,2025-08-17
40642931966,443,Member,Female,2.5,1,BABY FOODS,BABY FOOD CEREALS,2.5,2,2025-08-17
40642931966,443,Member,Female,0.99,1,BABY FOODS,BABY FOOD - BEGINNER,0.99,1,2025-08-17
40642931966,443,Member,Female,0.99,1,BABY FOODS,BABY FOOD - BEGINNER,0.99,1,2025-08-17
40642931966,443,Member,Female,0.99,1,BABY FOODS,BABY FOOD - BEGINNER,0.99,1,2025-08-17
40642931966,443,Member,Female,0.99,2,BABY FOODS,BABY FOOD - BEGINNER,1.98,2,2025-08-17
40642931966,443,Member,Female,0.99,1,BABY FOODS,BABY FOOD - BEGINNER,0.99,1,2025-08-17
40642931966,443,Member,Female,0.99,2,BABY FOODS,BABY FOOD - BEGINNER,1.98,2,2025-08-17
40642931966,443,Member,Female,0.99,1,BABY FOODS,BABY FOOD - BEGINNER,0.99,1,2025-08-17
40642931966,443,Member,Female,0.99,1,BABY FOODS,BABY FOOD - BEGINNER,0.99,1,2025-08-17
40642931966,443,Member,Female,0.99,2,BABY FOODS,BABY FOOD - BEGINNER,1.98,2,2025-08-17
40642931966,443,Member,Female,2.5,1,FROZEN PIZZA,SNACKS/APPETIZERS,2.5,2,2025-08-17
40642931966,443,Member,Female,2.5,1,FROZEN PIZZA,SNACKS/APPETIZERS,2.5,2,2025-08-17
40642931966,443,Member,Female,1.09,1,BABY FOODS,BABY FOOD - BEGINNER,1.09,1,2025-08-17
40642955082,369,Member,Male,0.0022499438075972,4449,COUPON/MISC ITEMS,GASOLINE-REG UNLEADED,10.01,10,2025-08-17
40652031033,408,Normal,Female,0.25,1,CANDY - CHECKLANE,CANDY BARS (SINGLES)(INCLUDING,0.25,0,2025-08-18
40652031033,408,Normal,Female,9.99,1,DOG FOODS,DRY DOG VALUE (PET PRIDE/KLR/G,9.99,10,2025-08-18
40679885751,446,Member,Female,1.5,2,REFRGRATD JUICES/DRNKS,DAIRY CASE 100% PURE JUICE OTH,3.0,3,2025-08-20
40679885751,446,Member,Female,4.99,1,BREAKFAST SWEETS,SW GDS:DONUTS,4.99,5,2025-08-20
40679916959,396,Normal,Female,2.0,1,SEAFOOD - SHELF STABLE,SALMON,2.0,2,2025-08-20
40679916959,396,Normal,Female,3.49,1,SEAFOOD - SHELF STABLE,TUNA,3.49,3,2025-08-20
40679916959,396,Normal,Female,3.09,1,SEAFOOD - SHELF STABLE,TUNA,3.09,3,2025-08-20
40679916959,396,Normal,Female,2.5,1,SOUP,ASCEPTIC,2.5,2,2025-08-20
40679916959,396,Normal,Female,3.79,1,SEAFOOD - SHELF STABLE,TUNA,3.79,4,2025-08-20
40679916959,396,Normal,Female,2.79,1,DRIED FRUIT,RAISINS,2.79,3,2025-08-20
40679916959,396,Normal,Female,1.28,1,VEGETABLES - ALL OTHERS,CABBAGE,1.28,1,2025-08-20
40679916959,396,Normal,Female,0.99,1,HERBS,HERBS PARSLEY,0.99,1,2025-08-20
40679916959,396,Normal,Female,2.99,1,SEAFOOD - SHELF STABLE,TUNA,2.99,3,2025-08-20
40679916959,396,Normal,Female,3.19,1,BAKED BREAD/BUNS/ROLLS,PREMIUM BREAD,3.19,3,2025-08-20
40679916959,396,Normal,Female,3.39,1,SOUP,ASCEPTIC,3.39,3,2025-08-20
40680521499,311,Normal,Female,1.0,2,FRUIT - SHELF STABLE,CRANBERRY SAUCE,2.0,2,2025-08-21
40680521499,311,Normal,Female,2.68,1,CRACKERS/MISC BKD FD,BUTTER SPRAY CRACKER (RITZ/CLU,2.68,3,2025-08-21
40680521499,311,Normal,Female,0.6,2,SOUP,BROTH,1.2,1,2025-08-21
40680521499,311,Normal,Female,5.915,2,BEEF,CHOICE BEEF,11.83,12,2025-08-21
40680521499,311,Normal,Female,5.99,1,MEAT - MISC,BREAST - BONELESS(IQF),5.99,6,2025-08-21
40680521499,311,Normal,Female,2.0,1,BUTTER,BUTTER,2.0,2,2025-08-21
40680521499,311,Normal,Female,1.5,1,MARGARINES,MARGARINE: TUBS AND BOWLS,1.5,2,2025-08-21
40680521499,311,Normal,Female,0.3,4,BAG SNACKS,SGL SV/VEND MACH SNACKS CHIP/P,1.2,1,2025-08-21
40680521499,311,Normal,Female,2.54,1,DELI MEATS,MEAT:HAM BULK,2.54,3,2025-08-21
40680521499,311,Normal,Female,1.59,1,BAKED BREAD/BUNS/ROLLS,MAINSTREAM WHITE BREAD,1.59,2,2025-08-21
40680521499,311,Normal,Female,0.47,2,DRY MIX DESSERTS,PUDDINGS DRY,0.94,1,2025-08-21
40680521499,311,Normal,Female,4.67,1,CHEESES,CHEESE: PROCESSED BULK,4.67,5,2025-08-21
40680521499,311,Normal,Female,3.79,1,SHORTENING/OIL,COOKING SPRAYS,3.79,4,2025-08-21
40680521499,311,Normal,Female,1.5,1,FRZN VEGETABLE/VEG DSH,FRZN BAGGED VEGETABLES - PLAIN,1.5,2,2025-08-21
40680521499,311,Normal,Female,0.75,4,VEGETABLES - SHELF STABLE,CORN,3.0,3,2025-08-21
40680521499,311,Normal,Female,1.0,1,FRUIT - SHELF STABLE,PINEAPPLE,1.0,1,2025-08-21
40680521499,311,Normal,Female,6.99,1,SUGARS/SWEETNERS,SWEETENERS,6.99,7,2025-08-21
40680521499,311,Normal,Female,0.75,4,VEGETABLES - SHELF STABLE,CORN,3.0,3,2025-08-21
40680521499,311,Normal,Female,1.74,1,FLUID MILK PRODUCTS,FLUID MILK WHITE ONLY,1.74,2,2025-08-21
40680521499,311,Normal,Female,0.79,2,PEPPERS-ALL,PEPPERS GREEN BELL,1.58,2,2025-08-21
40680521499,311,Normal,Female,1.26,2,BAKING NEEDS,MARSHMALLOW CREME,2.52,3,2025-08-21
40680521499,311,Normal,Female,1.76,1,SALAD BAR,SALAD BAR FRESH FRUIT,1.76,2,2025-08-21
40680521499,311,Normal,Female,2.0,2,BAKING NEEDS,BITS & MORSELS,4.0,4,2025-08-21
40680521499,311,Normal,Female,2.23,2,SPICES & EXTRACTS,SPICES & SEASONINGS,4.46,4,2025-08-21
40680521499,311,Normal,Female,2.69,1,CRACKERS/MISC BKD FD,BUTTER SPRAY CRACKER (RITZ/CLU,2.69,3,2025-08-21
40680521499,311,Normal,Female,1.34,2,CANNED JUICES,TOMATO JUICE (OVER 50% JCE),2.68,3,2025-08-21
40680521499,311,Normal,Female,2.0,2,BAKING NEEDS,BITS & MORSELS,4.0,4,2025-08-21
40680521499,311,Normal,Female,2.99,2,FROZEN BREAD/DOUGH,FRZN DINNER ROLLS,5.98,6,2025-08-21
40680521499,311,Normal,Female,0.335,2,DRY MIX DESSERTS,GELATIN,0.67,1,2025-08-21
40680521499,311,Normal,Female,0.65,1,TROPICAL FRUIT,BANANAS,0.65,1,2025-08-21
40680521499,311,Normal,Female,2.69,1,SALAD BAR,SALAD BAR FRESH FRUIT,2.69,3,2025-08-21
40680521499,311,Normal,Female,2.99,1,COOKIES/CONES,VANILLA WAFER/KIDS COOKIES,2.99,3,2025-08-21
40680521499,311,Normal,Female,2.09,1,DELI MEATS,MEAT: LUNCHMEAT BULK,2.09,2,2025-08-21
40680521499,311,Normal,Female,2.39,1,CANNED JUICES,TOMATO JUICE (OVER 50% JCE),2.39,2,2025-08-21
40680521499,311,Normal,Female,1.36,1,BAKING NEEDS,MARSHMALLOWS,1.36,1,2025-08-21
40680521499,311,Normal,Female,1.09,1,COOKIES/CONES,SPECIALTY COOKIES,1.09,1,2025-08-21
40680521499,311,Normal,Female,0.67,2,DRY MIX DESSERTS,PUDDINGS DRY,1.34,1,2025-08-21
40680521499,311,Normal,Female,3.19,3,SOUP,BROTH,9.57,10,2025-08-21
40680521499,311,Normal,Female,4.49,1,OLIVES,GREEN OLIVES,4.49,4,2025-08-21
40680521499,311,Normal,Female,1.0,3,MARGARINES,MARGARINE  STICK,3.0,3,2025-08-21
40680521499,311,Normal,Female,4.99,1,CHEESES,CHEESE:CHEESEBALLS/SPREADS,4.99,5,2025-08-21
40680521499,311,Normal,Female,1.59,2,VEGETABLES - SHELF STABLE,POTATOES SWEET,3.18,3,2025-08-21
40680521499,311,Normal,Female,2.21,3,SEAFOOD - SHELF STABLE,MISC.CND SEAFOODS (CRABETC),6.63,7,2025-08-21
40680521499,311,Normal,Female,2.99,1,FD WRAPS/BAGS/TRSH BG,PLASTIC WRAP (SARANETC.),2.99,3,2025-08-21
40680521499,311,Normal,Female,1.79,1,PICKLE/RELISH/PKLD VEG,PICKLES,1.79,2,2025-08-21
40680521499,311,Normal,Female,0.3,2,BAG SNACKS,SGL SV/VEND MACH SNACKS CHIP/P,0.6,1,2025-08-21
40680521499,311,Normal,Female,3.19,1,BAG SNACKS,POTATO CHIPS,3.19,3,2025-08-21
40680521499,311,Normal,Female,4.54,1,PAPER HOUSEWARES,DESIGNER PAPER: MEDIUM WEIGHT,4.54,5,2025-08-21
40680521499,311,Normal,Female,0.3,2,BAG SNACKS,SGL SV/VEND MACH SNACKS CHIP/P,0.6,1,2025-08-21
40680521499,311,Normal,Female,0.3,2,BAG SNACKS,SGL SV/VEND MACH SNACKS CHIP/P,0.6,1,2025-08-21
40680521499,311,Normal,Female,2.99,1,POPCORN,POPCORN - MICROWAVE,2.99,3,2025-08-21
40680521499,311,Normal,Female,3.08,1,BEEF,LEAN,3.08,3,2025-08-21
40680521499,311,Normal,Female,1.5,1,FRZN VEGETABLE/VEG DSH,FRZN BOXED VEGETABLES - PLAIN,1.5,2,2025-08-21
40680521499,311,Normal,Female,5.99,1,SOFT DRINKS,TEA SWEETENED,5.99,6,2025-08-21
40680521499,311,Normal,Female,2.0,1,FRZN VEGETABLE/VEG DSH,FRZN BAGGED VEGETABLES - PLAIN,2.0,2,2025-08-21
40680597055,382,Member,Female,0.2,10,PWDR/CRYSTL DRNK MX,SOFT DRINK POWDER POUCHES,2.0,2,2025-08-21
40680597055,382,Member,Female,0.2,10,PWDR/CRYSTL DRNK MX,SOFT DRINK POWDER POUCHES,2.0,2,2025-08-21
40680597055,382,Member,Female,1.19,1,STATIONERY & SCHOOL SUPPLIES,SCHOOL PAPER,1.19,1,2025-08-21
40680597055,382,Member,Female,1.89,1,SUGARS/SWEETNERS,SUGAR,1.89,2,2025-08-21
40680597055,382,Member,Female,3.84,2,CIGARETTES,CIGARETTES,7.68,8,2025-08-21
40680761818,338,Member,Female,3.29,1,CANNED JUICES,GRAPE JUICE (OVER 50% JUICE),3.29,3,2025-08-21
40680761818,338,Member,Female,2.69,1,CANNED JUICES,BLENDED JUICE&COMBINATIONS (OV,2.69,3,2025-08-21
40680761818,338,Member,Female,1.99,2,FLUID MILK PRODUCTS,FLUID MILK WHITE ONLY,3.98,4,2025-08-21
40680803047,306,Member,Female,0.88,1,EGGS,EGGS - X-LARGE,0.88,1,2025-08-21
40680803047,306,Member,Female,0.89,1,FRZN JCE CONC/DRNKS,FRZN OJ&OJ SUBSTITUTES (OVER 5,0.89,1,2025-08-21
40751582335,446,Member,Male,1.0,1,BAKED BREAD/BUNS/ROLLS,HOT DOG BUNS,1.0,1,2025-08-26
40751582335,446,Member,Male,2.0,1,FRZN NOVELTIES/WTR ICE,STICKS/ENROBED,2.0,2,2025-08-26
40751582335,446,Member,Male,1.0,1,CANDY - PACKAGED,CANDY BARS (MULTI PACK),1.0,1,2025-08-26
40765215764,306,Member,Female,2.79,2,FLUID MILK PRODUCTS,FLUID MILK WHITE ONLY,5.58,6,2025-08-27
40765215764,306,Member,Female,1.13,1,TROPICAL FRUIT,BANANAS,1.13,1,2025-08-27
40765215764,306,Member,Female,5.09,1,PEARS,PEARS BARTLETT,5.09,5,2025-08-27
40765316997,343,Member,Male,2.87,1,LAXATIVES,LAXATIVES,2.87,3,2025-08-27
40765316997,343,Member,Male,2.5,1,SALAD MIX,BLENDS,2.5,2,2025-08-27
40765316997,343,Member,Male,1.7,1,DELI MEATS,MEAT: SAUS DRY BULK,1.7,2,2025-08-27
40765316997,343,Member,Male,2.69,1,FRUIT - SHELF STABLE,FRUIT BOWL AND CUPS,2.69,3,2025-08-27
40765316997,343,Member,Male,2.46,2,PREPARED FOOD,PREP FD: SIDE DISHES (HOT),4.92,5,2025-08-27
40765316997,343,Member,Male,3.84,1,VALUE ADDED FRUIT,INSTORE CUT FRUIT,3.84,4,2025-08-27
40765316997,343,Member,Male,0.44,1,VEGETABLES - SHELF STABLE,PEAS GREEN,0.44,0,2025-08-27
40765316997,343,Member,Male,4.38,1,LAXATIVES,LAXATIVES,4.38,4,2025-08-27
40765316997,343,Member,Male,2.0,1,SALADS/DIPS,VEGETABLE SALADS - BULK,2.0,2,2025-08-27
40765316997,343,Member,Male,1.52,1,GRAPES,GRAPES RED,1.52,2,2025-08-27
40765316997,343,Member,Male,2.59,1,LAXATIVES,LAXATIVES,2.59,3,2025-08-27
40765316997,343,Member,Male,2.49,1,DRIED FRUIT,DRIED PLUMS,2.49,2,2025-08-27
40765405486,31782,Member,Male,3.49,1,HOUSEHOLD CLEANG NEEDS,BATHROOM CLEANERS - GENERAL,3.49,3,2025-08-28
40765405486,31782,Member,Male,0.79,2,VEGETABLES - ALL OTHERS,CUCUMBERS,1.58,2,2025-08-28
40765405486,31782,Member,Male,0.79,1,DRY SAUCES/GRAVY,SAUCE MIXES GRAVY MIXES DRY,0.79,1,2025-08-28
40765405486,31782,Member,Male,2.29,1,CHEESE,SHREDDED CHEESE,2.29,2,2025-08-28
40765405486,31782,Member,Male,3.59,1,PNT BTR/JELLY/JAMS,PEANUT BUTTER,3.59,4,2025-08-28
40765405486,31782,Member,Male,1.89,1,DRY BN/VEG/POTATO/RICE,RICE - DRY BAG AND BOX,1.89,2,2025-08-28
40765405486,31782,Member,Male,0.99,1,BEANS - CANNED GLASS & MW,VARIETY BEANS - KIDNEY PINTO,0.99,1,2025-08-28
40765405486,31782,Member,Male,1.49,2,REFRGRATD DOUGH PRODUCTS,REFRIGERATED SPECILATY ROLLS,2.98,3,2025-08-28
40765405486,31782,Member,Male,2.15,1,PLASTIC HOUSEWARES,PANTRY,2.15,2,2025-08-28
40765405486,31782,Member,Male,0.99,1,BEANS - CANNED GLASS & MW,VARIETY BEANS - KIDNEY PINTO,0.99,1,2025-08-28
40765405486,31782,Member,Male,1.89,1,FLUID MILK PRODUCTS,FLUID MILK WHITE ONLY,1.89,2,2025-08-28
40765405486,31782,Member,Male,1.5,1,HOUSEHOLD CLEANG NEEDS,CLEANING WIPES,1.5,2,2025-08-28
40765405486,31782,Member,Male,0.44,1,DRY SAUCES/GRAVY,SAUCE MIXES GRAVY MIXES DRY,0.44,0,2025-08-28
40765405486,31782,Member,Male,1.94,1,HOUSEHOLD CLEANG NEEDS,TOILET BOWL MANUAL,1.94,2,2025-08-28
40765405486,31782,Member,Male,3.99,2,DEODORANTS,ANTIPERSPIRANTS ONLY (ALL OTHE,7.98,8,2025-08-28
40765405486,31782,Member,Male,0.0,0, , ,0.0,0,2025-08-28
40765405486,31782,Member,Male,2.77,1,SHAVING CARE PRODUCTS,SHAVE CREAMS AND POWDERS,2.77,3,2025-08-28
40765405486,31782,Member,Male,1.22,1,VALUE ADDED FRUIT,MELON HALVES/QUARTERS,1.22,1,2025-08-28
40765405486,31782,Member,Male,2.0,1,REFRGRATD DOUGH PRODUCTS,MISC REFRIG DOUGH PRODUCTS,2.0,2,2025-08-28
40765405486,31782,Member,Male,1.99,4,CHRISTMAS  SEASONAL,BAGS/TAGS/TISSUE/BOXES,7.96,8,2025-08-28
40765405486,31782,Member,Male,2.5,1,HOUSEHOLD CLEANG NEEDS,CLEANING WIPES,2.5,2,2025-08-28
40765405486,31782,Member,Male,4.49,2,SUGARS/SWEETNERS,SWEETENERS,8.98,9,2025-08-28
40765405486,31782,Member,Male,6.89,1,HAND/BODY/FACIAL PRODUCTS,FACIAL SOAPS-SCRUBS-MASKS,6.89,7,2025-08-28
40765405486,31782,Member,Male,2.69,1,REFRGRATD DOUGH PRODUCTS,REFRIGERATED BISCUITS REGULAR,2.69,3,2025-08-28
40800788917,34280,Member,Male,0.0021486761710794,9820,COUPON/MISC ITEMS,GASOLINE-REG UNLEADED,21.1,21,2025-08-30
40813341479,448,Normal,Female,1.0,1,BREAD,BREAD:PITA/POCKET BREADS,1.0,1,2025-08-31
40813341479,448,Normal,Female,2.0,1,FRZN MEAT/MEAT DINNERS,FRZN SS PREMIUM ENTREES/DNRS/N,2.0,2,2025-08-31
40813341479,448,Normal,Female,1.99,1,FACIAL TISS/DNR NAPKIN,FACIAL TISSUE & PAPER HANDKE,1.99,2,2025-08-31
40813341479,448,Normal,Female,3.99,1,COFFEE,GROUND COFFEE,3.99,4,2025-08-31
40813341479,448,Normal,Female,4.99,1,CHEESE,SHREDDED CHEESE,4.99,5,2025-08-31
40813341479,448,Normal,Female,2.5,2,SALAD MIX,BLENDS,5.0,5,2025-08-31
40813341479,448,Normal,Female,2.99,1,POTATOES,POTATOES OTHER,2.99,3,2025-08-31
40813341479,448,Normal,Female,2.0,1,FRZN MEAT/MEAT DINNERS,FRZN SS PREMIUM ENTREES/DNRS/N,2.0,2,2025-08-31
40813341479,448,Normal,Female,1.05,1,CRACKERS/MISC BKD FD,SNACK CRACKERS,1.05,1,2025-08-31
40813341479,448,Normal,Female,3.99,1,FROZEN MEAT,FRZN BREADED PREPARED CHICK,3.99,4,2025-08-31
40813341479,448,Normal,Female,1.59,1,BABY FOODS,BABY FOOD CEREALS,1.59,2,2025-08-31
40813341479,448,Normal,Female,4.68,1,COLD CEREAL,ADULT CEREAL,4.68,5,2025-08-31
40813341479,448,Normal,Female,1.59,1,BABY FOODS,BABY FOOD CEREALS,1.59,2,2025-08-31
40813341479,448,Normal,Female,1.5,1,CHEESE,NATURAL CHEESE EXACT WT SLICES,1.5,2,2025-08-31
40813341479,448,Normal,Female,1.99,1,SEAFOOD - SHELF STABLE,TUNA,1.99,2,2025-08-31
40813341479,448,Normal,Female,3.19,1,MEAT - SHELF STABLE,CHUNK MEATS - ALL,3.19,3,2025-08-31
40813341479,448,Normal,Female,2.0,1,FRZN MEAT/MEAT DINNERS,FRZN SS PREMIUM ENTREES/DNRS/N,2.0,2,2025-08-31
40813341479,448,Normal,Female,2.79,1,FLUID MILK PRODUCTS,FLUID MILK WHITE ONLY,2.79,3,2025-08-31
40813341479,448,Normal,Female,2.0,2,FROZEN PIZZA,FRZN SS PREMIUM ENTREES/DNRS/N,4.0,4,2025-08-31
40813341479,448,Normal,Female,2.25,1,FROZEN PIZZA,SANDWICHES&HANDHELDS,2.25,2,2025-08-31
40813341479,448,Normal,Female,2.0,1,FRZN MEAT/MEAT DINNERS,FRZN SS PREMIUM ENTREES/DNRS/N,2.0,2,2025-08-31
40813341479,448,Normal,Female,1.02,1,TROPICAL FRUIT,BANANAS,1.02,1,2025-08-31
40813341479,448,Normal,Female,1.0,1,COOKIES/CONES,SPECIALTY COOKIES,1.0,1,2025-08-31
40813341479,448,Normal,Female,3.99,1,FROZEN MEAT,FRZN BREADED PREPARED CHICK,3.99,4,2025-08-31
40813341479,448,Normal,Female,2.0,1,FRZN MEAT/MEAT DINNERS,FRZN SS PREMIUM ENTREES/DNRS/N,2.0,2,2025-08-31
40813341479,448,Normal,Female,3.08,1,COLD CEREAL,KIDS CEREAL,3.08,3,2025-08-31
40813341479,448,Normal,Female,2.0,2,FRZN MEAT/MEAT DINNERS,FRZN SS PREMIUM ENTREES/DNRS/N,4.0,4,2025-08-31
40813341479,448,Normal,Female,2.0,1,FRZN MEAT/MEAT DINNERS,FRZN SS PREMIUM ENTREES/DNRS/N,2.0,2,2025-08-31
40813341479,448,Normal,Female,2.67,1,SOFT DRINKS,SOFT DRINKS 12/18&15PK CAN CAR,2.67,3,2025-08-31
40813341479,448,Normal,Female,1.5,1,BAKED BREAD/BUNS/ROLLS,MAINSTREAM WHEAT/MULTIGRAIN BR,1.5,2,2025-08-31
40813341479,448,Normal,Female,3.49,1,COFFEE,NON DAIRY CREAMER: DRY,3.49,3,2025-08-31
40813341479,448,Normal,Female,1.25,2,LUNCHMEAT,HAM,2.5,2,2025-08-31
40813341479,448,Normal,Female,1.25,2,LUNCHMEAT,HAM,2.5,2,2025-08-31
40813341479,448,Normal,Female,2.0,2,SEAFOOD - SHELF STABLE,TUNA,4.0,4,2025-08-31
40826637169,31401,Member,Male,0.0,1,FROZEN PIE/DESSERTS,FROZEN FRUIT PIES  & COBBLERS,0.0,0,2025-09-01
40826637169,31401,Member,Male,4.99,1,FROZEN PIE/DESSERTS,FROZEN FRUIT PIES  & COBBLERS,4.99,5,2025-09-01
40853313791,370,Member,Female,7.99,1,DIAPERS & DISPOSABLES,BABY DIAPERS,7.99,8,2025-09-03
40876811731,362,Member,Male,2.5,1,BAG SNACKS,DIPS (NON-REFRIGERATED),2.5,2,2025-09-05
40876811731,362,Member,Male,0.0,1,TOYS AND GAMES,GAMES,0.0,0,2025-09-05
40876811731,362,Member,Male,4.99,1,BEERS/ALES,BEERALEMALT LIQUORS,4.99,5,2025-09-05
40876811731,362,Member,Male,13.99,1,TOYS AND GAMES,GAMES,13.99,14,2025-09-05
40876811731,362,Member,Male,3.89,1,HOT CEREAL,INSTANT OATMEAL,3.89,4,2025-09-05
40876811731,362,Member,Male,3.49,1,BAG SNACKS,TORTILLA/NACHO CHIPS,3.49,3,2025-09-05
40877070792,329,Member,Female,32.99,1,CHICKEN/POULTRY,CHIX:FRD 8PC/CUT UP (HOT),32.99,33,2025-09-05
40877070792,329,Member,Female,1.6666666666666667,3,FRZN POTATOES,FRZN FRENCH FRIES,5.0,5,2025-09-05
40877070792,329,Member,Female,1.99,2,SPRING/SUMMER SEASONAL,DISPOSABLE FOILWARE,3.98,4,2025-09-05
40877070792,329,Member,Female,1.0,2,CHEESE,CREAM CHEESE,2.0,2,2025-09-05
40888938663,323,Member,Male,3.19,1,STATIONERY & SCHOOL SUPPLIES,SCHOOL PAPER,3.19,3,2025-09-06
40888938663,323,Member,Male,8.99,1,FROZEN MEAT,FRZN BREADED PREPARED CHICK,8.99,9,2025-09-06
40888938663,323,Member,Male,3.99,1,WATER - CARBONATED/FLVRD DRINK,NON-CRBNTD DRNKING/MNERAL WATE,3.99,4,2025-09-06
40888938663,323,Member,Male,1.79,1,SOFT DRINKS,SFT DRNK 2 LITER BTL CARB INCL,1.79,2,2025-09-06
40888938663,323,Member,Male,1.67,1,FRZN POTATOES,FRZN HASHBROWN POTATOES,1.67,2,2025-09-06
40888938663,323,Member,Male,1.74,2,SOUP,RTS SOUP: CHUNKY/HOMESTYLE ET,3.48,3,2025-09-06
40888938663,323,Member,Male,1.58,1,SOUP,RTS SOUP: CHUNKY/HOMESTYLE ET,1.58,2,2025-09-06
40888938663,323,Member,Male,3.6,1,MAKEUP AND TREATMENT,LOREAL COSMETICS,3.6,4,2025-09-06
40888938663,323,Member,Male,1.39,2,MEAT - SHELF STABLE,PASTA: CANNED,2.78,3,2025-09-06
40888938663,323,Member,Male,1.67,1,FRZN POTATOES,FRZN FRENCH FRIES,1.67,2,2025-09-06
40888938663,323,Member,Male,2.24,1,HAIR CARE ACCESSORIES,MISC. HAIR & BEAUTY ACCESS.,2.24,2,2025-09-06
40888938663,323,Member,Male,1.0,2,DRY SAUCES/GRAVY,GRAVY CAN/GLASS,2.0,2,2025-09-06
40888938663,323,Member,Male,0.79,1,MARGARINES,MARGARINE: TUBS AND BOWLS,0.79,1,2025-09-06
40888938663,323,Member,Male,8.99,1,FROZEN MEAT,FRZN BREADED PREPARED CHICK,8.99,9,2025-09-06
40888938663,323,Member,Male,2.73,1,BEEF,PRIMAL,2.73,3,2025-09-06
40888938663,323,Member,Male,0.59,1,SOFT DRINKS,SFT DRNK 2 LITER BTL CARB INCL,0.59,1,2025-09-06
40888938663,323,Member,Male,1.99,2,FLUID MILK PRODUCTS,FLUID MILK WHITE ONLY,3.98,4,2025-09-06
40888938663,323,Member,Male,1.0,2,DRY SAUCES/GRAVY,GRAVY CAN/GLASS,2.0,2,2025-09-06
40888938663,323,Member,Male,0.62,1,TROPICAL FRUIT,BANANAS,0.62,1,2025-09-06
40888938663,323,Member,Male,1.5,1,PROCESSED,CROUTONS,1.5,2,2025-09-06
40888938663,323,Member,Male,1.99,1,HAIR CARE PRODUCTS,HAIR CONDITIONERS AND RINSES,1.99,2,2025-09-06
40888938663,323,Member,Male,2.49,1,BUTTER,BUTTER,2.49,2,2025-09-06
40888938663,323,Member,Male,3.99,1,PET CARE SUPPLIES,RAWHIDE CHEWS,3.99,4,2025-09-06
40888938663,323,Member,Male,3.49,1,TOMATOES,TOMATOES VINE RIPE PKG,3.49,3,2025-09-06
40888938663,323,Member,Male,2.0,1,CHEESE,SHREDDED CHEESE,2.0,2,2025-09-06
40888938663,323,Member,Male,8.99,1,FRZN MEAT/MEAT DINNERS,FRZN MULTI SERVE ENTREES ALL,8.99,9,2025-09-06
40888938663,323,Member,Male,1.99,1,ORAL HYGIENE PRODUCTS,TOOTHPASTE,1.99,2,2025-09-06
40888938663,323,Member,Male,1.58,1,SOUP,RTS SOUP: CHUNKY/HOMESTYLE ET,1.58,2,2025-09-06
40888938663,323,Member,Male,6.99,1,LAUNDRY DETERGENTS,LIQUID LAUNDRY DETERGENTS,6.99,7,2025-09-06
40888938663,323,Member,Male,2.0,1,CHEESE,SHREDDED CHEESE,2.0,2,2025-09-06
40888938663,323,Member,Male,5.29,1,COLD AND FLU,SINUS AND ALLERGY,5.29,5,2025-09-06
40888938663,323,Member,Male,2.99,1,CHRISTMAS  SEASONAL,STOCKINGS/TREE SKIRTS/HATS,2.99,3,2025-09-06
40888938663,323,Member,Male,2.0,1,DINNER MXS:DRY,SKILLET DINNERS,2.0,2,2025-09-06
40888938663,323,Member,Male,3.99,1,CHEESE,CREAM CHEESE,3.99,4,2025-09-06
40888938663,323,Member,Male,2.5,1,CANDY - PACKAGED,SEASONAL CANDY BAGS-CHOCOLATE,2.5,2,2025-09-06
40888938663,323,Member,Male,2.5,1,CANDY - PACKAGED,SEASONAL CANDY BAGS-CHOCOLATE,2.5,2,2025-09-06
40899932012,364,Member,Female,1.29,1,WATER - CARBONATED/FLVRD DRINK,NON-CRBNTD DRNKING/MNERAL WATE,1.29,1,2025-09-07
40899932012,364,Member,Female,1.5,1,BAKED BREAD/BUNS/ROLLS,MAINSTREAM WHITE BREAD,1.5,2,2025-09-07
40899932012,364,Member,Female,1.11,1,SOFT DRINKS,SFT DRNK SNGL SRV BTL CARB (EX,1.11,1,2025-09-07
40899932012,364,Member,Female,4.15,1,DELI MEATS,MEAT: LUNCHMEAT BULK,4.15,4,2025-09-07
40899932012,364,Member,Female,2.3,1,CHEESES,CHEESE: NATURAL BULK,2.3,2,2025-09-07
40899932012,364,Member,Female,1.29,1,SOFT DRINKS,SFT DRNK SNGL SRV BTL CARB (EX,1.29,1,2025-09-07
40899932012,364,Member,Female,3.35,1,DELI MEATS,MEAT: CHICKEN BULK,3.35,3,2025-09-07
40900002140,408,Normal,Female,0.0021691973969631,10142,COUPON/MISC ITEMS,GASOLINE-REG UNLEADED,22.0,22,2025-09-07
40955837538,402,Normal,Female,3.69,1,DOG FOODS,DOG BISCUITS (HARD BISCUIT),3.69,4,2025-09-12
40955837538,402,Normal,Female,1.39,2,BEERS/ALES,BEERALEMALT LIQUORS,2.78,3,2025-09-12
41026177903,412,Member,Male,5.99,1,SOFT DRINKS,ENERGY DRINK,5.99,6,2025-09-14
41026257490,432,Member,Female,2.49,1,BABY HBC,COTTON COTTON SWABS,2.49,2,2025-09-14
41026257490,432,Member,Female,2.5,1,HAIR CARE PRODUCTS,SHAMPOO,2.5,2,2025-09-14
41026257490,432,Member,Female,2.5,1,HAIR CARE PRODUCTS,HAIR CONDITIONERS AND RINSES,2.5,2,2025-09-14
41026257490,432,Member,Female,1.0,2,SOAP - LIQUID & BAR,LIQUID SOAP,2.0,2,2025-09-14
41026257490,432,Member,Female,2.99,2,CANDY - PACKAGED,SEASONAL MISCELLANEOUS,5.98,6,2025-09-14
41026257490,432,Member,Female,4.19,1,SOFT DRINKS,SOFT DRINKS 12/18&15PK CAN CAR,4.19,4,2025-09-14
41026257490,432,Member,Female,9.99,1,PORTABLE ELECTRIC APPLIANCES,FOOD SAVERS,9.99,10,2025-09-14
41026257490,432,Member,Female,2.99,1,HAIR CARE PRODUCTS,SHAMPOO,2.99,3,2025-09-14
41026257490,432,Member,Female,5.99,1,BEERS/ALES,BEERALEMALT LIQUORS,5.99,6,2025-09-14
41026257490,432,Member,Female,3.99,1,BREAKFAST SWEETS,SW GDS:DONUTS,3.99,4,2025-09-14
41026257490,432,Member,Female,2.99,1,HAIR CARE PRODUCTS,HAIR CONDITIONERS AND RINSES,2.99,3,2025-09-14
41026257490,432,Member,Female,5.99,1,WATER - CARBONATED/FLVRD DRINK,CARBONATED WATER - FLVRD SWEET,5.99,6,2025-09-14
41026257490,432,Member,Female,2.5,1,CANDY - PACKAGED,SEASONAL CANDY BAGS-CHOCOLATE,2.5,2,2025-09-14
41026257490,432,Member,Female,2.5,2,CANDY - PACKAGED,SEASONAL CANDY BAGS-CHOCOLATE,5.0,5,2025-09-14
41026257490,432,Member,Female,2.5,1,CANDY - PACKAGED,SEASONAL CANDY BOX-CHOCOLATE W,2.5,2,2025-09-14
41124817780,420,Normal,Female,3.34,1,FRZN FRUITS,FROZEN FRUIT,3.34,3,2025-09-17
41124817780,420,Normal,Female,2.04,1,BAKED SWEET GOODS,SWEET GOODS - FULL SIZE,2.04,2,2025-09-17
41238652558,321,Member,Female,0.73,1,APPLES,APPLES GRANNY SMITH (BULK&BAG),0.73,1,2025-09-23
41260261542,388,Member,Male,0.34,1,ONIONS,ONIONS OTHER,0.34,0,2025-09-26
41260261542,388,Member,Male,6.99,1,DOMESTIC WINE,POPULAR 750ML WINES,6.99,7,2025-09-26
41260261542,388,Member,Male,1.0,3,CHEESE,CREAM CHEESE,3.0,3,2025-09-26
41260261542,388,Member,Male,1.38,1,REFRGRATD DOUGH PRODUCTS,REFRIGERATED SPECILATY ROLLS,1.38,1,2025-09-26
41260261542,388,Member,Male,2.0,2,LUNCHMEAT,MISCELLANEOUS,4.0,4,2025-09-26
41260261542,388,Member,Male,3.29,1,SPICES & EXTRACTS,SPICES & SEASONINGS,3.29,3,2025-09-26
41260261542,388,Member,Male,2.5,1,CHEESE,MISCELLANEOUS CHEESE,2.5,2,2025-09-26
41260261542,388,Member,Male,2.23,1,CRACKERS/MISC BKD FD,BUTTER SPRAY CRACKER (RITZ/CLU,2.23,2,2025-09-26
41260466264,424,Member,Male,1.62,1,CHICKEN,INTERNAL,1.62,2,2025-09-26
41260466264,424,Member,Male,1.59,1,CHICKEN,INTERNAL,1.59,2,2025-09-26
41324360089,31782,Member,Female,0.5,3,BREAKFAST SWEETS,SW GDS:DONUTS,1.5,2,2025-09-29
41324360089,31782,Member,Female,1.5,1,BAKED BREAD/BUNS/ROLLS,SANDWICH BUNS,1.5,2,2025-09-29
41324360089,31782,Member,Female,0.33,1,CANDY - PACKAGED,MISCELLANEOUS CANDY (INCLUDING,0.33,0,2025-09-29
41324360089,31782,Member,Female,2.99,1,BREAKFAST SWEETS,SW GDS:MUFFINS-LSS THN 6,2.99,3,2025-09-29
41324746674,341,Normal,Female,22.99,2,INFANT FORMULA,INFANT FORMULA SPECIALTY,45.98,46,2025-09-29
41325016465,3001,Member,Male,0.0022691173133651,8814,COUPON/MISC ITEMS,GASOLINE-REG UNLEADED,20.0,20,2025-09-29
41337835270,33923,Member,Male,1.0,1,BAKED SWEET GOODS,SWEET GOODS - FULL SIZE,1.0,1,2025-09-30
41337835270,33923,Member,Male,1.0,2,BAKED SWEET GOODS,SWEET GOODS - FULL SIZE,2.0,2,2025-09-30
41337835270,33923,Member,Male,1.0,1,BAKED SWEET GOODS,SWEET GOODS - FULL SIZE,1.0,1,2025-09-30
41337835270,33923,Member,Male,1.0,2,CANDY - PACKAGED,CANDY BARS (MULTI PACK),2.0,2,2025-09-30
41337835270,33923,Member,Male,1.88,1,BAG SNACKS,POTATO CHIPS,1.88,2,2025-09-30
41337835270,33923,Member,Male,1.5,2,BAG SNACKS,BAGGED CHEESE SNACKS,3.0,3,2025-09-30
41338372651,369,Member,Male,1.99,1,BAG SNACKS,PRETZELS,1.99,2,2025-09-29
41338372651,369,Member,Male,1.86,1,CANNED JUICES,FRUIT DRINKS: CANNED & GLASS (,1.86,2,2025-09-29
41338372651,369,Member,Male,1.39,1,BAKING MIXES,FROSTING,1.39,1,2025-09-29
41338372651,369,Member,Male,2.5,1,BAG SNACKS,BAGGED POPPED POPCORN,2.5,2,2025-09-29
41366308913,358,Normal,Female,2.23,1,CRACKERS/MISC BKD FD,BUTTER SPRAY CRACKER (RITZ/CLU,2.23,2,2025-10-02
41366308913,358,Normal,Female,0.69,1,FRUIT - SHELF STABLE,PINEAPPLE,0.69,1,2025-10-02
41366308913,358,Normal,Female,1.0,1,SOFT DRINKS,SFT DRNK 2 LITER BTL CARB INCL,1.0,1,2025-10-02
41366308913,358,Normal,Female,2.59,1,BAG SNACKS,DIPS (NON-REFRIGERATED),2.59,3,2025-10-02
41366308913,358,Normal,Female,4.99,1,SNACK NUTS,VAC PAC NUTS(CANS),4.99,5,2025-10-02
41366308913,358,Normal,Female,2.0,1,BAG SNACKS,POTATO CHIPS,2.0,2,2025-10-02
41366747128,421,Member,Male,1.67,1,SALD DRSNG/SNDWCH SPRD,SEMI-SOLID SALAD DRESSING MAY,1.67,2,2025-10-02
41366747128,421,Member,Male,1.5,1,FD WRAPS/BAGS/TRSH BG,GARBAGE KITCHEN COMPACTOR BA,1.5,2,2025-10-02
41366747128,421,Member,Male,0.33,1,SPICES & EXTRACTS,TABLE SALT POPCORN SALTICE C,0.33,0,2025-10-02
41366747128,421,Member,Male,1.89,1,COLD CEREAL,KIDS CEREAL,1.89,2,2025-10-02
41366747128,421,Member,Male,0.95,1,DOG FOODS,DOG BISCUITS (HARD BISCUIT),0.95,1,2025-10-02
41400421350,432,Member,Female,2.5,1,MILK BY-PRODUCTS,AEROSOL TOPPINGS,2.5,2,2025-10-05
41400421350,432,Member,Female,3.99,1,LUNCHMEAT,HAM,3.99,4,2025-10-05
41400421350,432,Member,Female,0.17,1,SOUP,RAMEN NOODLES/RAMEN CUPS,0.17,0,2025-10-05
41400421350,432,Member,Female,8.49,1,BEERS/ALES,BEERALEMALT LIQUORS,8.49,8,2025-10-05
41400421350,432,Member,Female,0.17,1,SOUP,RAMEN NOODLES/RAMEN CUPS,0.17,0,2025-10-05
41400421350,432,Member,Female,2.99,1,PNT BTR/JELLY/JAMS,PEANUT BUTTER,2.99,3,2025-10-05
41400421350,432,Member,Female,2.93,1,BEEF,SOUP/STEW,2.93,3,2025-10-05
41400421350,432,Member,Female,17.99,1,DOG FOODS,DRY DOG FOOD SUPER PREM (ONE/N,17.99,18,2025-10-05
41400421350,432,Member,Female,2.99,1,CHEESE,IWS SINGLE CHEESE,2.99,3,2025-10-05
41400421350,432,Member,Female,4.29,1,FD WRAPS/BAGS/TRSH BG,FREEZER BAGS,4.29,4,2025-10-05
41400421350,432,Member,Female,0.99,1,CARROTS,CARROTS BAGGED,0.99,1,2025-10-05
41400421350,432,Member,Female,0.17,1,SOUP,RAMEN NOODLES/RAMEN CUPS,0.17,0,2025-10-05
41400421350,432,Member,Female,0.5,4,VEGETABLES - SHELF STABLE,PEAS GREEN,2.0,2,2025-10-05
41400421350,432,Member,Female,1.89,1,VEGETABLES - ALL OTHERS,CELERY,1.89,2,2025-10-05
41400421350,432,Member,Female,0.4,5,BEANS - CANNED GLASS & MW,VARIETY BEANS - KIDNEY PINTO,2.0,2,2025-10-05
41400421350,432,Member,Female,2.99,2,COFFEE,REGULAR BEAN,5.98,6,2025-10-05
41400421350,432,Member,Female,0.6675,4,VEGETABLES - SHELF STABLE,BEANS GREEN: FS/WHL/CUT,2.67,3,2025-10-05
41400421350,432,Member,Female,1.0,1,PWDR/CRYSTL DRNK MX,SOFT DRINK POWDER POUCHES,1.0,1,2025-10-05
41400421350,432,Member,Female,0.17,1,SOUP,RAMEN NOODLES/RAMEN CUPS,0.17,0,2025-10-05
41400421350,432,Member,Female,1.29,1,CRACKERS/MISC BKD FD,SOUP CRACKERS (SALTINE/OYSTER),1.29,1,2025-10-05
41400421350,432,Member,Female,1.09,1,BEANS - CANNED GLASS & MW,VARIETY BEANS - KIDNEY PINTO,1.09,1,2025-10-05
41400421350,432,Member,Female,0.99,1,VEGETABLES SALAD,HEAD LETTUCE,0.99,1,2025-10-05
41400421350,432,Member,Female,0.99,1,VEGETABLES - SHELF STABLE,TOMATO PASTE,0.99,1,2025-10-05
41400421350,432,Member,Female,3.99,1,CAT LITTER,CONVENTIONAL LITTER,3.99,4,2025-10-05
41400421350,432,Member,Female,1.09,1,BEANS - CANNED GLASS & MW,VARIETY BEANS - KIDNEY PINTO,1.09,1,2025-10-05
41400421350,432,Member,Female,0.51,1,BEEF,EXTERNAL,0.51,1,2025-10-05
41400421350,432,Member,Female,0.17,1,SOUP,DRY SOUP,0.17,0,2025-10-05
41400421350,432,Member,Female,0.5,4,SOUP,BROTH,2.0,2,2025-10-05
41400421350,432,Member,Female,2.5,2,BAG SNACKS,POTATO CHIPS,5.0,5,2025-10-05
41413630446,345,Member,Female,1.0,1,SOFT DRINKS,SFT DRNK 2 LITER BTL CARB INCL,1.0,1,2025-10-06
41413630446,345,Member,Female,7.27,1,DELI MEATS,MEAT: TURKEY BULK,7.27,7,2025-10-06
41413630446,345,Member,Female,6.99,1,DELI MEATS,MEAT: BEEF BULK,6.99,7,2025-10-06
41413630446,345,Member,Female,1.5,2,FD WRAPS/BAGS/TRSH BG,FREEZER BAGS,3.0,3,2025-10-06
41413630446,345,Member,Female,0.99,1,VEGETABLES SALAD,HEAD LETTUCE,0.99,1,2025-10-06
41413630446,345,Member,Female,2.0,1,BAKED BREAD/BUNS/ROLLS,DIET/LIGHT BREAD,2.0,2,2025-10-06
41413630446,345,Member,Female,2.99,1,BUTTER,BUTTER,2.99,3,2025-10-06
41413630446,345,Member,Female,4.39,1,COCOA MIXES,MALTED MLK/SYRUP/PWDRS (EGGNOG,4.39,4,2025-10-06
41413630446,345,Member,Female,2.95,1,FLUID MILK PRODUCTS,FLUID MILK WHITE ONLY,2.95,3,2025-10-06
41413630446,345,Member,Female,1.0,1,SOFT DRINKS,SFT DRNK 2 LITER BTL CARB INCL,1.0,1,2025-10-06
41413630446,345,Member,Female,3.41,1,TOMATOES,TOMATOES VINE RIPE BULK,3.41,3,2025-10-06
41413630446,345,Member,Female,1.12,1,TROPICAL FRUIT,BANANAS,1.12,1,2025-10-06
41413630446,345,Member,Female,1.0,1,SOFT DRINKS,SFT DRNK 2 LITER BTL CARB INCL,1.0,1,2025-10-06
41413630446,345,Member,Female,1.0,2,VEGETABLES - SHELF STABLE,TOMATOES: STEWED/DICED/CRMD,2.0,2,2025-10-06
41413630446,345,Member,Female,3.49,1,BAKED BREAD/BUNS/ROLLS,BAGELS,3.49,3,2025-10-06
41413630446,345,Member,Female,1.15,2,FD WRAPS/BAGS/TRSH BG,FOOD STORAGE BAGS,2.3,2,2025-10-06
41413630446,345,Member,Female,2.67,1,SOFT DRINKS,SOFT DRINKS 12/18&15PK CAN CAR,2.67,3,2025-10-06
41413630446,345,Member,Female,1.2,1,REFRGRATD DOUGH PRODUCTS,REFRIGERATED BISCUITS REGULAR,1.2,1,2025-10-06
41413630446,345,Member,Female,1.2,1,REFRGRATD DOUGH PRODUCTS,REFRIGERATED BISCUITS REGULAR,1.2,1,2025-10-06
41413630446,345,Member,Female,2.19,1,BAKED BREAD/BUNS/ROLLS,SANDWICH BUNS,2.19,2,2025-10-06
41413630446,345,Member,Female,7.38,2,BEEF,CHOICE BEEF,14.76,15,2025-10-06
41413630446,345,Member,Female,1.88,1,BAG SNACKS,POTATO CHIPS,1.88,2,2025-10-06
41440006951,333,Member,Male,0.99,1,CHRISTMAS  SEASONAL,DECOR,0.99,1,2025-10-08
41440006951,333,Member,Male,2.5,1,DINNER SAUSAGE,COCKTAILS,2.5,2,2025-10-08
41440006951,333,Member,Male,0.79,4,CONDIMENTS/SAUCES,BBQ SAUCE,3.16,3,2025-10-08
41440006951,333,Member,Male,1.79,2,PAPER HOUSEWARES,PLSTC CTLRYTBLCLTHSTTHPKSST,3.58,4,2025-10-08
41440006951,333,Member,Male,1.29,1,SUGARS/SWEETNERS,SUGAR,1.29,1,2025-10-08
41440006951,333,Member,Male,2.67,1,FROZEN PIZZA,PIZZA/TRADITIONAL,2.67,3,2025-10-08
41440006951,333,Member,Male,2.5,2,DINNER SAUSAGE,COCKTAILS,5.0,5,2025-10-08
41440006951,333,Member,Male,2.49,1,FLUID MILK PRODUCTS,CHOCOLATE MILK,2.49,2,2025-10-08
41440006951,333,Member,Male,2.67,1,FROZEN PIZZA,PIZZA/TRADITIONAL,2.67,3,2025-10-08
41440006951,333,Member,Male,0.89,4,FRZN JCE CONC/DRNKS,FRZN OJ&OJ SUBSTITUTES (OVER 5,3.56,4,2025-10-08
41440006951,333,Member,Male,5.99,2,MEAT - MISC,DRUMS (IQF),11.98,12,2025-10-08
41440006951,333,Member,Male,2.49,2,FLUID MILK PRODUCTS,FLUID MILK WHITE ONLY,4.98,5,2025-10-08
41440006951,333,Member,Male,14.97,1,FIREWORKS,NOVELTY FIREWORKS,14.97,15,2025-10-08
41440006951,333,Member,Male,2.99,1,FROZEN BREAD/DOUGH,FRZN BREAD DOUGH,2.99,3,2025-10-08
41440006951,333,Member,Male,0.59,1,CANDY - PACKAGED,SEASONAL CANDY BOX NON-CHOCOLA,0.59,1,2025-10-08
41440006951,333,Member,Male,2.49,1,FLUID MILK PRODUCTS,FLUID MILK WHITE ONLY,2.49,2,2025-10-08
41440006951,333,Member,Male,5.59,1,MAKEUP AND TREATMENT,MAYBELLINE,5.59,6,2025-10-08
41440006951,333,Member,Male,0.99,2,CHRISTMAS  SEASONAL,WRAP,1.98,2,2025-10-08
41440006951,333,Member,Male,0.75,7,CANDY - PACKAGED,CANDY BOX NON-CHOCOLATE,5.25,5,2025-10-08
41440006951,333,Member,Male,0.99,1,CHRISTMAS  SEASONAL,WRAP,0.99,1,2025-10-08
41440006951,333,Member,Male,2.67,1,SOFT DRINKS,SOFT DRINKS 12/18&15PK CAN CAR,2.67,3,2025-10-08
41440006951,333,Member,Male,2.67,1,SOFT DRINKS,SOFT DRINKS 12/18&15PK CAN CAR,2.67,3,2025-10-08
41440006951,333,Member,Male,2.67,1,SOFT DRINKS,SOFT DRINKS 12/18&15PK CAN CAR,2.67,3,2025-10-08
41440006951,333,Member,Male,2.67,1,SOFT DRINKS,SOFT DRINKS 12/18&15PK CAN CAR,2.67,3,2025-10-08
41440006951,333,Member,Male,5.99,1,FROZEN PIZZA,PIZZA/TRADITIONAL,5.99,6,2025-10-08
41440006951,333,Member,Male,5.99,1,FROZEN CHICKEN,FRZN BREADED PREPARED CHICK,5.99,6,2025-10-08
41440006951,333,Member,Male,5.99,1,FROZEN CHICKEN,FRZN BREADED PREPARED CHICK,5.99,6,2025-10-08
41440006951,333,Member,Male,1.87,2,CANDY - PACKAGED,SEASONAL CANDY BAGS-CHOCOLATE,3.74,4,2025-10-08
41452986871,412,Normal,Male,0.3333333333333333,3,CITRUS,ORANGES NAVELS ALL,1.0,1,2025-10-10
41452986871,412,Normal,Male,1.67,1,SALD DRSNG/SNDWCH SPRD,SEMI-SOLID SALAD DRESSING MAY,1.67,2,2025-10-10
41452986871,412,Normal,Male,0.59,2,SOFT DRINKS,SFT DRNK 2 LITER BTL CARB INCL,1.18,1,2025-10-10
41452986871,412,Normal,Male,3.35,1,SQUASH,HARD SQUASH,3.35,3,2025-10-10
41452986871,412,Normal,Male,1.99,1,BREAD,BREAD:ITALIAN/FRENCH,1.99,2,2025-10-10
41452986871,412,Normal,Male,0.79,1,VEGETABLES - ALL OTHERS,CUCUMBERS,0.79,1,2025-10-10
41452986871,412,Normal,Male,0.59,1,SOFT DRINKS,SFT DRNK 2 LITER BTL CARB INCL,0.59,1,2025-10-10
41452986871,412,Normal,Male,3.89,1,APPLES,APPLES GRANNY SMITH (BULK&BAG),3.89,4,2025-10-10
41452986871,412,Normal,Male,0.89,1,CONDIMENTS/SAUCES,HOT MUSTARD/SPECIALTY MUSTAR,0.89,1,2025-10-10
41452986871,412,Normal,Male,1.99,1,YOGURT,YOGURT NOT MULTI-PACKS,1.99,2,2025-10-10
41452986871,412,Normal,Male,1.5,1,CHEESE,CREAM CHEESE,1.5,2,2025-10-10
41452986871,412,Normal,Male,1.19,2,EGGS,EGGS - X-LARGE,2.38,2,2025-10-10
41452986871,412,Normal,Male,0.79,1,PEPPERS-ALL,PEPPERS GREEN BELL,0.79,1,2025-10-10
41452986871,412,Normal,Male,0.59,1,SOFT DRINKS,SFT DRNK 2 LITER BTL CARB INCL,0.59,1,2025-10-10
41452986871,412,Normal,Male,1.0,1,REFRGRATD DOUGH PRODUCTS,REFRIGERATED BAGELS,1.0,1,2025-10-10
41452986871,412,Normal,Male,3.74,1,SEAFOOD - FROZEN,SEAFOOD-FRZ-MISC,3.74,4,2025-10-10
41452986871,412,Normal,Male,0.79,1,MILK BY-PRODUCTS,REFRIG DIPS,0.79,1,2025-10-10
41452986871,412,Normal,Male,0.72,1,TROPICAL FRUIT,BANANAS,0.72,1,2025-10-10
41452986871,412,Normal,Male,0.99,1,SOFT DRINKS,SFT DRNK 2 LITER BTL CARB INCL,0.99,1,2025-10-10
41452986871,412,Normal,Male,0.59,1,SOFT DRINKS,SFT DRNK 2 LITER BTL CARB INCL,0.59,1,2025-10-10
41466856558,370,Member,Male,1.67,1,FRZN VEGETABLE/VEG DSH,FRZN BOXED VEGETABLES- VALUE A,1.67,2,2025-10-11
41466856558,370,Member,Male,9.04,1,BEEF,SELECT BEEF,9.04,9,2025-10-11
41466856558,370,Member,Male,0.5,2,PAPER TOWELS,PAPER TOWELS & HOLDERS,1.0,1,2025-10-11
41466856558,370,Member,Male,2.89,1,BAG SNACKS,POTATO CHIPS,2.89,3,2025-10-11
41466856558,370,Member,Male,0.88,1,CHEESE,CREAM CHEESE,0.88,1,2025-10-11
41466856558,370,Member,Male,0.88,1,REFRGRATD DOUGH PRODUCTS,REFRIGERATED BAGELS,0.88,1,2025-10-11
41466856558,370,Member,Male,1.67,1,FRZN MEAT/MEAT DINNERS,FRZN SS PREMIUM ENTREES/DNRS/N,1.67,2,2025-10-11
41466856558,370,Member,Male,4.99,1,EXOTIC GAME/FOWL,CORNISH HEN,4.99,5,2025-10-11
41466856558,370,Member,Male,1.67,1,FRZN VEGETABLE/VEG DSH,FRZN BOXED VEGETABLES- VALUE A,1.67,2,2025-10-11
41466856558,370,Member,Male,4.99,1,CONVENIENT BRKFST/WHLSM SNACKS,FRUIT SNACKS,4.99,5,2025-10-11
41466856558,370,Member,Male,4.19,1,SOFT DRINKS,SOFT DRINKS 12/18&15PK CAN CAR,4.19,4,2025-10-11
41466856558,370,Member,Male,2.99,2,COLD CEREAL,KIDS CEREAL,5.98,6,2025-10-11
41466856558,370,Member,Male,2.69,1,FRZN MEAT/MEAT DINNERS,SS ECONOMY ENTREES/DINNERS ALL,2.69,3,2025-10-11
41466856558,370,Member,Male,2.67,1,SOFT DRINKS,SOFT DRINKS 12/18&15PK CAN CAR,2.67,3,2025-10-11
41466856558,370,Member,Male,3.0,1,FRZN MEAT/MEAT DINNERS,FRZN SS PREMIUM ENTREES/DNRS/N,3.0,3,2025-10-11
41466856558,370,Member,Male,3.19,1,BATH TISSUES,TOILET TISSUE,3.19,3,2025-10-11
41532272072,443,Normal,Male,2.19,1,DEODORANTS,ANTIPERSPIRANTS ONLY (ALL OTHE,2.19,2,2025-10-15
41532272072,443,Normal,Male,1.59,1,MAKEUP AND TREATMENT,APPLICATORS,1.59,2,2025-10-15
41532302837,433,Member,Male,0.0021990183812915,10391,COUPON/MISC ITEMS,GASOLINE-REG UNLEADED,22.85,23,2025-10-15
41545167352,292,Member,Female,1.0,1,BAKED BREAD/BUNS/ROLLS,MAINSTREAM WHEAT/MULTIGRAIN BR,1.0,1,2025-10-16
41545167352,292,Member,Female,1.99,1,YOGURT,YOGURT NOT MULTI-PACKS,1.99,2,2025-10-16
41545167352,292,Member,Female,2.89,1,FLUID MILK PRODUCTS,FLUID MILK WHITE ONLY,2.89,3,2025-10-16
41587416271,429,Member,Female,1.99,1,FRZN JCE CONC/DRNKS,FRZN CONC ALLIEDS OVER 50% JUI,1.99,2,2025-10-19
41587416271,429,Member,Female,0.59,1,SOFT DRINKS,SFT DRNK 2 LITER BTL CARB INCL,0.59,1,2025-10-19
41587416271,429,Member,Female,1.0,1,FRZN JCE CONC/DRNKS,FRZN CONC UNDER 50% JUICE,1.0,1,2025-10-19
41587416271,429,Member,Female,1.0,1,FRZN JCE CONC/DRNKS,FRZN CONC ALLIEDS OVER 50% JUI,1.0,1,2025-10-19
41587416271,429,Member,Female,0.59,1,SOFT DRINKS,SFT DRNK 2 LITER BTL CARB INCL,0.59,1,2025-10-19
41587416271,429,Member,Female,0.59,1,SOFT DRINKS,SFT DRNK 2 LITER BTL CARB INCL,0.59,1,2025-10-19
41587416271,429,Member,Female,1.0,1,FRZN JCE CONC/DRNKS,FRZN CONC UNDER 50% JUICE,1.0,1,2025-10-19
41587416271,429,Member,Female,0.59,1,SOFT DRINKS,SFT DRNK 2 LITER BTL CARB INCL,0.59,1,2025-10-19
41587417466,429,Member,Female,0.0020993701889433,11432,COUPON/MISC ITEMS,GASOLINE-REG UNLEADED,24.0,24,2025-10-19
41600420630,3001,Member,Male,0.002129471890971,7044,COUPON/MISC ITEMS,GASOLINE-REG UNLEADED,15.0,15,2025-10-20
41613770015,410,Member,Female,2.99,1,HARDWARE SUPPLIES,GLOVES,2.99,3,2025-10-21
41613770015,410,Member,Female,0.99,1,CARROTS,CARROTS BAGGED,0.99,1,2025-10-21
41613917335,391,Normal,Female,1.69,1,SALD DRSNG/SNDWCH SPRD,SANDWICH SAUCE HORSERADISH SA,1.69,2,2025-10-21
41613917335,391,Normal,Female,2.29,1,FD WRAPS/BAGS/TRSH BG,ALUMINUM FOIL,2.29,2,2025-10-21
41613917335,391,Normal,Female,0.5,4,DINNER MXS:DRY,MACARONI & CHEESE DNRS,2.0,2,2025-10-21
41613917335,391,Normal,Female,2.14,1,MARGARINES,MARGARINE: TUBS AND BOWLS,2.14,2,2025-10-21
41613917335,391,Normal,Female,2.89,1,FLUID MILK PRODUCTS,FLUID MILK WHITE ONLY,2.89,3,2025-10-21
41613917335,391,Normal,Female,0.99,1,CONDIMENTS/SAUCES,VINEGAR ALL-EXCEPT WINE/RIC,0.99,1,2025-10-21
41613917335,391,Normal,Female,3.19,1,SEAFOOD - FROZEN,FRZN BRD STICK/PORTON,3.19,3,2025-10-21
41613917335,391,Normal,Female,1.5,1,CONDIMENTS/SAUCES,HOT SAUCE,1.5,2,2025-10-21
41613917335,391,Normal,Female,1.88,1,CANNED JUICES,CRANBERRY JUICE (50% AND UNDER,1.88,2,2025-10-21
41613917335,391,Normal,Female,3.19,1,SEAFOOD - FROZEN,FRZN BRD STICK/PORTON,3.19,3,2025-10-21
41613917335,391,Normal,Female,0.5,2,VEGETABLES - SHELF STABLE,SPINACH & GREENS,1.0,1,2025-10-21
41613917335,391,Normal,Female,0.5,4,VEGETABLES - SHELF STABLE,SPINACH & GREENS,2.0,2,2025-10-21
41627626682,441,Normal,Female,3.09,1,COLD CEREAL,KIDS CEREAL,3.09,3,2025-10-22
41627626682,441,Normal,Female,2.0,1,FRZN BREAKFAST FOODS,FRZN BREAKFAST ENTREES/SANDWIC,2.0,2,2025-10-22
41627626682,441,Normal,Female,2.59,1,DEODORANTS,SOLID/STK DEODORANTS,2.59,3,2025-10-22
41627626682,441,Normal,Female,2.5,1,HOUSEHOLD CLEANG NEEDS,KITCHEN & MULTI-PURPOSE CLEANE,2.5,2,2025-10-22
41627626682,441,Normal,Female,1.5,1,SOFT DRINKS,SFT DRNK 2 LITER BTL CARB INCL,1.5,2,2025-10-22
41627626682,441,Normal,Female,1.94,1,FLUID MILK PRODUCTS,CHOCOLATE MILK,1.94,2,2025-10-22
41627626682,441,Normal,Female,0.99,1,EGGS,EGGS - LARGE,0.99,1,2025-10-22
41627626682,441,Normal,Female,0.99,2,WAREHOUSE SNACKS,MISC SNACKS,1.98,2,2025-10-22
41627626682,441,Normal,Female,1.425,2,CHICKEN,CHICKEN WINGS,2.85,3,2025-10-22
41627626682,441,Normal,Female,0.88,1,BAKED BREAD/BUNS/ROLLS,MAINSTREAM WHITE BREAD,0.88,1,2025-10-22
41627626682,441,Normal,Female,1.89,1,CAT LITTER,CONVENTIONAL LITTER,1.89,2,2025-10-22
41627626682,441,Normal,Female,0.99,1,HAIR CARE PRODUCTS,WOMENS  HAIR SPRAYS,0.99,1,2025-10-22
41627626682,441,Normal,Female,5.49,1,BEERS/ALES,BEERALEMALT LIQUORS,5.49,5,2025-10-22
41627626682,441,Normal,Female,3.19,1,AIR CARE,AIR CARE - CONTINUOUS ACTION,3.19,3,2025-10-22
41627626682,441,Normal,Female,8.95,1,BEEF,LEAN,8.95,9,2025-10-22
41627626682,441,Normal,Female,2.0,1,FRZN BREAKFAST FOODS,FRZN BREAKFAST ENTREES/SANDWIC,2.0,2,2025-10-22
41627626682,441,Normal,Female,3.29,1,FRZN NOVELTIES/WTR ICE,CONES,3.29,3,2025-10-22
41627626682,441,Normal,Female,8.49,1,CAT FOOD,DRY CAT FOOD SUP PREM (ONE/NUT,8.49,8,2025-10-22
41627626682,441,Normal,Female,2.0,1,FRZN BREAKFAST FOODS,FRZN BREAKFAST ENTREES/SANDWIC,2.0,2,2025-10-22
41627626682,441,Normal,Female,1.15,1,BATH TISSUES,TOILET TISSUE,1.15,1,2025-10-22
41627626682,441,Normal,Female,2.99,1,HOUSEHOLD CLEANG NEEDS,FLOOR - DILUTABLES,2.99,3,2025-10-22
41627626682,441,Normal,Female,5.23,1,BEEF,NATURAL BEEF,5.23,5,2025-10-22
41627626682,441,Normal,Female,3.94,2,CIGARETTES,CIGARETTES,7.88,8,2025-10-22
41627626682,441,Normal,Female,1.0,4,FROZEN PIZZA,PIZZA/ECONOMY,4.0,4,2025-10-22
41627626682,441,Normal,Female,0.99,2,WAREHOUSE SNACKS,MISC SNACKS,1.98,2,2025-10-22
41627626682,441,Normal,Female,3.39,1,FROZEN PIZZA,SNACKS/APPETIZERS,3.39,3,2025-10-22
41627626682,441,Normal,Female,0.99,1,CANDY - PACKAGED,CANDY BAGS-NON CHOCOLATE,0.99,1,2025-10-22
41627626682,441,Normal,Female,2.14,1,PORK,ENHANCED,2.14,2,2025-10-22
41627626682,441,Normal,Female,0.89,1,HAIR CARE PRODUCTS,HAIR CONDITIONERS AND RINSES,0.89,1,2025-10-22
41627626682,441,Normal,Female,0.89,1,SHAVING CARE PRODUCTS,SHAMPOO,0.89,1,2025-10-22
41627626682,441,Normal,Female,0.89,1,HAIR CARE PRODUCTS,HAIR CONDITIONERS AND RINSES,0.89,1,2025-10-22
41627626682,441,Normal,Female,0.89,1,HAIR CARE PRODUCTS,SHAMPOO,0.89,1,2025-10-22
41627626682,441,Normal,Female,0.3333333333333333,3,CANDY - CHECKLANE,CANDY BARS (SINGLES)(INCLUDING,1.0,1,2025-10-22
41627626682,441,Normal,Female,1.99,2,SOFT DRINKS,ENERGY DRINK,3.98,4,2025-10-22
41627626682,441,Normal,Female,0.99,2,AIR CARE,AIR CARE - CONTINUOUS ACTION,1.98,2,2025-10-22
41627626682,441,Normal,Female,1.13,1,DISHWASH DETERGENTS,LIQUID DISH DETERGENT,1.13,1,2025-10-22
41627626682,441,Normal,Female,2.5,1,MISC. DAIRY,MISC DAIRY REFIGERATED,2.5,2,2025-10-22
41627626682,441,Normal,Female,3.66,1,SMOKED MEATS,HAM STEAKS/CUBES/SLICES,3.66,4,2025-10-22
41627626682,441,Normal,Female,3.19,1,AIR CARE,AIR CARE - CONTINUOUS ACTION,3.19,3,2025-10-22
41627626682,441,Normal,Female,1.5,1,SOFT DRINKS,SFT DRNK 2 LITER BTL CARB INCL,1.5,2,2025-10-22
41628208274,367,Member,Male,1.99,1,FLUID MILK PRODUCTS,FLUID MILK WHITE ONLY,1.99,2,2025-10-23
41628208274,367,Member,Male,0.99,1,EGGS,EGGS - LARGE,0.99,1,2025-10-23
41628208274,367,Member,Male,3.99,1,CHICKEN,WHOLE CHICKEN (ROASTERS/FRYER),3.99,4,2025-10-23
41628472272,34280,Normal,Female,7.99,1,COOKIES,COOKIES: MESSAGE,7.99,8,2025-10-23
41628472272,34280,Normal,Female,2.99,1,FLORAL BALLOONS,BALLOONS 18IN PKG NON LICENSED,2.99,3,2025-10-23
41628522720,404,Member,Female,1.67,1,POPCORN,POPCORN - MICROWAVE,1.67,2,2025-10-23
41628522720,404,Member,Female,0.88,2,BAKED BREAD/BUNS/ROLLS,MAINSTREAM WHITE BREAD,1.76,2,2025-10-23
41628522720,404,Member,Female,0.59,2,SOFT DRINKS,SFT DRNK 2 LITER BTL CARB INCL,1.18,1,2025-10-23
41628522720,404,Member,Female,0.89,1,FLUID MILK PRODUCTS,EGG NOG/BOILED CUSTARD,0.89,1,2025-10-23
41628522720,404,Member,Female,0.59,1,SOFT DRINKS,SOFT DRINK BOTTLE NON-CARB (EX,0.59,1,2025-10-23
41628522720,404,Member,Female,2.59,1,FLUID MILK PRODUCTS,FLUID MILK WHITE ONLY,2.59,3,2025-10-23
41628522720,404,Member,Female,0.5,2,CANDY - PACKAGED,SEASONAL CANDY BAGS-CHOCOLATE,1.0,1,2025-10-23
41628522720,404,Member,Female,2.0,1,FRZN NOVELTIES/WTR ICE,CONES,2.0,2,2025-10-23
41628522720,404,Member,Female,0.59,1,SOFT DRINKS,SFT DRNK 2 LITER BTL CARB INCL,0.59,1,2025-10-23
41628522720,404,Member,Female,3.29,1,FRZN NOVELTIES/WTR ICE,CONES,3.29,3,2025-10-23
41628522720,404,Member,Female,0.5,2,CANDY - PACKAGED,SEASONAL CANDY BAGS-CHOCOLATE,1.0,1,2025-10-23
41628522720,404,Member,Female,1.88,1,BAG SNACKS,TORTILLA/NACHO CHIPS,1.88,2,2025-10-23
41691706243,429,Member,Female,1.89,1,PNT BTR/JELLY/JAMS,PEANUT BUTTER,1.89,2,2025-10-26
41691706243,429,Member,Female,1.2,1,FLUID MILK PRODUCTS,CHOCOLATE MILK,1.2,1,2025-10-26
41691706243,429,Member,Female,1.59,1,SOUP,CONDENSED SOUP,1.59,2,2025-10-26
41691706243,429,Member,Female,8.69,1,PAPER TOWELS,PAPER TOWELS & HOLDERS,8.69,9,2025-10-26
41691706243,429,Member,Female,0.63,1,TROPICAL FRUIT,BANANAS,0.63,1,2025-10-26
41691706243,429,Member,Female,3.99,1,LAUNDRY ADDITIVES,FABRIC SOFTENER LIQUID,3.99,4,2025-10-26
41691706243,429,Member,Female,2.79,1,ORAL HYGIENE PRODUCTS,TOOTHPASTE,2.79,3,2025-10-26
41691706243,429,Member,Female,2.79,1,ORAL HYGIENE PRODUCTS,TOOTHPASTE,2.79,3,2025-10-26
41691706243,429,Member,Female,7.99,1,BATH TISSUES,TOILET TISSUE,7.99,8,2025-10-26
41691706243,429,Member,Female,1.98,1,COUPONS/STORE & MFG,COUPONS/STORE & MFG,1.98,2,2025-10-26
41691706243,429,Member,Female,1.59,2,FACIAL TISS/DNR NAPKIN,FACIAL TISSUE & PAPER HANDKE,3.18,3,2025-10-26
41691706243,429,Member,Female,2.0,1,COOKIES/CONES,PREMIUM COOKIES (EX: PEPPERIDG,2.0,2,2025-10-26
41691706243,429,Member,Female,2.0,1,COOKIES/CONES,PREMIUM COOKIES (EX: PEPPERIDG,2.0,2,2025-10-26
41691706243,429,Member,Female,2.0,1,COOKIES/CONES,PREMIUM COOKIES (EX: PEPPERIDG,2.0,2,2025-10-26
41691706243,429,Member,Female,2.99,1,PNT BTR/JELLY/JAMS,PEANUT BUTTER,2.99,3,2025-10-26
41691706243,429,Member,Female,2.5,1,HOUSEHOLD CLEANG NEEDS,FLOOR - DILUTABLES,2.5,2,2025-10-26
41691803257,401,Member,Male,1.0,2,BAKED BREAD/BUNS/ROLLS,MAINSTREAM WHEAT/MULTIGRAIN BR,2.0,2,2025-10-28
41691803257,401,Member,Male,0.79,1,CONDIMENTS/SAUCES,BBQ SAUCE,0.79,1,2025-10-28
41691803257,401,Member,Male,1.99,1,SOFT DRINKS,SOFT DRINKS 12/18&15PK CAN CAR,1.99,2,2025-10-28
41691803257,401,Member,Male,1.79,1,COLD CEREAL,ADULT CEREAL,1.79,2,2025-10-28
41691803257,401,Member,Male,0.0,1,LUNCHMEAT,POULTRY,0.0,0,2025-10-28
41691803257,401,Member,Male,1.2,1,FLUID MILK PRODUCTS,FLUID MILK WHITE ONLY,1.2,1,2025-10-28
41691803257,401,Member,Male,0.44,2,VEGETABLES - SHELF STABLE,PEAS GREEN,0.88,1,2025-10-28
41691803257,401,Member,Male,0.5,2,CANDY - PACKAGED,SEASONAL MISCELLANEOUS,1.0,1,2025-10-28
41691803257,401,Member,Male,1.09,1,BATH TISSUES,TOILET TISSUE,1.09,1,2025-10-28
41691803257,401,Member,Male,3.99,1,LUNCHMEAT,POULTRY,3.99,4,2025-10-28
41691803257,401,Member,Male,3.725,2,PORK,ENHANCED,7.45,7,2025-10-28
41704415470,340,Member,Male,4.76,1,CIGARETTES,CIGARETTES,4.76,5,2025-10-28
41704415470,340,Member,Male,2.0,1,FRZN NOVELTIES/WTR ICE,STICKS/ENROBED,2.0,2,2025-10-28
41704415470,340,Member,Male,1.0,1,CRACKERS/MISC BKD FD,SOUP CRACKERS (SALTINE/OYSTER),1.0,1,2025-10-28
41704415470,340,Member,Male,5.88,1,DIAPERS & DISPOSABLES,BABY DIAPERS,5.88,6,2025-10-28
41704415470,340,Member,Male,3.02,1,SEAFOOD-FRESH,SEAFOOD-FRE-CATFISH,3.02,3,2025-10-28
41704415470,340,Member,Male,2.29,1,BAKED BREAD/BUNS/ROLLS,MAINSTREAM WHITE BREAD,2.29,2,2025-10-28
41717356711,446,Member,Female,0.99,1,PEPPERS-ALL,PEPPERS GREEN BELL,0.99,1,2025-10-29
41717356711,446,Member,Female,2.59,1,FROZEN BREAD/DOUGH,FRZN GARLIC BREAD/TOAST/STICKS,2.59,3,2025-10-29
41717356711,446,Member,Female,0.75,1,CANDY - CHECKLANE,CHEWING GUM,0.75,1,2025-10-29
41717356711,446,Member,Female,0.74,1,CANDY - CHECKLANE,CHEWING GUM,0.74,1,2025-10-29
41717356711,446,Member,Female,1.5,1,FRZN VEGETABLE/VEG DSH,FRZN BOXED VEGETABLES - PLAIN,1.5,2,2025-10-29
41717691729,318,Member,Male,1.5,1,DRY BN/VEG/POTATO/RICE,DRY BEANS/PEAS/BARLEY: BAG & B,1.5,2,2025-10-29
41730418444,408,Member,Female,3.99,1,CHEESE,LOAF CHEESE,3.99,4,2025-10-30
41730418444,408,Member,Female,1.2,1,FLUID MILK PRODUCTS,CHOCOLATE MILK,1.2,1,2025-10-30
41730418444,408,Member,Female,1.99,2,FRZN JCE CONC/DRNKS,FRZN CONC ALLIEDS OVER 50% JUI,3.98,4,2025-10-30
41730418444,408,Member,Female,2.5,1,WATER - CARBONATED/FLVRD DRINK,NON-CARB FLVRD DRNKNG/MNRL WAT,2.5,2,2025-10-30
41730418444,408,Member,Female,1.98,1,COOKIES/CONES,TRAY PACK/CHOC CHIP COOKIES,1.98,2,2025-10-30
41730418444,408,Member,Female,4.99,1,COFFEE,GROUND FLVR REG COFFEE,4.99,5,2025-10-30
41730418444,408,Member,Female,1.49,1,SEAFOOD - MISC,SEAFOOD-MISC-SAUCES/MARIN-DRY,1.49,1,2025-10-30
41730418444,408,Member,Female,0.79,1,PROCESSED,PROCESSED OTHER,0.79,1,2025-10-30
41730418444,408,Member,Female,0.5,4,CANDY - PACKAGED,SEASONAL MISCELLANEOUS,2.0,2,2025-10-30
41730418444,408,Member,Female,2.0,1,FRZN NOVELTIES/WTR ICE,STICKS/ENROBED,2.0,2,2025-10-30
41730418444,408,Member,Female,1.2,1,FLUID MILK PRODUCTS,FLUID MILK WHITE ONLY,1.2,1,2025-10-30
41730418444,408,Member,Female,2.5,1,WATER - CARBONATED/FLVRD DRINK,NON-CARB FLVRD DRNKNG/MNRL WAT,2.5,2,2025-10-30
41730418444,408,Member,Female,1.88,1,BAG SNACKS,TORTILLA/NACHO CHIPS,1.88,2,2025-10-30
41730418444,408,Member,Female,2.99,1,MAGAZINE,TV/MOVIE-MAGAZINE,2.99,3,2025-10-30
41730418444,408,Member,Female,0.4,2,YOGURT,YOGURT NOT MULTI-PACKS,0.8,1,2025-10-30
41730418444,408,Member,Female,0.99,1,BAG SNACKS,MISC BAG SNACKS,0.99,1,2025-10-30
41730418444,408,Member,Female,14.99,2,FROZEN - BOXED(GROCERY),SEAFOOD-FRZ-MISC,29.98,30,2025-10-30
41730418444,408,Member,Female,2.5,1,CHEESE,STRING CHEESE,2.5,2,2025-10-30
41730418444,408,Member,Female,1.0,2,CANDLES/ACCESSORIES,CANDLES,2.0,2,2025-10-30
41730418444,408,Member,Female,1.0,2,CANDLES/ACCESSORIES,CANDLES,2.0,2,2025-10-30
41730468182,330,Member,Male,0.0018889784404593,9926,COUPON/MISC ITEMS,GASOLINE-REG UNLEADED,18.75,19,2025-10-30
41730817753,338,Normal,Female,1.79,1,REFRIGERATED,TOFU,1.79,2,2025-10-30
41730817753,338,Normal,Female,1.89,1,MILK BY-PRODUCTS,RICOTTA CHEESE,1.89,2,2025-10-30
41730817753,338,Normal,Female,2.5,1,POTATOES,POTATOES RED (BULK&BAG),2.5,2,2025-10-30
41730817753,338,Normal,Female,0.44,2,VEGETABLES - SHELF STABLE,CARROTS,0.88,1,2025-10-30
41730817753,338,Normal,Female,1.25,1,DRY NOODLES/PASTA,NOODLES DRY,1.25,1,2025-10-30
41730817753,338,Normal,Female,1.59,1,SOUP,CONDENSED SOUP,1.59,2,2025-10-30
41730817753,338,Normal,Female,1.67,1,FRUIT - SHELF STABLE,FRUIT BOWL AND CUPS,1.67,2,2025-10-30
41730817753,338,Normal,Female,1.0,4,MEAT - SHELF STABLE,PASTA: CANNED,4.0,4,2025-10-30
41730817753,338,Normal,Female,0.44,2,VEGETABLES - SHELF STABLE,POTATOES WHITE,0.88,1,2025-10-30
41730817753,338,Normal,Female,0.79,1,STONE FRUIT,PEACHES YELLOW FLESH,0.79,1,2025-10-30
41730817753,338,Normal,Female,0.99,1,CARROTS,CARROTS BAGGED,0.99,1,2025-10-30
41730817753,338,Normal,Female,2.0,1,FRZN BREAKFAST FOODS,FRZN BREAKFAST PASTRY,2.0,2,2025-10-30
41730817753,338,Normal,Female,1.79,1,PASTA SAUCE,MAINSTREAM,1.79,2,2025-10-30
41730817753,338,Normal,Female,1.5,1,CONDIMENTS/SAUCES,CHILI SAUCE COCKTAIL SAUCE,1.5,2,2025-10-30
41730817753,338,Normal,Female,4.68,1,BEEF,CHOICE BEEF,4.68,5,2025-10-30
41730817753,338,Normal,Female,1.67,2,FRUIT - SHELF STABLE,FRUIT BOWL AND CUPS,3.34,3,2025-10-30
41730817753,338,Normal,Female,0.44,2,VEGETABLES - SHELF STABLE,BEANS GREEN: FS/WHL/CUT,0.88,1,2025-10-30
41730817753,338,Normal,Female,2.19,1,SEAFOOD - FROZEN,SEAFOOD-FRZ-IQF RAW SHRIMP RW,2.19,2,2025-10-30
41730817753,338,Normal,Female,1.59,2,DRY SAUCES/GRAVY,GRAVY CAN/GLASS,3.18,3,2025-10-30
41730817753,338,Normal,Female,1.66,1,FRUIT - SHELF STABLE,FRUIT BOWL AND CUPS,1.66,2,2025-10-30
41730817753,338,Normal,Female,1.49,1,DRY NOODLES/PASTA,NOODLES DRY,1.49,1,2025-10-30
41730817753,338,Normal,Female,4.49,1,ONIONS,ONIONS WHITE (BULK&BAG),4.49,4,2025-10-30
41730817753,338,Normal,Female,1.5,1,CONDIMENTS/SAUCES,CHILI SAUCE COCKTAIL SAUCE,1.5,2,2025-10-30
41730817753,338,Normal,Female,0.99,3,SOUP,BROTH,2.97,3,2025-10-30
41730817753,338,Normal,Female,1.67,1,PASTA SAUCE,MAINSTREAM,1.67,2,2025-10-30
41730817753,338,Normal,Female,3.99,1,SEAFOOD - FROZEN,SEAFOOD-FRZ-IQF RAW SHRIMP RW,3.99,4,2025-10-30
41730817753,338,Normal,Female,0.75,1,FIRST AID PRODUCTS,LINAMENTS,0.75,1,2025-10-30
41730817753,338,Normal,Female,3.49,1,APPLES,APPLES GALA (BULK&BAG),3.49,3,2025-10-30
41730817753,338,Normal,Female,2.5,1,FRZN VEGETABLE/VEG DSH,FRZN BAGGED VEGETABLES - PLAIN,2.5,2,2025-10-30
41730817753,338,Normal,Female,1.99,1,FD WRAPS/BAGS/TRSH BG,COOKING BAGS,1.99,2,2025-10-30
41730817753,338,Normal,Female,2.0,1,COOKIES/CONES,MULTI-PACK COOKIES,2.0,2,2025-10-30
41730817753,338,Normal,Female,2.19,1,FRUIT - SHELF STABLE,FRUIT BOWL AND CUPS,2.19,2,2025-10-30
41730817753,338,Normal,Female,2.19,1,FRUIT - SHELF STABLE,FRUIT BOWL AND CUPS,2.19,2,2025-10-30
41730817753,338,Normal,Female,3.99,1,MAGAZINE,TEEN-MAGAZINE,3.99,4,2025-10-30
41730817753,338,Normal,Female,1.99,1,VALENTINE,VALENTINE TRAY PACK CARDS,1.99,2,2025-10-30
41756171749,34011,Member,Female,2.0,1,PASTA SAUCE,MAINSTREAM,2.0,2,2025-11-01
41756171749,34011,Member,Female,4.47,1,DELI MEATS,MEAT:HAM BULK,4.47,4,2025-11-01
41756171749,34011,Member,Female,7.99,1,HOUSEHOLD CLEANG NEEDS,TOOLS - FLOOR & FURNITURE,7.99,8,2025-11-01
41756171749,34011,Member,Female,3.19,1,REFRGRATD JUICES/DRNKS,DAIRY CASE 100% PURE JUICE - O,3.19,3,2025-11-01
41756171749,34011,Member,Female,0.59,1,FRZN VEGETABLE/VEG DSH,FRZN BOXED VEGETABLES - PLAIN,0.59,1,2025-11-01
41756171749,34011,Member,Female,2.49,1,ELECTRICAL SUPPPLIES,NIGHT LIGHTS,2.49,2,2025-11-01
41756171749,34011,Member,Female,1.99,1,VEGETABLES - ALL OTHERS,CELERY,1.99,2,2025-11-01
41756171749,34011,Member,Female,0.89,1,MAKEUP AND TREATMENT,IMPLEMENTS SETS,0.89,1,2025-11-01
41756171749,34011,Member,Female,1.19,1,BREAD,BREAD:ITALIAN/FRENCH,1.19,1,2025-11-01
41756171749,34011,Member,Female,2.89,1,FLUID MILK PRODUCTS,FLUID MILK WHITE ONLY,2.89,3,2025-11-01
41756171749,34011,Member,Female,1.0,1,MILK BY-PRODUCTS,COTTAGE CHEESE,1.0,1,2025-11-01
41756171749,34011,Member,Female,10.43,1,PERSONAL CARE APPLIANCES,HAIR DRYERS STYLERS SETTER,10.43,10,2025-11-01
41756171749,34011,Member,Female,1.25,1,CHEESE,SHREDDED CHEESE,1.25,1,2025-11-01
41756171749,34011,Member,Female,2.5,1,TOMATOES,TOMATOES GRAPE,2.5,2,2025-11-01
41756171749,34011,Member,Female,3.79,1,BAKING MIXES,MISCELLANEOUS PACKAGE MIXES,3.79,4,2025-11-01
41756171749,34011,Member,Female,5.49,1,AIR CARE,AIR CARE - CONTINUOUS ACTION,5.49,5,2025-11-01
41756171749,34011,Member,Female,5.0,1,SOAP - LIQUID & BAR,BAR SOAP,5.0,5,2025-11-01
41756171749,34011,Member,Female,2.99,1,SALD DRSNG/SNDWCH SPRD,POURABLE SALAD DRESSINGS,2.99,3,2025-11-01
41756171749,34011,Member,Female,1.0,1,CRACKERS/MISC BKD FD,CHEESE CRACKERS (CHEEZ-ITS/GOL,1.0,1,2025-11-01
41756171749,34011,Member,Female,2.0,1,COOKIES/CONES,TRAY PACK/CHOC CHIP COOKIES,2.0,2,2025-11-01
41756171749,34011,Member,Female,1.25,1,CHEESE,NATURAL CHEESE EXACT WT SLICES,1.25,1,2025-11-01
41756171749,34011,Member,Female,4.79,1,ROLLS,ROLLS: DINNER,4.79,5,2025-11-01
41756171749,34011,Member,Female,2.5,1,HOUSEHOLD CLEANG NEEDS,TOOLS - FLOOR & FURNITURE,2.5,2,2025-11-01
41756171749,34011,Member,Female,1.25,1,DRY NOODLES/PASTA,NOODLES DRY,1.25,1,2025-11-01
41756171749,34011,Member,Female,4.49,1,BROOMS AND MOPS,SHELF LINERS,4.49,4,2025-11-01
41756171749,34011,Member,Female,1.88,1,BAG SNACKS,POTATO CHIPS,1.88,2,2025-11-01
41810018549,34011,Normal,Male,1.0,4,MEAT - SHELF STABLE,PASTA: CANNED,4.0,4,2025-11-06
41810018549,34011,Normal,Male,1.79,2,SOFT DRINKS,SFT DRNK 2 LITER BTL CARB INCL,3.58,4,2025-11-06
41810018549,34011,Normal,Male,1.99,2,LUNCHMEAT,LUNCH COMBO,3.98,4,2025-11-06
41810018549,34011,Normal,Male,1.39,3,MEAT - SHELF STABLE,PASTA: CANNED,4.17,4,2025-11-06
41810018549,34011,Normal,Male,0.17,3,SOUP,RAMEN NOODLES/RAMEN CUPS,0.51,1,2025-11-06
41810018549,34011,Normal,Male,0.69,2,FRZN JCE CONC/DRNKS,FRZN CONC UNDER 50% JUICE,1.38,1,2025-11-06
41810018549,34011,Normal,Male,1.62,1,EGGS,EGGS - LARGE,1.62,2,2025-11-06
41810018549,34011,Normal,Male,0.5,2,SOUP,RAMEN NOODLES/RAMEN CUPS,1.0,1,2025-11-06
41810018549,34011,Normal,Male,2.5,2,BREAKFAST SAUSAGE/SANDWICHES,LINKS - RAW,5.0,5,2025-11-06
41810018549,34011,Normal,Male,4.59,1,CRACKERS/MISC BKD FD,MULTI-PACK CRACKERS,4.59,5,2025-11-06
41810018549,34011,Normal,Male,1.0,2,SOFT DRINKS,SFT DRNK 2 LITER BTL CARB INCL,2.0,2,2025-11-06
41810018549,34011,Normal,Male,3.39,1,CANNED JUICES,PRUNE JUICE (OVER 50% JUICE),3.39,3,2025-11-06
41810018549,34011,Normal,Male,3.06,1,REFRGRATD JUICES/DRNKS,DAIRY CASE 100% PURE JUICE - O,3.06,3,2025-11-06
41810018549,34011,Normal,Male,2.5,3,FRZN BREAKFAST FOODS,FRZN BREAKFAST ENTREES/SANDWIC,7.5,8,2025-11-06
41810018549,34011,Normal,Male,1.67,1,FRUIT - SHELF STABLE,FRUIT BOWL AND CUPS,1.67,2,2025-11-06
41865436280,448,Normal,Female,0.61,1,SOFT DRINKS,SFT DRNK 2 LITER BTL CARB INCL,0.61,1,2025-11-09
41865436280,448,Normal,Female,1.67,1,CHEESE,SHREDDED CHEESE,1.67,2,2025-11-09
41865436280,448,Normal,Female,2.5,1,BREAKFAST SAUSAGE/SANDWICHES,LINKS - RAW,2.5,2,2025-11-09
41865436280,448,Normal,Female,0.61,1,SOFT DRINKS,SFT DRNK 2 LITER BTL CARB INCL,0.61,1,2025-11-09
41865757282,402,Member,Female,1.49,1,DRY BN/VEG/POTATO/RICE,NOODLE SIDE DISH MIXES,1.49,1,2025-11-09
41865757282,402,Member,Female,2.57,1,CHICKEN,CHICKEN BREAST BONELESS,2.57,3,2025-11-09
41891457409,450,Member,Female,0.69,2,DRY SAUCES/GRAVY,SAUCE MIXES GRAVY MIXES DRY,1.38,1,2025-11-11
41891457409,450,Member,Female,1.49,2,VEGETABLES - SHELF STABLE,TOMATO SAUCE,2.98,3,2025-11-11
41891457409,450,Member,Female,1.5,1,BAKED BREAD/BUNS/ROLLS,DINNER ROLLS,1.5,2,2025-11-11
41891457409,450,Member,Female,2.49,1,SOUP,CONDENSED SOUP,2.49,2,2025-11-11
41891457409,450,Member,Female,1.01,1,ONIONS,ONIONS SWEET (BULK&BAG),1.01,1,2025-11-11
41891457409,450,Member,Female,0.99,1,PEPPERS-ALL,PEPPERS GREEN BELL,0.99,1,2025-11-11
41891457409,450,Member,Female,8.45,2,BEEF,LEAN,16.9,17,2025-11-11
41891457409,450,Member,Female,2.49,3,SOUP,CONDENSED SOUP,7.47,7,2025-11-11
41891457409,450,Member,Female,1.29,6,SOUP,CONDENSED SOUP,7.74,8,2025-11-11
41891457409,450,Member,Female,0.56,1,TROPICAL FRUIT,BANANAS,0.56,1,2025-11-11
41891457409,450,Member,Female,3.89,1,DRY BN/VEG/POTATO/RICE,POTATOES: DRY,3.89,4,2025-11-11
41891457409,450,Member,Female,1.5,1,BAKED BREAD/BUNS/ROLLS,DINNER ROLLS,1.5,2,2025-11-11
41891457409,450,Member,Female,1.39,1,BAKING NEEDS,BREADINGS  COATINGS CRUMBS,1.39,1,2025-11-11
41917538313,31862,Member,Male,1.0,2,SOFT DRINKS,TEA SWEETENED,2.0,2,2025-11-13
41917850742,382,Member,Female,1.99,2,GREETING CARDS/WRAP/PARTY SPLY,PARTY EVERYDAY,3.98,4,2025-11-13
41918136274,415,Normal,Male,0.002,5000,COUPON/MISC ITEMS,GASOLINE-REG UNLEADED,10.0,10,2025-11-13
41931368365,374,Member,Male,1.88,1,BAG SNACKS,TORTILLA/NACHO CHIPS,1.88,2,2025-11-14
41931368365,374,Member,Male,0.88,1,CHEESE,CREAM CHEESE,0.88,1,2025-11-14
41931368365,374,Member,Male,3.99,1,COOKWARE & BAKEWARE,GLASS BAKEWARE,3.99,4,2025-11-14
41931368365,374,Member,Male,1.77,1,MEAT - SHELF STABLE,CHILI: CANNED,1.77,2,2025-11-14
41931368365,374,Member,Male,2.99,1,CHEESE,SHREDDED CHEESE,2.99,3,2025-11-14
41931368365,374,Member,Male,5.99,1,FROZEN PIE/DESSERTS,FROZEN CREAM PIES,5.99,6,2025-11-14
41931587327,321,Member,Male,2.99,1,CHEESE,GRATED CHEESE,2.99,3,2025-11-14
41931587327,321,Member,Male,1.89,1,CHEESE,CREAM CHEESE,1.89,2,2025-11-14
41931587327,321,Member,Male,1.29,1,EGGS,EGGS - LARGE,1.29,1,2025-11-14
41931587327,321,Member,Male,0.59,2,PAPER TOWELS,PAPER TOWELS & HOLDERS,1.18,1,2025-11-14
41931587327,321,Member,Male,1.33,1,SOFT DRINKS,SFT DRNK 2 LITER BTL CARB INCL,1.33,1,2025-11-14
41931587327,321,Member,Male,1.2,1,FLUID MILK PRODUCTS,FLUID MILK WHITE ONLY,1.2,1,2025-11-14
41931587327,321,Member,Male,1.69,4,HISPANIC,AUTHENTIC JAPANESE FOODS,6.76,7,2025-11-14
41931587327,321,Member,Male,4.99,1,FRZN MEAT/MEAT DINNERS,FRZN BREADED PREPARED CHICK,4.99,5,2025-11-14
41931587327,321,Member,Male,1.25,2,FRZN VEGETABLE/VEG DSH,FRZN BOXED VEGETABLES- VALUE A,2.5,2,2025-11-14
41931587327,321,Member,Male,1.25,2,FRZN VEGETABLE/VEG DSH,FRZN BOXED VEGETABLES- VALUE A,2.5,2,2025-11-14
41931587327,321,Member,Male,1.25,2,FRZN VEGETABLE/VEG DSH,FRZN BOXED VEGETABLES- VALUE A,2.5,2,2025-11-14
41931587327,321,Member,Male,2.0,1,SALD DRSNG/SNDWCH SPRD,SEMI-SOLID SALAD DRESSING MAY,2.0,2,2025-11-14
41944926146,443,Member,Female,2.54,1,CHEESES,CHEESE: PROCESSED BULK,2.54,3,2025-11-15
41944926146,443,Member,Female,0.89,1,TEAS,TEA BAGS & BULK TEA,0.89,1,2025-11-15
41944926146,443,Member,Female,2.99,1,ONIONS,ONIONS YELLOW (BULK&BAG),2.99,3,2025-11-15
41944926146,443,Member,Female,3.32,1,SMOKED MEATS,BACON - BELLY/JOWL,3.32,3,2025-11-15
41944926146,443,Member,Female,1.86,1,CANNED JUICES,FRUIT DRINKS: CANNED & GLASS (,1.86,2,2025-11-15
41944926146,443,Member,Female,1.51,1,GRAPES,GRAPES WHITE,1.51,2,2025-11-15
41944926146,443,Member,Female,2.19,1,MARGARINES,MARGARINE: TUBS AND BOWLS,2.19,2,2025-11-15
41944926146,443,Member,Female,3.99,1,BACON,ECONOMY,3.99,4,2025-11-15
41944926146,443,Member,Female,2.99,1,POTATOES,POTATOES RUSSET (BULK&BAG),2.99,3,2025-11-15
41944926146,443,Member,Female,1.67,1,REFRGRATD JUICES/DRNKS,DAIRY CASE 100% PURE JUICE - O,1.67,2,2025-11-15
41944926146,443,Member,Female,2.0,1,BAKED BREAD/BUNS/ROLLS,HAMBURGER BUNS,2.0,2,2025-11-15
41944926146,443,Member,Female,2.09,1,BAKED BREAD/BUNS/ROLLS,MAINSTREAM WHITE BREAD,2.09,2,2025-11-15
41944926146,443,Member,Female,0.89,1,BEANS - CANNED GLASS & MW,PREPARED BEANS - BAKED W/PORK,0.89,1,2025-11-15
41944926146,443,Member,Female,1.29,2,BAKED SWEET GOODS,SWEET GOODS - FULL SIZE,2.58,3,2025-11-15
41944926146,443,Member,Female,1.67,2,CHEESE,SHREDDED CHEESE,3.34,3,2025-11-15
41944926146,443,Member,Female,3.6,1,BEEF,PRIMAL,3.6,4,2025-11-15
41944926146,443,Member,Female,1.99,1,CHEESE,LOAF CHEESE,1.99,2,2025-11-15
41944926146,443,Member,Female,3.49,1,CRACKERS/MISC BKD FD,BUTTER SPRAY CRACKER (RITZ/CLU,3.49,3,2025-11-15
41944926146,443,Member,Female,1.29,1,SOUP,CONDENSED SOUP,1.29,1,2025-11-15
41944926146,443,Member,Female,1.13,1,TROPICAL FRUIT,BANANAS,1.13,1,2025-11-15
41944926146,443,Member,Female,1.0,1,MEAT - SHELF STABLE,SANDWICH SAUCE,1.0,1,2025-11-15
41944926146,443,Member,Female,4.58,1,DELI MEATS,MEAT: LUNCHMEAT BULK,4.58,5,2025-11-15
41944926146,443,Member,Female,2.19,3,SEAFOOD - SHELF STABLE,TUNA,6.57,7,2025-11-15
41944926146,443,Member,Female,1.2,1,FLUID MILK PRODUCTS,FLUID MILK WHITE ONLY,1.2,1,2025-11-15
41944926146,443,Member,Female,7.53,1,PORK,ENHANCED,7.53,8,2025-11-15
41944936586,420,Normal,Female,1.0,1,PAPER HOUSEWARES,PAPER AND FOAM DRINKING CUPS,1.0,1,2025-11-15
41944936586,420,Normal,Female,1.2,1,FLUID MILK PRODUCTS,CHOCOLATE MILK,1.2,1,2025-11-15
41944936586,420,Normal,Female,1.0,1,BREAKFAST SWEETS,SW GDS:DONUTS,1.0,1,2025-11-15
41944936586,420,Normal,Female,2.5,1,ICE CREAM/MILK/SHERBTS,PREMIUM,2.5,2,2025-11-15
41944936586,420,Normal,Female,0.71,1,TROPICAL FRUIT,BANANAS,0.71,1,2025-11-15
41944936586,420,Normal,Female,3.0,1,FRZN MEAT/MEAT DINNERS,FRZN MULTI SERVE ENTREES ALL,3.0,3,2025-11-15
41944936586,420,Normal,Female,1.2,2,FLUID MILK PRODUCTS,FLUID MILK WHITE ONLY,2.4,2,2025-11-15
41944936586,420,Normal,Female,1.32,1,PAPER HOUSEWARES,FOAM PLATES,1.32,1,2025-11-15
41944936586,420,Normal,Female,2.5,1,ICE CREAM/MILK/SHERBTS,PREMIUM,2.5,2,2025-11-15
41944936586,420,Normal,Female,1.69,1,PAPER HOUSEWARES,FOAM PLATES,1.69,2,2025-11-15
41944936586,420,Normal,Female,2.99,1,SNACKS,SNACKS: SALTY,2.99,3,2025-11-15
41983410623,327,Member,Male,2.0,1,SHORTENING/OIL,CANOLA OILS,2.0,2,2025-11-18
41983410623,327,Member,Male,1.2,1,FLUID MILK PRODUCTS,FLUID MILK WHITE ONLY,1.2,1,2025-11-18
41983410623,327,Member,Male,1.0,2,SOFT DRINKS,SFT DRNK 2 LITER BTL CARB INCL,2.0,2,2025-11-18
41983410623,327,Member,Male,0.99,1,CARROTS,CARROTS BAGGED,0.99,1,2025-11-18
41983410623,327,Member,Male,1.55,1,COOKIES/CONES,CHOCOLATE COVERED COOKIES,1.55,2,2025-11-18
41983410623,327,Member,Male,1.64,1,PNT BTR/JELLY/JAMS,JELLY,1.64,2,2025-11-18
41983410623,327,Member,Male,2.5,1,SNACK NUTS,VAC PAC NUTS(CANS),2.5,2,2025-11-18
41983410623,327,Member,Male,1.59,1,BAKING NEEDS,CORN STARCH,1.59,2,2025-11-18
41983410623,327,Member,Male,2.5,1,WATER - CARBONATED/FLVRD DRINK,SPRING WATER,2.5,2,2025-11-18
41983410623,327,Member,Male,1.43,1,EGGS,EGGS - X-LARGE,1.43,1,2025-11-18
41983410623,327,Member,Male,3.88,1,STONE FRUIT,PEACHES YELLOW FLESH,3.88,4,2025-11-18
41983410623,327,Member,Male,1.11,1,VEGETABLES - ALL OTHERS,CABBAGE,1.11,1,2025-11-18
41983410623,327,Member,Male,1.69,1,PAPER TOWELS,PAPER TOWELS & HOLDERS,1.69,2,2025-11-18
41983410623,327,Member,Male,2.54,1,FLOUR & MEALS,FLOUR: WHITE & SELF RISING,2.54,3,2025-11-18
41983455377,447,Normal,Female,5.35,2,DELI MEATS,MEAT:HAM BULK,10.7,11,2025-11-18
41983455377,447,Normal,Female,1.0,6,SOFT DRINKS,SFT DRNK 2 LITER BTL CARB INCL,6.0,6,2025-11-18
41983455377,447,Normal,Female,2.5,1,BLEACH,SOIL & STAIN REMOVER,2.5,2,2025-11-18
41983455377,447,Normal,Female,4.415,2,CHEESES,CHEESE: NATURAL BULK,8.83,9,2025-11-18
41997228678,2783,Normal,Female,8.99,1,BEERS/ALES,BEERALEMALT LIQUORS,8.99,9,2025-11-19
41997228678,2783,Normal,Female,17.99,1,BEERS/ALES,BEERALEMALT LIQUORS,17.99,18,2025-11-19
41997228678,2783,Normal,Female,12.99,1,BEERS/ALES,BEERALEMALT LIQUORS,12.99,13,2025-11-19
42009340971,315,Member,Female,1.2,1,FLUID MILK PRODUCTS,FLUID MILK WHITE ONLY,1.2,1,2025-11-20
42009340971,315,Member,Female,3.29,1,REFRGRATD JUICES/DRNKS,DAIRY CASE 100% PURE JUICE - O,3.29,3,2025-11-20
42009340971,315,Member,Female,3.99,1,SNACK NUTS,VAC PAC NUTS(CANS),3.99,4,2025-11-20
42009340971,315,Member,Female,2.5,1,BAG SNACKS,POTATO CHIPS,2.5,2,2025-11-20
42009340971,315,Member,Female,2.99,1,BAG SNACKS,TORTILLA/NACHO CHIPS,2.99,3,2025-11-20
42009340971,315,Member,Female,1.79,1,BAKED BREAD/BUNS/ROLLS,MAINSTREAM WHEAT/MULTIGRAIN BR,1.79,2,2025-11-20
42009386613,292,Normal,Male,3.59,1,BAG SNACKS,POTATO CHIPS,3.59,4,2025-11-20
42009386613,292,Normal,Male,3.59,1,BAG SNACKS,MULT PK BAG SNACKS,3.59,4,2025-11-20
42009425939,34280,Member,Female,3.29,1,REFRGRATD JUICES/DRNKS,DAIRY CASE 100% PURE JUICE - O,3.29,3,2025-11-20
42009425939,34280,Member,Female,12.49,1,BEERS/ALES,BEERALEMALT LIQUORS,12.49,12,2025-11-20
42009425939,34280,Member,Female,6.89,1,FROZEN MEAT,FRZN BREADED PREPARED CHICK,6.89,7,2025-11-20
42009425939,34280,Member,Female,2.5,1,CHIPS&SNACKS,GOURMET CHIPS (TERRA),2.5,2,2025-11-20
42009425939,34280,Member,Female,1.97,1,PEARS,PEARS ANJOU,1.97,2,2025-11-20
42009425939,34280,Member,Female,2.49,1,PASTA SAUCE,MAINSTREAM,2.49,2,2025-11-20
42009425939,34280,Member,Female,3.29,1,COOKIES/CONES,GRAHAM CRACKERS,3.29,3,2025-11-20
42009425939,34280,Member,Female,1.15,1,CHEESES,CHEESE: NATURAL BULK,1.15,1,2025-11-20
42009425939,34280,Member,Female,8.74,1,DELI MEATS,MEAT: BEEF BULK,8.74,9,2025-11-20
42009425939,34280,Member,Female,1.55,1,UNKNOWN,ORGANIC APPLES,1.55,2,2025-11-20
42009425939,34280,Member,Female,2.5,1,COLD CEREAL,ADULT CEREAL,2.5,2,2025-11-20
42009425939,34280,Member,Female,2.5,1,SNACK NUTS,DRY ROAST NUTS,2.5,2,2025-11-20
42009425939,34280,Member,Female,3.09,1,FLUID MILK PRODUCTS,FLUID MILK WHITE ONLY,3.09,3,2025-11-20
42009425939,34280,Member,Female,2.96,1,CRACKERS/MISC BKD FD,CHEESE CRACKERS (CHEEZ-ITS/GOL,2.96,3,2025-11-20
42009425939,34280,Member,Female,0.89,2,WATER - CARBONATED/FLVRD DRINK,SPRING WATER,1.78,2,2025-11-20
42009425939,34280,Member,Female,1.67,1,SOUP,RTS SOUP: CHUNKY/HOMESTYLE ET,1.67,2,2025-11-20
42009425939,34280,Member,Female,2.92,1,FLUID MILK PRODUCTS,FLUID MILK WHITE ONLY,2.92,3,2025-11-20
42009425939,34280,Member,Female,0.93,1,TROPICAL FRUIT,BANANAS,0.93,1,2025-11-20
42009425939,34280,Member,Female,2.5,1,BAKED BREAD/BUNS/ROLLS,ENGLISH MUFFINS/WAFFLES,2.5,2,2025-11-20
42009425939,34280,Member,Female,3.49,1,REFRIGERATED,YOGURT,3.49,3,2025-11-20
42009425939,34280,Member,Female,1.67,1,SOUP,RTS SOUP: CHUNKY/HOMESTYLE ET,1.67,2,2025-11-20
42009425939,34280,Member,Female,2.19,2,BABY HBC,BABY WIPES,4.38,4,2025-11-20
42009425939,34280,Member,Female,1.8,1,CHEESES,CHEESE: NATURAL BULK,1.8,2,2025-11-20
42009425939,34280,Member,Female,2.5,2,CHEESE,STRING CHEESE,5.0,5,2025-11-20
42009425939,34280,Member,Female,2.29,1,ORGANICS FRUIT & VEGETABLES,ORGANIC CARROTS,2.29,2,2025-11-20
42009425939,34280,Member,Female,4.49,1,YOGURT,YOGURT MULTI-PACKS,4.49,4,2025-11-20
42009425939,34280,Member,Female,8.79,1,BEERS/ALES,BEERALEMALT LIQUORS,8.79,9,2025-11-20
42009425939,34280,Member,Female,4.19,1,SOFT DRINKS,SOFT DRINKS 12/18&15PK CAN CAR,4.19,4,2025-11-20
42009425939,34280,Member,Female,2.99,1,BAG SNACKS,MISC BAG SNACKS,2.99,3,2025-11-20
42009425939,34280,Member,Female,5.93,1,SEAFOOD-FRESH,SEAFOOD-FRE-SALMON,5.93,6,2025-11-20
42009425939,34280,Member,Female,10.19,1,ELECTRICAL SUPPPLIES,EXTENSION CORDS,10.19,10,2025-11-20
42031135175,365,Member,Male,1.29,1,EGGS,EGGS - X-LARGE,1.29,1,2025-11-21
42039264524,335,Member,Male,1.99,1,BREAD,BREAD:SAVORY/SPECIALTY,1.99,2,2025-11-22
42049436259,340,Normal,Male,3.69,1,GREETING CARDS/WRAP/PARTY SPLY,CARDS SEASONAL,3.69,4,2025-11-23
42049436259,340,Normal,Male,2.99,1,GREETING CARDS/WRAP/PARTY SPLY,CARDS SEASONAL,2.99,3,2025-11-23
42049436259,340,Normal,Male,6.99,1,CANDY - PACKAGED,SEASONAL CANDY BOX-CHOCOLATE,6.99,7,2025-11-23
42049781565,338,Member,Female,3.19,1,CHIPS&SNACKS,SPECIALTY SNACKS (SOYNUTS/TRAI,3.19,3,2025-11-23
42049781565,338,Member,Female,2.5,1,SWEET GOODS & SNACKS,SW GDS: BROWNIE/BAR COOKIE,2.5,2,2025-11-23
42115517454,369,Member,Male,2.69,1,ANTACIDS,ANTI-ACIDS,2.69,3,2025-11-28
42115517454,369,Member,Male,3.0,1,FRZN MEAT/MEAT DINNERS,FRZN SS PREMIUM ENTREES/DNRS/N,3.0,3,2025-11-28
42115517454,369,Member,Male,0.79,1,YOGURT,YOGURT NOT MULTI-PACKS,0.79,1,2025-11-28
42115517454,369,Member,Male,1.79,2,CHEESE,CREAM CHEESE,3.58,4,2025-11-28
42115517454,369,Member,Male,3.6,1,DELI MEATS,MEAT: TURKEY BULK,3.6,4,2025-11-28
42115517454,369,Member,Male,1.84,1,DELI MEATS,MEAT: BEEF BULK,1.84,2,2025-11-28
42115517454,369,Member,Male,3.0,1,FRZN MEAT/MEAT DINNERS,FRZN SS PREMIUM ENTREES/DNRS/N,3.0,3,2025-11-28
42115517454,369,Member,Male,3.99,1,DINNER MXS:DRY,MACARONI & CHEESE DNRS,3.99,4,2025-11-28
42115517454,369,Member,Male,1.59,1,SOUP,CONDENSED SOUP,1.59,2,2025-11-28
42115517454,369,Member,Male,3.49,1,BAG SNACKS,TORTILLA/NACHO CHIPS,3.49,3,2025-11-28
42115517454,369,Member,Male,2.43,1,PEARS,PEARS ANJOU,2.43,2,2025-11-28
42115517454,369,Member,Male,2.59,1,EYE AND EAR CARE PRODUCTS,GENERAL EYE CARE,2.59,3,2025-11-28
42115517454,369,Member,Male,1.99,1,BROCCOLI/CAULIFLOWER,BROCCOLI WHOLE&CROWNS,1.99,2,2025-11-28
42115517454,369,Member,Male,3.0,1,FRZN MEAT/MEAT DINNERS,FRZN SS PREMIUM ENTREES/DNRS/N,3.0,3,2025-11-28
42115517454,369,Member,Male,5.99,1,COFFEE,INSTANT COFFEE FLAVORED NO SWE,5.99,6,2025-11-28
42115517454,369,Member,Male,3.99,2,BEEF,ANGUS,7.98,8,2025-11-28
42115517454,369,Member,Male,1.19,1,STONE FRUIT,PLUMS,1.19,1,2025-11-28
42115517454,369,Member,Male,2.5,1,BAKED BREAD/BUNS/ROLLS,BAGELS,2.5,2,2025-11-28
42115517454,369,Member,Male,2.79,1,DELI MEATS,MEAT: LUNCHMEAT BULK,2.79,3,2025-11-28
42115517454,369,Member,Male,1.99,1,CONVENIENT BRKFST/WHLSM SNACKS,INSTANT BREAKFAST,1.99,2,2025-11-28
42115517454,369,Member,Male,2.67,2,FRZN MEAT/MEAT DINNERS,FRZN SS PREMIUM ENTREES/DNRS/N,5.34,5,2025-11-28
42115517454,369,Member,Male,1.39,1,SOUP,CONDENSED SOUP,1.39,1,2025-11-28
42115517454,369,Member,Male,3.99,1,BACON,PREMIUM,3.99,4,2025-11-28
42115517454,369,Member,Male,2.96,1,CRACKERS/MISC BKD FD,CHEESE CRACKERS (CHEEZ-ITS/GOL,2.96,3,2025-11-28
42115517454,369,Member,Male,0.79,2,YOGURT,YOGURT NOT MULTI-PACKS,1.58,2,2025-11-28
42115517454,369,Member,Male,0.24,1,TROPICAL FRUIT,BANANAS,0.24,0,2025-11-28
42115517454,369,Member,Male,2.5,1,CRACKERS/MISC BKD FD,SNACK CRACKERS,2.5,2,2025-11-28
42115517454,369,Member,Male,0.79,1,YOGURT,YOGURT NOT MULTI-PACKS,0.79,1,2025-11-28
42115517454,369,Member,Male,1.49,3,SOUP,CONDENSED SOUP,4.47,4,2025-11-28
42115517454,369,Member,Male,8.97,1,TURKEY,TURKEY BREAST BONELESS,8.97,9,2025-11-28
42115517454,369,Member,Male,2.79,2,MEAT - SHELF STABLE,CHILI: CANNED,5.58,6,2025-11-28
42115517454,369,Member,Male,3.05,1,DELI MEATS,MEAT: TURKEY BULK,3.05,3,2025-11-28
42115517454,369,Member,Male,3.19,1,BAKED BREAD/BUNS/ROLLS,PREMIUM BREAD,3.19,3,2025-11-28
42115517454,369,Member,Male,4.39,1,CHICKEN,CHICKEN BREAST BONE IN,4.39,4,2025-11-28
42115517454,369,Member,Male,2.06,1,FROZEN PIZZA,FRZN SS PREMIUM ENTREES/DNRS/N,2.06,2,2025-11-28
42115517454,369,Member,Male,2.69,1,JUICE,NON-CARB JCE(OVER 50% JCE),2.69,3,2025-11-28
42115517454,369,Member,Male,1.89,2,SOUP,RTS SOUP: CHUNKY/HOMESTYLE ET,3.78,4,2025-11-28
42115517454,369,Member,Male,1.89,2,SOUP,RTS SOUP: CHUNKY/HOMESTYLE ET,3.78,4,2025-11-28
42115517454,369,Member,Male,1.49,1,SOUP,CONDENSED SOUP,1.49,1,2025-11-28
42115517454,369,Member,Male,1.89,1,SOUP,RTS SOUP: CHUNKY/HOMESTYLE ET,1.89,2,2025-11-28
42198505360,311,Member,Male,0.79,1,SOFT DRINKS,SFT DRNK SNGL SRV BTL CARB (EX,0.79,1,2025-12-04
42198505360,311,Member,Male,0.34,1,CANDY - CHECKLANE,CANDY BARS (SINGLES)(INCLUDING,0.34,0,2025-12-04
42211840306,34280,Member,Female,7.99,1,BATH TISSUES,TOILET TISSUE,7.99,8,2025-12-05
42211840306,34280,Member,Female,0.0,0, , ,0.0,0,2025-12-05
42212080565,389,Member,Male,12.39,1,ADULT INCONTINENCE,ADULT INCONTINENCE UNDERGARMEN,12.39,12,2025-12-05
42212080565,389,Member,Male,1.2,5,FLUID MILK PRODUCTS,FLUID MILK WHITE ONLY,6.0,6,2025-12-05
42212080565,389,Member,Male,2.99,1,MELONS,CANTALOUPE WHOLE,2.99,3,2025-12-05
42212080565,389,Member,Male,2.5,1,COLD CEREAL,KIDS CEREAL,2.5,2,2025-12-05
42212080565,389,Member,Male,2.25,1,SOFT DRINKS,SOFT DRINKS 6PK/4PK CAN CARB (,2.25,2,2025-12-05
42212080565,389,Member,Male,2.5,1,REFRGRATD DOUGH PRODUCTS,REFRIGERATED COOKIES-BREAK N B,2.5,2,2025-12-05
42212080565,389,Member,Male,24.99,1,CAT FOOD,DRY CAT FOOD SUP PREM (ONE/NUT,24.99,25,2025-12-05
42229431371,372,Member,Female,0.69,2,DRY SAUCES/GRAVY,SAUCE MIXES GRAVY MIXES DRY,1.38,1,2025-12-06
42229431371,372,Member,Female,3.99,1,CHEESE,LOAF CHEESE,3.99,4,2025-12-06
42229431371,372,Member,Female,2.88,1,POTATOES,POTATOES RUSSET (BULK&BAG),2.88,3,2025-12-06
42229431371,372,Member,Female,1.19,1,SOUP,BOUILLON,1.19,1,2025-12-06
42229431371,372,Member,Female,0.89,1,CRACKERS/MISC BKD FD,SOUP CRACKERS (SALTINE/OYSTER),0.89,1,2025-12-06
42229431371,372,Member,Female,1.09,1,FLUID MILK PRODUCTS,REFRIGERATED COFFEE CREAMERS,1.09,1,2025-12-06
42229431371,372,Member,Female,1.79,1,CONDIMENTS/SAUCES,CATSUP,1.79,2,2025-12-06
42229431371,372,Member,Female,1.25,1,CHEESE,SHREDDED CHEESE,1.25,1,2025-12-06
42229431371,372,Member,Female,4.93,1,BEEF,LEAN,4.93,5,2025-12-06
42229431371,372,Member,Female,1.25,1,CHEESE,SHREDDED CHEESE,1.25,1,2025-12-06
42229431371,372,Member,Female,2.99,1,UNKNOWN,INSTORE CUT VEGETABLES,2.99,3,2025-12-06
42229431371,372,Member,Female,4.86,1,BEEF,ANGUS,4.86,5,2025-12-06
42229431371,372,Member,Female,0.39,1,VEGETABLES - SHELF STABLE,TOMATOES: STEWED/DICED/CRMD,0.39,0,2025-12-06
42250565864,445,Member,Male,2.88,2,SOFT DRINKS,SOFT DRINKS 12/18&15PK CAN CAR,5.76,6,2025-12-08
42250565864,445,Member,Male,2.8800000000000003,3,SOFT DRINKS,SOFT DRINKS 12/18&15PK CAN CAR,8.64,9,2025-12-08
42250565864,445,Member,Male,2.8800000000000003,6,SOFT DRINKS,SOFT DRINKS 12/18&15PK CAN CAR,17.28,17,2025-12-08
42250565864,445,Member,Male,2.88,2,SOFT DRINKS,SOFT DRINKS 12/18&15PK CAN CAR,5.76,6,2025-12-08
42250647834,299,Member,Male,0.59,2,CITRUS,LEMONS,1.18,1,2025-12-08
42250647834,299,Member,Male,4.62,1,COLD CEREAL,ADULT CEREAL,4.62,5,2025-12-08
42250647834,299,Member,Male,1.59,1,FD WRAPS/BAGS/TRSH BG,WAX PAPER & FREEZER PAPER,1.59,2,2025-12-08
42250647834,299,Member,Male,2.99,1,MISC. DAIRY,REFRIGERATED PASTA,2.99,3,2025-12-08
42250647834,299,Member,Male,0.5,2,CITRUS,LIMES,1.0,1,2025-12-08
42250647834,299,Member,Male,1.89,1,HISPANIC,MEXICAN SOFT TORTILLAS AND WRA,1.89,2,2025-12-08
42250647834,299,Member,Male,2.5,1,FD WRAPS/BAGS/TRSH BG,ALUMINUM FOIL,2.5,2,2025-12-08
42250647834,299,Member,Male,1.99,1,FACIAL TISS/DNR NAPKIN,PAPER NAPKINS,1.99,2,2025-12-08
42250647834,299,Member,Male,3.89,1,BAKED BREAD/BUNS/ROLLS,MAIN MEAL BREAD,3.89,4,2025-12-08
42250647834,299,Member,Male,1.94,1,FLUID MILK PRODUCTS,FLUID MILK WHITE ONLY,1.94,2,2025-12-08
42250647834,299,Member,Male,0.79,1,TROPICAL FRUIT,BANANAS,0.79,1,2025-12-08
42250647834,299,Member,Male,2.79,1,CHEESE,NATURAL CHEESE EXACT WT SLICES,2.79,3,2025-12-08
42250647834,299,Member,Male,2.5,1,DRIED FRUIT,DRIED FRUIT - OTHER,2.5,2,2025-12-08
42250647834,299,Member,Male,3.19,1,COLD CEREAL,ALL FAMILY CEREAL,3.19,3,2025-12-08
42250647834,299,Member,Male,1.5,1,CANDY - PACKAGED,CANDY BARS (SINGLES)(INCLUDING,1.5,2,2025-12-08
42276380021,319,Member,Male,2.88,1,SOFT DRINKS,SFT DRNK MLT-PK BTL CARB (EXCP,2.88,3,2025-12-10
42289820931,306,Member,Female,2.99,1,SALAD MIX,SALAD SPINACH,2.99,3,2025-12-11
42289820931,306,Member,Female,1.58,1,PASTA SAUCE,MAINSTREAM,1.58,2,2025-12-11
42289820931,306,Member,Female,2.475,2,CHICKEN,WHOLE CHICKEN (ROASTERS/FRYER),4.95,5,2025-12-11
42289820931,306,Member,Female,1.25,4,CHEESE,NATURAL CHEESE EXACT WT CHUNKS,5.0,5,2025-12-11
42289820931,306,Member,Female,0.69,1,HISPANIC,MEXICAN BEANS REFRIED,0.69,1,2025-12-11
42289820931,306,Member,Female,0.79,2,DRY MIX DESSERTS,PUDDINGS DRY,1.58,2,2025-12-11
42289820931,306,Member,Female,1.0,1,SALD DRSNG/SNDWCH SPRD,POURABLE SALAD DRESSINGS,1.0,1,2025-12-11
42289820931,306,Member,Female,1.25,4,CHEESE,NATURAL CHEESE EXACT WT CHUNKS,5.0,5,2025-12-11
42289820931,306,Member,Female,1.58,3,PASTA SAUCE,MAINSTREAM,4.74,5,2025-12-11
42289820931,306,Member,Female,1.02,1,TROPICAL FRUIT,BANANAS,1.02,1,2025-12-11
42289820931,306,Member,Female,0.79,2,DRY MIX DESSERTS,PUDDINGS DRY,1.58,2,2025-12-11
42289820931,306,Member,Female,2.05,1,FLUID MILK PRODUCTS,REFRIGERATED COFFEE CREAMERS,2.05,2,2025-12-11
42289820931,306,Member,Female,1.0,1,DRY NOODLES/PASTA,NOODLES DRY,1.0,1,2025-12-11
